situscity,dbaname,situsconcatshort,imprvunits,imprvyearbuilt,ownername,parcels,software,proof
PLANO,NORTHSIDE AT LEGACY I APARTMENTS,7560 BISHOP RD,793,2007,5765 BOZEMAN (TX) OWNER LP,4,,
PLANO,MAA MARKET CENTER I,3825 MAPLESHADE LN,772,2012,MAALP MARKET CENTER LLC,2,,
PLANO,CORTLAND WEST PLANO APARTMENTS,8100 MEMORIAL LN,769,2007,TX APT 8205 TOWNE MAIN DRIVE LP,3,,
PLANO,THE GIO APARTMENTS,5000 K AVE,730,1997,SREIT GIO APARTMENTS LLC,2,,
PLANO,LEGACY VILLAGE PHASE III,7008 BISHOP RD,720,2005,UDR LEGACY VILLAGE LLC,6,unknown,
PLANO,GRAND AT LEGACY WEST APARTMENTS,6080 WATER ST,621,2015,LW OWNER 1 LLC,2,,
PLANO,CORTLAND NORTH PLANO APARTMENTS,9601 CUSTER RD,548,1998,CUSTER TX PARTNERS LLC,1,unknown,
PLANO,THE BEACON,4060 BEACON SQUARE BLVD,539,2022,BEACON SQUARE ASSOCIATION INC,3,,
PLANO,ESTANCIA AT RIDGEVIEW RANCH APARTMENTS,10200 INDEPENDENCE PKWY,500,2006,ESTANCIA APARTMENT PARTNERS,1,,
PLANO,MAA LOS RIOS,4701 14TH ST,498,1999,MID-AMERICA APARTMENTS LP,1,,
PLANO,CREEKSIDE VILLAGE APTS,3400 PARK BLVD,480,1983,NSCC CREEKSIDE 12B LLC,1,,
PLANO,23HUNDRED @ RIDGEVIEW,2300 KATHRYN LN,480,1998,CH REALTY X MF PLANO 23 HUNDRED LP,1,,
PLANO,WINDHAVEN PARK  APARTMENTS,6201 WINDHAVEN PKWY,474,1990,AG-HILLTOP WINDHAVEN PROPERTY OWNER LP,1,,
PLANO,SAXONY AT CHASE OAKS APARTMENTS,300 LEGACY DR,470,1994,SAXONY AT CHASE OAKS PARTNERSHIP,1,,
PLANO,LA COSTA APARTMENTS,6100 OHIO DR,462,1991,WESTDALE LA COSTA TX LP,2,,
PLANO,EVOKE,1025 PRESTON RD,459,2016,BEAUMEADE EVOKE LLC &,1,,
PLANO,MISSION GATE APARTMENTS,8025 OHIO DR,434,1998,WRPV XIV MG PLANO LP &,1,,
PLANO,WESTSIDE APARTMENTS,1515 RIO GRANDE DR,412,1984,RRE BRENTDALE HOLDINGS LLC,1,Entrata,https://thewestsidepac.residentportal.com/
PLANO,VILLAS OF PRESTON CREEK APARTMENTS,6900 PRESTON RD,408,1992,FRANKEL FAMILY TRUST THE,2,,
PLANO,RIACHI AT ONE 21 APARTMENTS,9600 COIT RD,402,2007,MFREVF V - PLANO LP,1,,
PLANO,WINDSOR METRO WEST APARTMENTS,8055 WINDROSE AVE,401,2017,IMP METRO WEST LLC,1,,
PLANO,DORIAN,8401 MEMORIAL LN,398,2007,KV TRIBECA APARTMENTS LLC,1,RealPage,https://dorianandencore.loftliving.com/login
PLANO,VILLAS OF SPRING CREEK I APARTMENTS,6301 STONEWOOD DR,396,1999,SPRING CREEK VILLAS LP,2,,
PLANO,CENTRIC ONE90,680 EXECUTIVE DR,386,2014,TRG BUSH TURNPIKE LP,1,,
PLANO,CREEKSIDE AT LEGACY APARTMENTS,6300 WINDCREST DR,380,1996,KEY CREEKSIDE LLC,1,,
PLANO,FERRO,1005 11TH ST,379,2021,TB PLANO 1 LLC,1,Yardi,https://liveferro.securecafe.com/onlineleasing/ferro/guestlogin.aspx
PLANO,THORNBURY AT CHASE OAKS APARTMENTS,7101 CHASE OAKS BLVD,376,1994,PLANO PUBLIC FACILITY CORPORATION,1,,
PLANO,1201 PARK APARTMENTS,1201 E PARK BLVD,368,1996,1201 PARK PLANO ASSOCIATES LLC,1,,
PLANO,BENTLEY PLACE AT WILLOW BEND APARTMENTS,5945 W PARKER RD,368,1995,DALLAS BENTLEY I LP &,1,,
PLANO,CARRINGTON PARK APARTMENTS,3001 COMMUNICATIONS PKWY,364,1994,TREA CARRINGTON PARK LLC,1,,
PLANO,WINDSOR WEST PLANO,2100 LEGACY DR,363,2022,COLUMBIA LEGACY SQUARE LP,1,Yardi,https://windsorwestplano.securecafe.com/residentservices/windsor-west-plano/userlogin.aspx
PLANO,WATERFORD ON THE MEADOW APARTMENTS,1414 SHILOH RD,350,1984,H20 WATERFORD 12C LLC,1,,
PLANO,ONE 90 GATEWAY,3201 WYNWOOD DR,347,2021,PLANO HOUSING AUTHORITY,1,,
PLANO,LEGENDS AT CHASE OAKS APARTMENTS,701 LEGACY DR,346,1996,701 LEGACY DRIVE SPE LLC &,1,Yardi,https://sitemanager.rentcafe.com/residentservices/legends-at-chase-oaks-2/userlogin.aspx
PLANO,BROOKS ON PRESTON APARTMENTS,7200 PRESTON RD,342,1995,JANRIC ENTERPRISES LTD,1,,
PLANO,THE BUCKLEY,600 KISSIMMEE DR,338,2024,HERITAGE CREEKSIDE BLOCK A1 OWNER LLC,1,RealPage,https://thebuckleytx.loftliving.com/login
PLANO,COLONNADE AT WILLOW BEND APARTMENTS,1100 MEREDITH LN,338,1993,1100 MEREDITH LANE INC,2,,
PLANO,LVL 29 APARTMENTS,6000 COLUMBUS AVE,328,2017,NE WEST LEGACY LP,1,,
PLANO,VILLAS AT LEGACY APARTMENTS,5301 W SPRING CREEK PKWY,328,1999,JLLX VILLAS AT LEGACY DST,1,RealPage,https://villasatlegacyapts.activebuilding.com/login
PLANO,AVALON AT CHASE OAKS APARTMENTS,801 LEGACY DR,326,1991,PLANO PUBLIC FACILITY CORPORATION,1,,
PLANO,THE LUDLOW,601 BELPREE DR,326,2022,HERITAGE CREEKSIDE BLOCK B OWNER LLC,1,,
PLANO,AURA NORTHLINE,541 J PL,325,2024,TRG NORTHLINE LP,2,,
PLANO,MCDERMOTT PLACE APARTMENTS,8900 INDEPENDENCE PKWY,324,2000,HEITMAN CREDIT ACQUISITION XL LP,1,,
PLANO,LA VENTURA APARTMENTS,2600 VENTURA DR,324,1998,LA VENTURA PLANO LLC,1,,
PLANO,COTTONWOOD RIDGEVIEW,9100 INDEPENDENCE PKWY,322,2004,COTTONWOOD COURTNEY MANOR H LLC &,1,,
PLANO,GATEWAY CROSSING APTS,380 VISTACOURT DR,322,2014,BELL VALUE-ADD FUND VIII GATEWAY LP,1,,
PLANO,HUNTINGTON APARTMENTS,4925 RASOR BLVD,320,2016,FAIRFIELD HUNTINGTON LP,1,,
PLANO,PARK RESIDENCES PLANO,1109 PARK VISTA RD,318,2019,PARK RESIDENCES PLANO WEST LLC,2,,
PLANO,COLLIN CREEK APARTMENTS,2301 PEBBLE VALE DR,314,1988,PLANO PUBLIC FACILITY CORPORATION,1,,
PLANO,PARKSIDE AT LEGACY V APTS,5745 BOZEMAN DR,310,2011,5765 BOZEMAN (TX) OWNER LP,1,,
PLANO,LAKESHORE AT PRESTON APARTMENTS,3700 PRESTON RD,302,1991,SIMFA LAKESHORE FEE SIMPLE LLC,1,,
PLANO,AXIS 3700,3700 MAPLESHADE LN,300,2014,APARTMENTS AXIS SPE LLC &,1,,
PLANO,WATERS EDGE APARTMENTS,5000 WHITESTONE LN,300,1997,SAGAR EDGE MASTER LLC,1,,
PLANO,SHERIDAN PARK AT SPRING CREEK APARTMENTS,2001 E SPRING CREEK PKWY,300,1997,SPRING CREEK FEE OWNER LLC,1,,
PLANO,KINCAID AT LEGACY APARTMENTS,7200 DALLAS PKWY,300,2017,KINCAID AT LEGACY TEXAS LLC,1,,
PLANO,SUMMERS CROSSING APARTMENTS,1500 PRESTON RD,294,1985,PLANO PUBLIC FACILITY CORPORATION,1,,
PLANO,LEGACY NORTH,5765 BOZEMAN DR,293,2009,5765 BOZEMAN (TX) OWNER LP,1,Entrata,https://legacynorthapts.residentportal.com/auth
PLANO,CROSS CREEK APARTMENTS,7401 ALMA DR,290,1983,ANNE MAYA - PLANO LLC &,1,Yotta,https://adaraportal.yottareal.com/dba/dba-amenities?dbaid=42&dbaid=42
PLANO,RANCH AT RIDGEVIEW APARTMENTS,2901 RIDGEVIEW DR,288,1998,RAR PLANO LLC,1,,
PLANO,WINDSOR PRESTON,7950 PRESTON RD,288,2018,ALTA 289 LLC,1,,
PLANO,FOX TRAILS APARTMENTS,6300 ROUNDROCK TRL,286,1981,FOX PARTNERS LLC,1,,
PLANO,JUNCTION 15 APARTMENTS,930 E 15TH ST,279,2013,TR JUNCTION 15 LLC,1,,
PLANO,BELLEVUE AT SPRING CREEK APARTMENTS,2401 W SPRING CREEK PKWY,278,1982,SPRING CREEK 278 LLC,1,,
PLANO,CAMDEN LEGACY PARK APARTMENTS,6600 PRESTON RD,276,1995,2009 COLP COMMUNITY OWNER LLC,1,,
PLANO,HUNTERS GLEN APARTMENTS,6400 INDEPENDENCE PKWY,276,1980,6400 INDEPENDENCE PLANO LLC,1,Yardi,https://thehuntersglen.securecafe.com/residentservices/hunters-glen2/userlogin.aspx
PLANO,PRESTONWOOD HILLS APARTMENTS,6601 W PLANO PKWY,272,1996,RJW PRESTONWOOD HILLS LP,1,,
PLANO,WINDSOR AT LEGACY,6400 WINDCREST DR,270,1998,MAINSTAY LEGACY PLANO LP,1,,
PLANO,THE EMORY,1345 14TH ST,270,2023,GRAYCO PLANO INVESTMENT 2022 LP,1,Entrata,https://theemoryplano.residentportal.com/
PLANO,MARQUIS AT LEGACY APARTMENTS,6820 PRESTON RD,268,1990,CWS BELL LP & CWS WWL LEGACY LP,1,,
PLANO,COTTAGES AT TULANE APARTMENTS,2600 PRESTON RD,268,1990,BRISTLECONE TEXAS LTD,1,,
PLANO,EVANA GROVE,3500 HILLRIDGE DR,266,1970,LURIN REAL ESTATE HOLDINGS LXIII LLC,1,,
PLANO,ELLINGTON,4701 PRESTON PARK BLVD,266,1995,S2 PRESTON PARK LP,1,,
PLANO,AMLI WEST PLANO,5961 W PARKWOOD BLVD,264,2014,PPF AMLI WEST PLANO VILLAGE LP,1,,
PLANO,PARKER APARTMENTS,4701 CHARLES PL,264,1997,PLANO GFPG LLC,1,,
PLANO,RESIDENCES AT PROMONTORY,4700 W SPRING CREEK PKWY,264,2023,PROMONTORY RESIDENTIAL LP,1,Yardi,https://theresidencesatpromontory.securecafe.com/onlineleasing/the-residences-at-promontory/register.aspx
PLANO,FAIRWAY APARTMENTS,1705 COIT RD,256,1979,FAIRWAY GARDENS LP,1,,
PLANO,PARK AT GATEWAY APARTMENTS,355 VISTAGLEN DR,255,2016,BELL VALUE-ADD FUND VIII GATEWAY LP,1,,
PLANO,LAKESIDE AT LEGACY VILLAGE APARTMENTS I & II,7001 PARKWOOD BLVD,255,2003,UDR LEGACY VILLAGE LLC,1,,
PLANO,BELL GATEWAY VILLAGE,350 VISTA COURT DR,254,2012,BELL VALUE-ADD FUND VIII GATEWAY LP,1,,
PLANO,BEL AIR DOWNTOWN,1404 VONTRESS ST,253,2001,BEL AIR MULTI 50 LLC &,2,Yardi,https://belairdowntown.securecafenet.com/residentservices/bel-air-downtown/userlogin?dropdownlangid=999
PLANO,EVERGREEN AT PLANO APTS SENIOR CHODO,600 INDEPENDENCE PKWY,250,2004,PWA-PLANO INDEPENDENCE SENIOR COMMUNITY LP,1,,
PLANO,KIA ORA PARK APARTMENTS,9300 COIT RD,250,2006,EQR-KIA ORA PARK LP,1,,
PLANO,VILLAS AT CHASE OAKS APARTMENTS,600 LEGACY DR,250,1986,WWC CHASE OAKS LP,1,,
PLANO,LEGACY APARTMENTS,6909 CUSTER RD,244,1984,CORNERSTONE LEGACY LP,1,,
PLANO,OLD SHEPARD PLACE APARTMENTS,1520 PRESTON RD,244,1990,PROPERTY RESERVE INC,1,,
PLANO,ENCORE APARTMENTS,4700 TRIBECA LN,240,2011,KV ENCORE APARTMENTS LLC,1,RealPage,https://dorianandencore.loftliving.com/login
PLANO,GARDEN GATE APARTMENTS CHODO,1201 LEGACY DR,240,1994,GARDEN GATE PL ACQUISITION LP,1,,
PLANO,CAMDEN LEGACY CREEK APARTMENTS,6400 OHIO DR,240,1994,CAMDEN OPERATING LP,1,,
PLANO,POINT AT DEERFIELD APARTMENTS,4640 HEDGCOXE RD,240,1998,PASKIN PROPERTIES - 4640 HEDGECOXE LLC &,1,,
PLANO,PLAZA AT CHASE OAKS SENIOR CHODO,7100 CHASE OAKS BLVD,240,2005,UNIFIED HOUSING OF CHASE OAKS LLC,1,,
PLANO,TOWNS OF CHAPEL HILL APARTMENTS,6201 CHAPEL HILL BLVD,232,1997,TOWNS OF CHAPEL HILL APTS LP,1,,
PLANO,CUSTER PARK APARTMENTS,3400 CUSTER RD,232,1978,PRICEBLU CUSTER LLC,1,,
PLANO,WOODLANDS OF PLANO APARTMENTS TC,1300 RIGSBEE DR,232,1968,CLOVER WOODLANDS PLANO OWNER LLC,1,,
PLANO,HATHAWAY AT WILLOW BEND,2525 PRESTON RD,229,1984,WINSTON GT HOLDINGS LP &,1,,
PLANO,THE OAKS AT PLANO,5000 OLD SHEPARD PL,224,1991,PRESTON OLD SHEPARD TITLEHOLDER LLC,1,,
PLANO,CONSERVATORY AT PLANO SENIOR APARTMENTS,6401 OHIO DR,222,2006,CONSERVATORY SENIOR HOUSING AT CHAMPION FOREST LP & ETAL,1,,
PLANO,BIRCHSTONE RESIDENTIAL,2523 OHIO DR,220,1984,HOP BORROWER LLC,1,,
PLANO,ATRIA CANYON CREEK SENIOR APTS,440 INDEPENDENCE PKWY,213,2007,VTR PLANO LLC,1,,
PLANO,MAA LEGACY APARTMENTS,5741 MARTIN RD,213,1999,MAA WWARRS LLC,1,,
PLANO,LUXIA PRESTON,4950 BROADWAY DR,212,2020,LUXIA PRESTON LLC,1,,
PLANO,LEGACY TOWN NORTH PHASE IV APTS,7840 CLARA DR,210,2010,5765 BOZEMAN (TX) OWNER LP,1,,
PLANO,RESERVE AT PEBBLE CREEK APARTMENTS,3800 PEBBLE CREEK CT,208,1998,PEBBLE CREEK GARDENS LP,1,,
PLANO,SOMERSET AT SPRING CREEK APARTMENTS,3801 W SPRING CREEK PKWY,208,1999,SPRING CREEK GARDENS LP,1,,
PLANO,LEIGHTON APARTMENTS,1717 INDEPENDENCE PKWY,208,1978,INDEPENDENCE RES LLC,3,,
PLANO,THE WEXLEY,5401 INDEPENDENCE PKWY,204,1983,HARVESTREE OWNER LLC,1,,
PLANO,MAA HIGHWOOD APARTMENTS,2401 OHIO DR,196,1983,MID-AMERICA APARTMENTS LP,1,,
PLANO,WELLINGTON AT WILLOW BEND APARTMENTS,3200 PARKWOOD BLVD,194,1991,WELLINGTON APARTMENTS UI LLC & DEMING CENTRAL WELLINGTON LLC &,1,,
PLANO,GROVE PARK APARTMENTS,1705 JUPITER RD,188,1975,BUMPUS DONALD R GRANTOR TRUST THE,1,,
PLANO,MORADA PLANO APARTMENTS,1009 14TH ST,183,2017,TIMBERS PLANO PARTNERS LLC - ETAL,2,Yardi,https://moradaplano.securecafenet.com/residentservices/morada-plano1/userlogin
PLANO,GREENBRIAR APARTMENTS,1901 W SPRING CREEK PKWY,182,1983,PRICE GREENBRIAR PLANO LLC,1,,
PLANO,HERITAGE AT LAKESIDE APARTMENTS,5900 BAYWATER DR,181,1999,HERITAGE AT LAKESIDE PROPERTY OWNER LLC,1,,
PLANO,BRIDGE AT HERITAGE CREEK APARTMENTS,1550 W PLANO PKWY,180,2015,BRIDGE AT HERITAGE CREEKSIDE I LLC THE,1,RealPage,https://7613495.onlineleasing.realpage.com/
PLANO,LIVINGSTON APARTMENTS,6301 WINDHAVEN PKWY,180,1998,GP-RPC LIVINGSTON LLC,1,,
PLANO,MARIPOSA AT COMMUNICATIONS PARKWAY SENIOR - TC,6820 COMMUNICATIONS PKWY,180,2022,MARIPOSA COMMUNICATIONS PARKWAY LP,1,,
PLANO,ORCHARDS MARKET PLAZA SENIOR APTS,3640 MAPLESHADE LN,178,2019,CSH PLANO ACT LLC,1,,
PLANO,THE HOLLAND,8020 WINDROSE AVE,175,2025,LW RESIDENTIAL PARTNERS LP,1,,
PLANO,POST LEGACY APARTMENTS,5721 HENRY COOK BLVD,171,1999,MAA WWARRS LLC,1,,
PLANO,OVERTURE PLANO SENIOR APARTMENTS,500 COIT RD,168,2015,DHC HYB SLC PROPERTIES LLC,1,,
PLANO,THE CALVIN,2501 OHIO DR,167,1995,RC CALVIN LLC,1,,
PLANO,INSTRATA AT LEGACY WEST,7850 COMMUNICATIONS PKWY,161,2019,LW OWNER 2 LLC,1,,
PLANO,PRESERVE AT PRESTON,2525 OHIO DR,160,1985,HOP BORROWER LLC,1,,
PLANO,LYDIAN APARTMENTS,2821 TOWNBLUFF DR,160,1976,TOWNBLUFF RES LLC,1,,
PLANO,PARK SPRINGS TOWNHOMES APARTMENTS,900 S MEDALIST CIR,148,1985,PARK SPRINGS TEXAS LLC,1,,
PLANO,NOVUM INDEPENDENT LIVING,8120 PRESTON RD,147,2024,PLANO OWNER LLC,1,,
PLANO,BRIDGE AT HERITAGE CREEKSIDE,1550 W PLANO PKWY,146,2015,BRIDGE AT HERITAGE CREEKSIDE I LLC THE,1,RealPage,https://7613495.onlineleasing.realpage.com/
PLANO,CHISHOLM PLACE APARTMENTS,1001 W PARK BLVD,142,1981,1001 CHISHOLM LLC,1,,
PLANO,LINK AT PLANO,1013 15TH PL,142,2000,COVEY PLANO LP,1,,
PLANO,HIGHPOINT TOWNHOMES,6500 E MEDALIST CIR,140,1985,URBAN HIGH POINT LP,1,,
PLANO,WINDSOR PLACE APTS,3535 14TH ST,140,1983,WINDSOR PLACE EQUITY ENTERPRISES LLC,1,,
PLANO,PLANO PARK TOWNHOMES,2253 ASHLEY PARK DR,140,1985,ASHLEY PARK TOWNHOMES LLC,1,,
PLANO,PATRIOT PARK APARTMENTS CHODO,701 13TH 14TH CONNECTOR,139,2019,PLANO FAMILY 001 LP,1,,
PLANO,WATERFORD AT PLANO A SENIOR APARTMENTS,3401 PREMIER DR,136,1999,TRIAD SENIOR LIVING II LP,1,,
PLANO,TWIN RIVERS AT COLLIN CREEK SENIOR LIVING,1717 ALMA DR,136,2021,TWIN RIVERS AT COLLIN CREEK LTD,1,,
PLANO,VILLAS OF MISSION BEND SENIOR APARTMENTS TC,1201 MEDICAL AVE,135,1999,M N PLANO LTD,1,,
PLANO,ALTA VISTA APARTMENTS,700 18TH ST,133,1962,ALTA VISTA APARTMENTS & TJFL LEGACY LP,1,,
PLANO,LANGDON AT SPRING CREEK,6501 INDEPENDENCE PKWY,124,1999,NEVADA VI GD LLC,1,,
PLANO,HORIZON AT PREMIER,3409 PREMIER DR,122,2016,STARBOARD PREMIER DST,1,Yardi,https://tours-horizonatpremier.securecafe.com/residentservices/avilla-premier0/userlogin.aspx
PLANO,SOLSTICE SENIOR LIVING,1940 W SPRING CREEK PKWY,115,1999,WINTERFELL COTTONWOOD (TX) OWNER LLC,1,,
PLANO,BEL AIR K STATION,1013 15TH PL,103,2000,COVEY PLANO LP,1,,
PLANO,GALA AT PREMIER SENIOR TC,2425 PREMIER DR,97,2021,GALA AT PREMIER LP,1,,
PLANO,VILLAS APARTMENTS,659 E 16TH ST,96,1971,VDS EAT LLC,1,,
PLANO,TUSCANY VILLAS AT CHASE OAKS SENIOR CHODO,7112 CHASE OAKS BLVD,90,2011,UHF TUSCANY VILLAS HOUSING LP,1,,
PLANO,AMBER VISTA APARTMENTS,1901 E 15TH ST,88,1970,TTEP AMBER VISTA LLC,1,,
PLANO,SHILOH PARK,3500 E PARK BLVD,73,1999,SHILOH PARK TOWNHOMES LLC,1,,
PLANO,COBBLESTONE CONDOS,3140 DEVONSHIRE DR 248,71,1984,COBBLESTONE CONDOS 71 LP,1,,
PLANO,ASPEN COURT APARTMENTS,1600 AMELIA CT,70,1985,AMELIA 77 LLC,1,,
PLANO,ACQUA AT LEGACY VILLAGE APARTMENTS,5760 DANIEL RD,64,2006,UDR LEGACY VILLAGE LLC,1,,
PLANO,VILLAS DEL SOL I & II APARTMENTS,1809 G AVE,60,1950,VDS EAT LLC,1,,
PLANO,@ 15TH ST APARTMENTS,1200 E 15TH ST,52,2020,2016 OLD TOWN PLANO EAST LTD,1,,
PLANO,RIDGEVIEW PARK TOWNHOMES,3520 MAXWELL DR,48,2006,MFREVF V - PLANO LP,1,,
PLANO,PLEASANT PARK APARTMENTS,2301 K AVE,32,1962,PLEASANT PARK APTS LLC,1,,
PLANO,SILVERWOOD VILLAGE TOWNHOMES,1842 SILVERWOOD LN,28,1986,SILVERWOOD TOWNHOUSES INC,1,,
PLANO,COURTYARD APARTMENTS,1600 E 15TH ST,28,1960,HIH COURTYARD LLC,1,,
PLANO,BELLEVIEW WEST APARTMENTS,1403 15TH PL,24,1967,BELLEVIEW PLACE LLC,1,,
PLANO,TOURAINE APARTMENTS,1514 E 15TH ST,24,2019,BLESSINGS HOME LLC,1,,
PLANO,GRINDSTONE II APARTMENTS,1604 L AVE,22,1968,OHIO PLAZA LLC,1,,
PLANO,BELLEVIEW EAST APARTMENTS,1407 15TH PL,21,1972,BELLEVIEW PLACE LLC,1,,
PLANO,TEXAS STAR APARTMENTS,1504 E 15TH ST,20,1983,CY TOWNHOMES LLC,1,,
PLANO,MAGNOLIA ON 16TH,1201 E 16TH ST,20,1965,OHIO PLAZA LLC,1,,
RICHARDSON,MARQUIS AT WATERVIEW APARTMENTS,800 W RENNER RD,528,1996,WATERVIEW MARQUIS LP &,1,Yardi,https://marquiswaterview.securecafe.com/residentservices/marquis-at-waterview/userlogin.aspx
RICHARDSON,RESERVE AT SPRING CREEK APARTMENTS,2710 ROUTH CREEK PKWY,458,2017,JDFW (RESERVE) LLC,1,Yardi,https://liveatreserve.securecafenet.com/residentservices/reserve-at-spring-creek-apartments/userlogin
RICHARDSON,CLEARWATER CREEK APARTMENTS,4000 E RENNER RD,442,2000,SOUTHWEST CLEARWATER CREEK PARTNERS LP,2,,
RICHARDSON,VANTAGE AT SPRING CREEK,2810 ROUTH CREEK PKWY,420,2017,TREA ROUTH CREEK TX OWNER LP,1,,
RICHARDSON,JAMES AT CANYON CREEK,850 GREENSIDE DR,415,2018,CF JAMES MULTIFAMILY DST,1,Yardi,https://thejamesatcanyoncreek.securecafenet.com/residentservices/cortland-canyon-creek/userlogin
RICHARDSON,HOMES OF PRAIRIE SPRINGS APARTMENTS,280 W RENNER RD,408,1995,OTR,1,,
RICHARDSON,NORTHSIDE PHASE 4,800 CECIL DR,387,2020,NORTHSIDE CAMPUS PARTNERS 4,1,,
RICHARDSON,PRADERA APARTMENTS,851 GREENSIDE DR,360,2008,PBONE PRADERA LLC,1,Yardi,https://thepradera.securecafe.com/onlineleasing/the-pradera-0/guestlogin.aspx
RICHARDSON,ESTATES OF RICHARDSON,905 W PRESIDENT GEORGE BUSH HWY,360,2013,FRANKEL FAMILY TRUST,1,RealPage,https://property.onesite.realpage.com/welcomehome?siteId=3835684#url=%23login
RICHARDSON,SYNC CITYLINE,120 W CITYLINE DR,354,2016,SYNC CITYLINE LP,1,,
RICHARDSON,AXIS 110,110 W CITYLINE DR,351,2015,AREIT DALLAS CITYLINE LLC,1,Yardi,https://axis110.securecafe.com/residentservices/axis-1100/userlogin.aspx?ssid=6e9a3d3d8b7d53cd6a7eea3a2899ef89
RICHARDSON,LOFTS AT PALISADES,2525 EMPIRE DR,343,2016,LOFTS AT PALISADES LLC,1,,
RICHARDSON,NORTHSIDE I,3000 NORTHSIDE BLVD,313,2016,NORTHSIDE CAMPUS PARTNERS LP,1,,
RICHARDSON,REGISTER APARTMENTS,3520 WILSHIRE WAY,306,2019,REGISTER RICHARDSON LLC THE,1,Yardi,https://theregisterapts.securecafenet.com/residentservices/the-register1/userlogin
RICHARDSON,WINDSOR CITYLINE,1250 HUNT ST,299,2015,IMP CITYLINE LLC,1,,
RICHARDSON,STANDARD AT CITYLINE APARTMENTS PH 1,1125 E RENNER RD,276,2014,PRICE STANDARD AT CITYLINE LP,1,,
RICHARDSON,NORTHSIDE PHASE 2,3100 NORTHSIDE BLVD,275,2017,NORTHSIDE CAMPUS PARTNERS 2 LP,1,,
RICHARDSON,THE RILEY,3551 WILSHIRE WAY 1,269,2016,GARLAND HOUSING FINANCE CORPORATION,1,,
RICHARDSON,NORTHSIDE PHASE 3,750 SYNERGY PARK BLVD,246,2019,NORTHSIDE CAMPUS PARTNERS 3 LP,1,,
RICHARDSON,CANTERBURY COURTS APARTMENTS,2600 E RENNER RD,240,1992,D CANTERBURY LLC,1,,
RICHARDSON,LYLA APARTMENTS,3521 WILSHIRE WAY,237,2016,LYLA OWNER LLC,1,,
RICHARDSON,BELL CITYLINE,1230 E CITYLINE DR,236,2017,BCF I CITYLINE LLC,1,,
RICHARDSON,CORTLAND PRAIRIE CREEK APARTMENTS,3560 ALMA RD,236,1996,PRAIRIE CREEK APTS LLC,1,,
RICHARDSON,ANTHEM CITYLINE,1250 STATE ST,233,2014,ANTHEM AT CITYLINE/PT-SPE LLC,1,RealPage,https://anthematcityline.activebuilding.com/login
RICHARDSON,FLATS AT PALISADES,2625 EMPIRE DR,232,2016,FLATS AT PALISADES LLC,1,,
RICHARDSON,CORTLAND PRAIRIE CREEK VILLAS II APARTMENTS,3560 ALMA RD,228,1998,PRAIRIE CREEK APTS LLC,1,,
RICHARDSON,BRECKINRIDGE POINT APARTMENTS,4250 E RENNER RD,226,1998,BRECKINRIDGE POINT TX LLC,1,,
RICHARDSON,BRECKENRIDGE POINT APARTMENTS,3500 NORTH STAR RD,214,1998,BRECKINRIDGE POINT TX LLC,1,,
RICHARDSON,CITYLINE PARK,1130 E CITYLINE DR,199,2017,BCF I CITYLINE LLC,1,,
RICHARDSON,EVERGREEN AT RICHARDSON SENIOR CHODO,3551 NORTH STAR RD,170,2011,EVERGREEN RICHARDSON SENIOR COMMUNITY LP,1,,
RICHARDSON,CREEKSIDE TOWNHOMES,3650 CUSTER PKWY,162,2012,CUSTER CREEKSIDE LLC,1,,
RICHARDSON,VILLAGES AT CLEAR SPRINGS APARTMENTS,2600 CLEAR SPRINGS DR,160,1997,VILLAGES RESIDENCES LP,1,,
RICHARDSON,ROYAL ARMS APARTMENTS,2811 CUSTER PKWY,129,1970,ROLLING CASH ROYAL ARMS LP,1,,
RICHARDSON,STANDARD AT CITYLINE  APARTMENTS PH 2,1225 E RENNER RD,127,2013,PRICE STANDARD AT CITYLINE LP,1,,
RICHARDSON,FOUNDATION AT CITYLINE APARTMENTS,601 W RENNER RD,88,1979,FOUNDATION APARTMENTS WAGERMAN LLC &,1,,
RICHARDSON,YORKSHIRE APARTMENT HOMES,3601 SHIRE BLVD,56,2013,MIYAMA USA DUCK CREEK INC,1,,
