part,date,source,subreddit,title,quote,url,companies,sentiment,city,building_id,building,warm_lead,score
rivals,2026-09-03,reddit,Renters,"Ch.7 Bankruptcy Approval (Houston,TX)","Hey all. I have a question pertaining to a rental screening for an apartment. The property in question is using a third party called RealPage for their screenings. I have a discharged bankruptcy on my credit report. Assuming all other criteria are within guidelines for an approval(income, criminal,…",https://www.reddit.com/r/Renters/comments/1w6o70c/ch7_bankruptcy_approval_houstontx/,RealPage,angry,Houston,,,,1
rivals,2026-07-02,reddit,SomervilleAudit,What about Austin?,"Austin is the case study that supply advocates love most and understand least. Let's go through exactly what actually happened there because the zoning reform narrative credits the wrong variable for every outcome.

The Austin rent spike had almost nothing to do with zoning. Between 2019 and 2022 A…",https://www.reddit.com/r/SomervilleAudit/comments/1ul784s/what_about_austin/,Yardi,happy,Austin,,,,0
rivals,2026-02-09,reddit,realestatedaily,From Surge to Shakeout: Where Apartment Rents Are Falling Fastest,**From Surge to Shakeout: Where Apartment Rents Are Falling Fastest** [Link](https://www.realpage.com/analytics/4q-2025-data-update/?utm_source=www.zeroflux.io&utm_medium=newsletter&utm_campaign=gen-x-millennials-set-to-inherit-trillions-in-real-estate-wealth&_bhlid=d22c98f1eedd1b0a579927b8151d13a0…,https://www.reddit.com/r/realestatedaily/comments/1r0b5g1/from_surge_to_shakeout_where_apartment_rents_are/,RealPage,neutral,,,,,3
rivals,2026-01-21,reddit,askaustin,Has anyone used Bungalow?,"Hi friends! I’m renting a room through Bungalow and would like to know if anyone here is also using bungalow? 

I’m about to move in to a house in Austin next week but trying to contact someone for questions has been challenging.

Can someone enlighten me on who do you contact or if you know of a d…",https://www.reddit.com/r/askaustin/comments/1qjcz3l/has_anyone_used_bungalow/,AppFolio,neutral,Austin,,,,4
rivals,2025-12-09,reddit,PM_Nerdcore,What's happening?? Upcoming Industry Events. Not listed? Drop yours here.,"[Future by Appfolio:](https://www.futureconference.com/) September 28-30, 2026 San Diego, CA: At this year's FUTURE Conference, we shaped the future of real estate, together. With 90+ inspiring speakers, 45+ insightful sessions.

[NARPM® Broker Owner:](https://www.narpmbrokerowner.org/) April 28-30…",https://www.reddit.com/r/PM_Nerdcore/comments/1pijl4x/whats_happening_upcoming_industry_events_not/,AppFolio,neutral,,,,,1
rivals,2025-12-01,reddit,law,"AI companies have a right to set New York rent prices, lawsuit says — Texas-based firm RealPage seeks to block a new New York state law that bans algorithmic rent pricing.","AI companies have a right to set New York rent prices, lawsuit says — Texas-based firm RealPage seeks to block a new New York state law that bans algorithmic rent pricing.",https://www.reddit.com/r/law/comments/1pblh19/ai_companies_have_a_right_to_set_new_york_rent/,RealPage,angry,,,,,52
rivals,2025-11-29,reddit,MarylandRenters,"RealPage settles DOJ suit, promptly sues New York over its ban of the software","From [NPR](https://www.npr.org/2025/11/25/g-s1-99331/realpage-rent-algorithm-limits-settlement):

>Landlords could no longer rely on rent-pricing software to quietly track each other's moves and push rents higher using confidential data, under a settlement between RealPage Inc. and federal prosecut…",https://www.reddit.com/r/MarylandRenters/comments/1p9e2m0/realpage_settles_doj_suit_promptly_sues_new_york/,RealPage,neutral,,,,,1
rivals,2025-11-28,reddit,WhatTrumpHasDone,DOJ and RealPage Agree to Settle Rental Price-Fixing Case,"The Department of Justice and Texas software-maker RealPage announced Monday that they have reached a settlement in a case involving price-fixing allegations in some of the nation’s largest rental markets.

At issue was algorithmic rent-setting software the tech company sold that prosecutors said e…",https://www.reddit.com/r/WhatTrumpHasDone/comments/1p8xkug/doj_and_realpage_agree_to_settle_rental/,RealPage,angry,,,,,2
rivals,2025-11-24,reddit,LateStageCapitalism,Nation’s Largest Landlord Is Encouraged to Break the Law With Measly Fine for Price Fixing Scheme That Kept Rents Artificially High and Worsened Homelessness Crisis | naked capitalism,"""It might have gotten lost amid the daily onslaught of whiplash news, but on Thursday, the nation’s largest landlord, Greystar, reached a **$7 million** settlement with nine states that sued the property management giant for fixing rental prices. Greystar and other mega landlords used common softwa…",https://www.reddit.com/r/LateStageCapitalism/comments/1p5vu0f/nations_largest_landlord_is_encouraged_to_break/,RealPage,angry,,,,,144
rivals,2025-09-22,reddit,ourtownreno,RealPage Reaches Deal with Nevada Over Alleged Rent Pricing Collusion,"The Texas-based real estate software firm RealPage last Friday settled a lawsuit by the Nevada attorney general which had accused the company of violating the state’s unfair trade practices law, by allowing apartment property managers to illegally collude on rental pricing.   
  
RealPage still fac…",https://www.reddit.com/r/ourtownreno/comments/1nnqg7a/realpage_reaches_deal_with_nevada_over_alleged/,RealPage,angry,,,,,9
buildings,2026-08-20,reddit,dfw,Power loss history in Grapevine area?,Howdy! On the North West border of the DFW airport are a few apartments like MAA Grapevine where power loss seems to be super common right now due to the heat. I wanted to know if yall had the same experience AND if anyone knew if it has been like this through our few snow/ice/blizzard weeks in the…,https://www.reddit.com/r/dfw/comments/1vtvdr3/power_loss_history_in_grapevine_area/,,neutral,Grapevine,tx-123,Maa Grapevine,,3
buildings,2026-08-10,reddit,Dallasdevelopment,Update: Mockingbird Station East,Full credit goes to ahx0 on Dallas Metropolis: https://dallasmetropolis.com/dfwu/viewtopic.php?p=60131#p60131,https://www.reddit.com/r/Dallasdevelopment/comments/1vk7nx3/update_mockingbird_station_east/,,neutral,Dallas,tx-31,Mockingbird Station East Phase 2 Multifamily,,55
buildings,2026-07-07,reddit,Dallasdevelopment,Update: Mockingbird Station East,Full credit goes to ahx0 on Dallas Metropolis: https://dallasmetropolis.com/dfwu/viewtopic.php?p=59728#p59728,https://www.reddit.com/r/Dallasdevelopment/comments/1upzabe/update_mockingbird_station_east/,,neutral,Dallas,tx-31,Mockingbird Station East Phase 2 Multifamily,,43
buildings,2026-05-30,reddit,AskHouston,Has anyone lived at these apartments? Moving to Houston from out of state,"Hi everyone! I'm planning a move to the Houston  from another state and will be touring apartments soon.

Has anyone lived at any of these apartments?

• Caroline Uptown West  
• Milano Apartments  
• Briar Forest Lofts  
• Vista at Park Row  
• Seacrest Apartments

I'd love to hear your honest exp…",https://www.reddit.com/r/AskHouston/comments/1ts6gn6/has_anyone_lived_at_these_apartments_moving_to/,,happy,Houston,tx-64,Park Row Apartments,,7
buildings,2026-01-06,reddit,Dallas,Mockingbird Station East finally breaks ground!,Seems like this project has taken forever and a minute to get going. This should be a great addition that will hopefully encourage more development around DART stations.,https://www.reddit.com/r/Dallas/comments/1q5pv3d/mockingbird_station_east_finally_breaks_ground/,,happy,Dallas,tx-31,Mockingbird Station East Phase 2 Multifamily,,105
buildings,2025-12-15,reddit,AskHouston,"Moving to Houston, trying to narrow down apartments","Currently I am looking at Cortland West Houston, The Vic at Park Row, and San Paloma Apartments. 

I had a couple others (Caroline at Memorial was probably the one I liked most), but removed them as they are managed by GreyStar (avoid at all costs from what I’m seeing). 

I’ll be working in the ene…",https://www.reddit.com/r/AskHouston/comments/1pmu49z/moving_to_houston_trying_to_narrow_down_apartments/,,angry,Houston,tx-64,Park Row Apartments,,7
buildings,2025-11-18,reddit,Richardson,Accommodation available,"*Looking for a female roommate!*
Temporary shared accommodation available @vantage at spring creek from mid-November.

• It’s a fully furnished 1b1b apartment.
• Rent: $800 including utilities.
• Community is one of the best around Richardson. 
It’s close to cityline, Infosys, and UTD.

DM if inter…",https://www.reddit.com/r/Richardson/comments/1ozxwr7/accommodation_available/,,happy,Richardson,plano-richardson-l8,Vantage At Spring Creek,,3
buildings,2025-11-03,reddit,TheHEB,Oak Park Euless,"If you’re looking for an apartment in DFW, Euless, Dallas area, avoid Oak Park at all costs. Your rent bill will look like an AT&T bill. Multiple extra charges. The staff is extremely disrespectful once you’re moved in. Maintenance does not respond to issues in a timely manner. No heat for a week. …",https://www.reddit.com/r/TheHEB/comments/1ongsp3/oak_park_euless/,,angry,Euless,tx-160,Oak Park,,5
buildings,2025-10-16,reddit,Richardson,Furloughed and Struggling to Pay Rent — Apartment Complex Refusing to Waive Late Fees (Texas),"Hi everyone,

I’ve been on furlough for 16 days now and I’m really trying my best to work with my apartment complex, **Vantage at Spring Creek**. I notified them on **October 1st** that I had been furloughed and even provided my **signed furlough letter**. I explained that I might have issues payin…",https://www.reddit.com/r/Richardson/comments/1o88zv9/furloughed_and_struggling_to_pay_rent_apartment/,,angry,Richardson,plano-richardson-l8,Vantage At Spring Creek,,14
buildings,2025-10-03,youtube,,Parks at Treepoint Apartments in Arlington Texas - parksattreepoint.com - 1BD 1BA Apartment For Rent,Parks at Treepoint Apartments in Arlington Texas - parksattreepoint.com - 1BD 1BA Apartment For Rent,https://www.youtube.com/watch?v=m-XZdV2soXg,,neutral,Arlington,tx-199,Parks At Treepoint Apts,,111
buildings,2025-10-03,youtube,,Parks at Treepoint Apartments in Arlington Texas - parksattreepoint.com - 1BD 1BA Apartment For Rent,Parks at Treepoint Apartments in Arlington Texas - parksattreepoint.com - 1BD 1BA Apartment For Rent,https://www.youtube.com/watch?v=MqIoQRAQZlY,,neutral,Arlington,tx-199,Parks At Treepoint Apts,,80
buildings,2025-08-21,reddit,Richardson,Galatyn Station vs Vantage at Spring Creek vs GreenVue vs MAA Eastside,"Hi everyone!

I'm looking to move to Richardson, living alone. I have narrowed it down to a few apartments around the area:

\- Galatyn Station

\- Vantage at Spring Creek

\- GreenVue

\- MAA Eastside

I'd prefer my apartment to have elevator, balcony, safety, gated community (not a must if it's s…",https://www.reddit.com/r/Richardson/comments/1mwgf0a/galatyn_station_vs_vantage_at_spring_creek_vs/,,neutral,Richardson,plano-richardson-l8,Vantage At Spring Creek,,5
buildings,2025-08-01,reddit,legaladvice,The Cooper Fort Worth apartment fire--management claiming total loss and not allowing for retrieval of personal belongings,"Location: Fort Worth, TX  
I was one of 834 residents displaced June 23 due to an apartment fire caused by an HVAC explosion on the roof. The property management has been the opposite of helpful, not communicating with us and has NEVER allowed anyone in my building re-entry to collect their belongi…",https://www.reddit.com/r/legaladvice/comments/1mel7qy/the_cooper_fort_worth_apartment_firemanagement/,,happy,Fort Worth,tx-285,The Cooper,,0
buildings,2025-07-02,reddit,plano,The Grand at Legacy West,Anyone have any experience living here? Seems like a great location. Don't really mind the noise and appreciate there being a lot right down stairs. Any advice would be appreciated! Sorry for another apartment post!,https://www.reddit.com/r/plano/comments/1lple2n/the_grand_at_legacy_west/,,happy,Plano,plano-richardson-l22,Grand At Legacy West Apartments,,5
buildings,2025-06-26,reddit,Dallas,Dallas-Fort Worth organizations raise funds for over 800 displaced in apartment fire,"*Timia Cobb of The Dallas Morning News writes:*

  
The United Way and a Fort Worth nonprofit have teamed up to raise money for 834 people displaced in an six-alarm apartment fire Monday.

A large fire ignited inside the The Cooper apartment complex in Fort Worth around 1:30 p.m. while some residen…",https://www.reddit.com/r/Dallas/comments/1llbgvb/dallasfort_worth_organizations_raise_funds_for/,,neutral,Fort Worth,tx-285,The Cooper,,50
buildings,2025-03-27,reddit,Dallasdevelopment,"The Mockingbird Station East TOD is still alive. It’s no longer a high-rise though (unfortunately). These are screenshots from the Dallas TOD TIF board meeting on Dec 3rd, 2024.","The Mockingbird Station East TOD is still alive. It’s no longer a high-rise though (unfortunately). These are screenshots from the Dallas TOD TIF board meeting on Dec 3rd, 2024.",https://www.reddit.com/r/Dallasdevelopment/comments/1jl7rhl/the_mockingbird_station_east_tod_is_still_alive/,,neutral,Dallas,tx-31,Mockingbird Station East Phase 2 Multifamily,,13
buildings,2025-01-18,reddit,Apartmentliving,Stolen stroller,"Hello all, I live at the Vantage at spring creek trails in Richardson, Tx. Last night someone stole my baby's stroller. I was cleaning out the car at 11pm in the parking garage, the spot next to the door to let me back in, I turned my back to pull out water bottles from under the seats and when I t…",https://www.reddit.com/r/Apartmentliving/comments/1i41ptm/stolen_stroller/,,neutral,Richardson,plano-richardson-l8,Vantage At Spring Creek,,8
buildings,2024-11-12,reddit,Richardson,Vantage at Spring Creek,Anyone else dealing with this shit? This has to be the worst management in Richardson.,https://www.reddit.com/r/Richardson/comments/1gptork/vantage_at_spring_creek/,,angry,Richardson,plano-richardson-l8,Vantage At Spring Creek,,25
buildings,2024-05-15,reddit,Apartmentliving,Look at what our apartment just sent us,"In essence, they aren’t replacing any water filters until people renew their lease and sent a link for people to buy there own off of Amazon. It’s Vantage at Spring Creek in Richardson, TX",https://www.reddit.com/r/Apartmentliving/comments/1csc17b/look_at_what_our_apartment_just_sent_us/,,neutral,Richardson,plano-richardson-l8,Vantage At Spring Creek,,2
buildings,2024-02-27,youtube,,Tour MAA Grapevine Luxury Apartments,Tour MAA Grapevine Luxury Apartments,https://www.youtube.com/watch?v=MI5F5nFLDqM,,neutral,Grapevine,tx-123,Maa Grapevine,,262
buildings,2023-11-21,reddit,FortWorth,Apts in NRH,Anyone able to tell me about specific apts or neighborhoods w/ apts in NRH? Looking to put house to show Dec1 and need to get going on a new place. Dont need anything fancy or expensive. just a nice little apt in a safe and quiet complex/neighborhood. Have seen The Logan on bedford N of the fwy and…,https://www.reddit.com/r/FortWorth/comments/180893p/apts_in_nrh/,,happy,Bedford,tx-230,The Logan,,3
buildings,2023-02-03,reddit,tradedtexas,https://www.instagram.com/p/CnztdPaMdvX/ LOAN IMAGE: Carlos Gonzales DATE: 01/23/2023 ADDRESS: 18036 Park Row Dr MARKET: Houston ASSET TYPE: Multifamily ~ UNITS: 573 LENDER: Valley Bank (@ValleyBank); Santander & Artemis Real Estate Partners LANDLORD: Resia (@liveResia) – Carlos Gonzales LOAN AMO...,https://www.instagram.com/p/CnztdPaMdvX/ LOAN IMAGE: Carlos Gonzales DATE: 01/23/2023 ADDRESS: 18036 Park Row Dr MARKET: Houston ASSET TYPE: Multifamily ~ UNITS: 573 LENDER: Valley Bank (@ValleyBank); Santander & Artemis Real Estate Partners LANDLORD: Resia (@liveResia) – Carlos Gonzales LOAN AMO...,https://www.reddit.com/r/tradedtexas/comments/10skpoa/httpswwwinstagramcompcnztdpamdvx_loan_image/,,neutral,Houston,tx-64,Park Row Apartments,,1
buildings,2023-01-25,reddit,tradedtexas,"Financed | Multi Family $96,500,000 Address: 18036 Park Row Drive Houston, TX 77084 Address: 18036 Park Row... Asset Type: Multi Family Closed: 2 days ago Note: The Landlord of 18036 Park Row Drive Houston, TX 77084 received a loan for $$96,500,000. on the Multi Family property.The deal clo...","Financed | Multi Family $96,500,000 Address: 18036 Park Row Drive Houston, TX 77084 Address: 18036 Park Row... Asset Type: Multi Family Closed: 2 days ago Note: The Landlord of 18036 Park Row Drive Houston, TX 77084 received a loan for $$96,500,000. on the Multi Family property.The deal clo...",https://www.reddit.com/r/tradedtexas/comments/10kp9re/financed_multi_family_96500000_address_18036_park/,,neutral,Houston,tx-64,Park Row Apartments,,1
buildings,2022-11-02,youtube,,Grand at Legacy West Callbox Locations + Tutorial,Grand at Legacy West Callbox Locations + Tutorial,https://www.youtube.com/watch?v=MVIArGC4SEY,,neutral,Plano,plano-richardson-l22,Grand At Legacy West Apartments,,134
buildings,2022-09-18,reddit,askdfw,Plano/Frisco/Richardson Townhouse/Apartment Recommendations,"Hi all, 
Gf and I are looking for at least a 2x2, open to a 3x2 or 3x3. Budget is 2500-4000. She currently lives at Jada Legacy and I live at Vantage at Spring Creek but we don’t care about if our next home is “luxury” or what not because we really don’t care about amenities. We just want to live i…",https://www.reddit.com/r/askdfw/comments/xhe7or/planofriscorichardson_townhouseapartment/,,happy,Richardson,plano-richardson-l8,Vantage At Spring Creek,,1
buildings,2022-09-16,reddit,tradedtexas,"Financed | Multi Family $60,500,000 Address: 18210 Park Row, Houston, Texas 77084, United States Address: 18210 Park Row,... Asset Type: Multi Family Closed: 8 months 1 day ago Note: The Landlord of 18210 Park Row, Houston, Texas 77084, United States received a loan for $$60,500,000. on the...","Financed | Multi Family $60,500,000 Address: 18210 Park Row, Houston, Texas 77084, United States Address: 18210 Park Row,... Asset Type: Multi Family Closed: 8 months 1 day ago Note: The Landlord of 18210 Park Row, Houston, Texas 77084, United States received a loan for $$60,500,000. on the...",https://www.reddit.com/r/tradedtexas/comments/xfimbx/financed_multi_family_60500000_address_18210_park/,,neutral,Houston,tx-64,Park Row Apartments,,1
buildings,2022-08-28,reddit,Dallas,Cigarette Smell in Apartment,"Hi all,

I just moved into an apartment in Richardson (vantage at spring creek). 
It’s supposed to be “luxury” and a non smoking apt. But my unit has reeked of cigarettes since move-in. 

Management has been a bit difficult to work with, and they tried covering up the smell, which didn’t work. 

Th…",https://www.reddit.com/r/Dallas/comments/wzi6gk/cigarette_smell_in_apartment/,,angry,Richardson,plano-richardson-l8,Vantage At Spring Creek,,20
buildings,2022-03-17,youtube,,Vantage at Spring Creek Apt 5117,Vantage at Spring Creek Apt 5117,https://www.youtube.com/watch?v=VQhIlV6oZkg,,neutral,Richardson,plano-richardson-l8,Vantage At Spring Creek,,639
buildings,2022-03-05,reddit,askdfw,Apartments,"I’ll move from puerto rico to Dallas in April. I’m a 26F, single and will commute to the Downtown/Cockrell area. I’m looking to these apartments but first i will like to have some feedbacks about them.

- Alesio Urban center
-The preserve Grapevine
-Bexley Grapevine
-Boardwalk at Mercer crossing
-L…",https://www.reddit.com/r/askdfw/comments/t76nyp/apartments/,,neutral,Grapevine,tx-180,Bexley Grapevine,,9
buildings,2022-01-20,reddit,tradedtexas,"Financed | multifamily $60,500,000 Address: 18210 Park Row, Houston, Texas 77084, United States Address: 18210 Park Row,... Asset Type: multifamily Closed: 2 days ago Note: The Landlord of 18210 Park Row, Houston, Texas 77084, United States received a loan for $$60,500,000. on the multifami...","Financed | multifamily $60,500,000 Address: 18210 Park Row, Houston, Texas 77084, United States Address: 18210 Park Row,... Asset Type: multifamily Closed: 2 days ago Note: The Landlord of 18210 Park Row, Houston, Texas 77084, United States received a loan for $$60,500,000. on the multifami...",https://www.reddit.com/r/tradedtexas/comments/s8l3b4/financed_multifamily_60500000_address_18210_park/,,neutral,Houston,tx-64,Park Row Apartments,,1
buildings,2021-06-04,reddit,Richardson,Apartment Help,"My friend and I (22M) are looking to move to an apartment in Richardson. We have been looking at the ones near 75/Renner like Standard City Line, Reserve/Vantage at Spring Creek, and Junction at Galatyn Park. Do yall recommend any of these apartments or any others in the general area? Thanks.",https://www.reddit.com/r/Richardson/comments/nsduip/apartment_help/,,happy,Richardson,plano-richardson-l8,Vantage At Spring Creek,,7
buildings,2020-04-21,youtube,,Station 121 at Town Center 2/1B,Station 121 at Town Center 2/1B,https://www.youtube.com/watch?v=5yMuwYNjC_U,,neutral,North Richland Hills,tx-154,Station 121 At Town Center Apts,,760
buildings,2020-04-03,youtube,,The Grand at Legacy West A1D,The Grand at Legacy West A1D,https://www.youtube.com/watch?v=CJBis4thiQQ,,neutral,Plano,plano-richardson-l22,Grand At Legacy West Apartments,,1411
buildings,2020-03-01,youtube,,"Shooting at The Manchester apartments in Euless, TX 2/29/2020","Shooting at The Manchester apartments in Euless, TX 2/29/2020",https://www.youtube.com/watch?v=xMMAFtXfnsU,,neutral,Euless,tx-107,The Manchester,,2330
buildings,2019-10-25,youtube,,VANTAGE AT SPRING CREEK // 18 OCT 2019,VANTAGE AT SPRING CREEK // 18 OCT 2019,https://www.youtube.com/watch?v=ISUhSF7T3Wc,,neutral,Richardson,plano-richardson-l8,Vantage At Spring Creek,,308
buildings,2017-03-10,reddit,TheHEB,Apartment Advice,"Hey everyone!

I'm looking around at a couple apartment complexes online and I need some feedback.

The first one is Copper Hill in Bedford, and the second one is Oak Park in Euless.

Has anyone lived here, if so how's the living experience?

Thanks a lot in advance!!",https://www.reddit.com/r/TheHEB/comments/5yjhcq/apartment_advice/,,neutral,Euless,tx-160,Oak Park,,1
buildings,2009-10-10,youtube,,"The Manchester Apartments (Euless, Texas)","The Manchester Apartments (Euless, Texas)",https://www.youtube.com/watch?v=OXoHDpYkD20,,neutral,Euless,tx-107,The Manchester,,1330
unhappy,2024-10-18,reddit,PropertyManagement,Seeking Advice: Transitioning from AppFolio to Entrata,"Hi everyone,

Our property management company currently oversees around 1,000 units, but we're on track to expand to 5,000 units soon. We're currently managing properties in multiple states—specifically California and Texas—and we're considering making the switch from AppFolio to Entrata to better …",https://www.reddit.com/r/PropertyManagement/comments/1g676mt/seeking_advice_transitioning_from_appfolio_to/,Entrata;AppFolio,neutral,,,,yes,4
