name,url,related
Affordable Housing Solutions and Services,https://www.realpage.com/affordable/,https://www.realpage.com/affordable/leasing/ https://www.realpage.com/affordable/managed-services/ https://www.realpage.com/affordable/marketing/ https://www.realpage.com/affordable/property-operations/ https://www.realpage.com/affordable/resident-experience/
Apartment Data and Multifamily Research,https://www.realpage.com/analytics/,https://www.realpage.com/analytics/contributors/ https://www.realpage.com/analytics/subscribe/
Property Management CRM Software for Multifamily,https://www.realpage.com/apartment-marketing/crm/,https://www.realpage.com/apartment-marketing/leasing/ https://www.realpage.com/apartment-marketing/loyalty-reputation/ https://www.realpage.com/apartment-marketing/marketing/ https://www.realpage.com/apartment-marketing/online-leasing/ https://www.realpage.com/apartment-marketing/prequalification/ https://www.realpage.com/apartment-marketing/rent-reporting/ https://www.realpage.com/apartment-marketing/reputation-management/ https://www.realpage.com/apartment-marketing/resident-experience/ https://www.realpage.com/apartment-marketing/resident-screening/ https://www.realpage.com/apartment-marketing/website-design/ https://www.realpage.com/apartment-marketing/crm/ai-leasing-agent/ https://www.realpage.com/apartment-marketing/crm/apartment-tours/ https://www.realpage.com/apartment-marketing/crm/call-intelligence/ https://www.realpage.com/apartment-marketing/loyalty-reputation/apartment-life/ https://www.realpage.com/apartment-marketing/loyalty-reputation/free-on-demand-reward-cards-platform/ https://www.realpage.com/apartment-marketing/loyalty-reputation/testimonials/ https://www.realpage.com/apartment-marketing/marketing/smart-digital-advertising/ https://www.realpage.com/apartment-marketing/resident-experience/ai-resident-agent/ https://www.realpage.com/apartment-marketing/resident-screening/ai-screening/
Commercial Property Management Software,https://www.realpage.com/commercial/,https://www.realpage.com/commercial/commercial-property-management/ https://www.realpage.com/commercial/commercial-reporting/ https://www.realpage.com/commercial/financial-suite/ https://www.realpage.com/commercial/services/
COA and HOA Association Management Software,https://www.realpage.com/community-associations/,https://www.realpage.com/community-associations/insurance/ https://www.realpage.com/community-associations/payment-processing/ https://www.realpage.com/community-associations/resale-documentation/
Multifamily Utility Cost Benchmarking,https://www.realpage.com/compliance-benchmarking/,
Affordable Housing Compliance Services,https://www.realpage.com/compliance-services/,
Apartment Contact Center and Leasing Solution,https://www.realpage.com/contact-center/,
Small and Mid-sized Property Management Software,https://www.realpage.com/essentials/,https://www.realpage.com/essentials/affordable/
RealPage Exchange App Partner Program,https://www.realpage.com/exchange/,
Property Management Procurement Suite,https://www.realpage.com/expense-management/procurement-suite/,
Page Not Found | Realpage,https://www.realpage.com/front-office/,
HOTMA Compliance News,https://www.realpage.com/hotma-compliance/,
RealPage Unity: One Login for Products and Services,https://www.realpage.com/imready/,
Insights and Analytics Solutions for Multifamily,https://www.realpage.com/insights-analytics/,https://www.realpage.com/insights-analytics/ai-analytics-agent/ https://www.realpage.com/insights-analytics/benchmarking/ https://www.realpage.com/insights-analytics/business-intelligence/ https://www.realpage.com/insights-analytics/market-analytics/ https://www.realpage.com/insights-analytics/national-renter-study/ https://www.realpage.com/insights-analytics/revenue-management/
Institutional Real Estate Investment Solutions,https://www.realpage.com/institutional/,
Apartment Insurance | Multifamily Insurance,https://www.realpage.com/insurance/,
Page Not Found | Realpage,https://www.realpage.com/investment-analytics/,
Real Estate Investment Management Software,https://www.realpage.com/investment-management/,https://www.realpage.com/investment-management/aim/ https://www.realpage.com/investment-management/data-management-services/ https://www.realpage.com/investment-management/investor-management-services/
Invoice to Investor Solution,https://www.realpage.com/invoice-to-investor/,
Military Property Management Software,https://www.realpage.com/military/,
Mixed-Use Portfolio Management Solutions,https://www.realpage.com/mixed-portfolios/,
Multifamily Property Management Solutions,https://www.realpage.com/multifamily/,
Online Rent Payment Portal | Rent Payment Software,https://www.realpage.com/online-payments/,
SmartSource Accounting | Outsource Property Accounting,https://www.realpage.com/outsource-accounting/,
SmartSource Managed Services for Multifamily,https://www.realpage.com/outsourcing/,
RealPage Software Suites,https://www.realpage.com/platforms/,https://www.realpage.com/platforms/demand-operations/ https://www.realpage.com/platforms/lumina-ai/ https://www.realpage.com/platforms/portfolio-intelligence/ https://www.realpage.com/platforms/property-operations/ https://www.realpage.com/platforms/resident-experience/
OneSite Property Management Software,https://www.realpage.com/property-management-software/,https://www.realpage.com/property-management-software/accounting-software/ https://www.realpage.com/property-management-software/ai-facilities-agent/ https://www.realpage.com/property-management-software/ai-finance-agent/ https://www.realpage.com/property-management-software/ai-operations-agent/ https://www.realpage.com/property-management-software/budgeting/ https://www.realpage.com/property-management-software/digital-disbursements/ https://www.realpage.com/property-management-software/document-management/ https://www.realpage.com/property-management-software/learning-management-system/ https://www.realpage.com/property-management-software/maintenance-management/
Real Estate Investment Accounting Software,https://www.realpage.com/real-estate-investment-accounting-software/,
RealPartners - Property Management Software Program,https://www.realpage.com/realpartners/,
Renters Insurance for Apartments,https://www.realpage.com/renters-insurance/,
LOFT Resident Portal App,https://www.realpage.com/resident-portal/,https://www.realpage.com/resident-portal/loyalty-rewards/
Apartment Resident Software and Services,https://www.realpage.com/resident-services/,https://www.realpage.com/resident-services/security-deposit-alternatives/
Resident Services Legal,https://www.realpage.com/residentlegal/,https://www.realpage.com/residentlegal/clickpaypaymentsterms/ https://www.realpage.com/residentlegal/generalterms/ https://www.realpage.com/residentlegal/leasingterms/ https://www.realpage.com/residentlegal/loftterms/ https://www.realpage.com/residentlegal/movingterms/ https://www.realpage.com/residentlegal/propertywareterms/ https://www.realpage.com/residentlegal/rewards-privacy-policy/ https://www.realpage.com/residentlegal/rewardsterms/ https://www.realpage.com/residentlegal/rppaymentsterms/ https://www.realpage.com/residentlegal/selfguidedtoursterms/ https://www.realpage.com/residentlegal/smartbuildingterms/ https://www.realpage.com/residentlegal/whiteskyterms/
Self Storage Marketing Solutions,https://www.realpage.com/self-storage-marketing/,
Assisted Living Software - Senior Living Software,https://www.realpage.com/senior/,
Multifamily Professional and Technical Service Offerings,https://www.realpage.com/services/,https://www.realpage.com/services/professional-services/ https://www.realpage.com/services/realpage-recognitions/ https://www.realpage.com/services/resident-technology-services/ https://www.realpage.com/services/resident-technology-services/industry-experts/
Single-Family Portfolio Management Solution,https://www.realpage.com/single-family/,
Smart Building Solutions | STRATIS,https://www.realpage.com/smart-building/,https://www.realpage.com/smart-building/access/ https://www.realpage.com/smart-building/apartments/ https://www.realpage.com/smart-building/wi-fi/
Multifamily IT Outsourcing Services,https://www.realpage.com/smart-source/,https://www.realpage.com/smart-source/assessment/
Smart Sustainable Solutions for Multifamily,https://www.realpage.com/smart-sustainable-solutions/,
RealPage Solutions for Multifamily,https://www.realpage.com/solutions/,https://www.realpage.com/solutions/demand-generation/ https://www.realpage.com/solutions/demand-marketing/ https://www.realpage.com/solutions/front-office/ https://www.realpage.com/solutions/lumina-ascent/ https://www.realpage.com/solutions/lumina-connect/ https://www.realpage.com/solutions/source-to-pay/
Spend Management Software for Properties,https://www.realpage.com/spend-management/,https://www.realpage.com/spend-management/ai-spend-agent/
Student Housing Property Management Software,https://www.realpage.com/student/,https://www.realpage.com/student/asset-optimization/ https://www.realpage.com/student/creating-great-renter-experience/ https://www.realpage.com/student/property-operations/ https://www.realpage.com/student/renter-engagement/ https://www.realpage.com/student/simplebills/
Multifamily Sustainability Services and ESG Reporting,https://www.realpage.com/sustainability-services/,https://www.realpage.com/sustainability-services/energy-management/
Utility Billing & Utility Management Solutions,https://www.realpage.com/utility-management/,https://www.realpage.com/utility-management/billing/ https://www.realpage.com/utility-management/expense-management/ https://www.realpage.com/utility-management/submetering/
Vendor Credentialing for Property Management,https://www.realpage.com/vendor-credentialing/,
Vendor Management Solution,https://www.realpage.com/vendor-management/,https://www.realpage.com/vendor-management/esupply-gpo/
Real Estate Vendor Marketplace,https://www.realpage.com/vendor-marketplace/,
Vendor Payments Solution,https://www.realpage.com/vendor-payments/,
Vendor Onboarding and Services for Multifamily Property Management,https://www.realpage.com/vendor-services/,
Managed Catalog and E-Invoices Vendors,https://www.realpage.com/vendor-services-catalogs/,
Vendor Services Credentialing,https://www.realpage.com/vendor-services-credentialing/,
Vendor Services Marketplace,https://www.realpage.com/vendor-services-marketplace/,
Multifamily Smart Waste Management Solution,https://www.realpage.com/waste-management-solution/,
