Building,Address,City,State,Units,Stage,Opens,Sold,Buyer,Developer,Office phone,Management company,Contact source,Source,Source URL
6550 Hillcroft St,6550 Hillcroft St,Houston,Texas,921,sold,,2025-02-13,Pecos Housing Finance Corporation,,,,,Harris County records (search by address),https://public.hcad.org/
1221 Redford St,1221 Redford St,Houston,Texas,856,sold,,2025-04-09,Edcouch Community Housing Finance Corp,,,,,Harris County records (search by address),https://public.hcad.org/
150 Dominion Park Dr,150 Dominion Park Dr,Houston,Texas,843,sold,,2024-12-19,Trails At Dominion Park Property,,,,,Harris County records (search by address),https://public.hcad.org/
6425 Westheimer Rd,6425 Westheimer Rd,Houston,Texas,798,sold,,2024-11-11,Ad Palms LLC,,,,,Harris County records (search by address),https://public.hcad.org/
695 Pineloch Dr,695 Pineloch Dr,Webster,Texas,712,under construction,,,,,,,,Harris County records (search by address),https://public.hcad.org/
4400 Memorial Dr,4400 Memorial Dr,Houston,Texas,688,sold,,2025-03-18,La Villa Housing Finance Corporation,,,,,Harris County records (search by address),https://public.hcad.org/
3400 Woodchase Dr,3400 Woodchase Dr,Houston,Texas,656,sold,,2025-07-29,Ashford Santa Ana Property Owner LLC,,,,,Harris County records (search by address),https://public.hcad.org/
10950 Briar Forest Dr,10950 Briar Forest Dr,Houston,Texas,592,sold,,2025-09-03,Public Welfare Investments Holdco LLC,,,,,Harris County records (search by address),https://public.hcad.org/
5454 Newcastle Dr,5454 Newcastle Dr,Houston,Texas,580,sold,,2025-04-08,Maverick County Housing Finance Corp,,,,,Harris County records (search by address),https://public.hcad.org/
3125 Crestdale Dr,3125 Crestdale Dr,Houston,Texas,546,sold,,2025-02-02,Edcouch Community Housing Finance,,,,,Harris County records (search by address),https://public.hcad.org/
9707 S Gessner Dr,9707 S Gessner Dr,Houston,Texas,544,sold,,2025-09-25,Ssb Assets LLC,,,,,Harris County records (search by address),https://public.hcad.org/
5909 Glenmont Dr,5909 Glenmont Dr,Houston,Texas,534,sold,,2025-05-13,Nazar Invest INC,,,,,Harris County records (search by address),https://public.hcad.org/
11800 Grant Rd,11800 Grant Rd,Cypress,Texas,530,sold,,2025-05-05,Pecos Housing Finance Corporation,,,,,Harris County records (search by address),https://public.hcad.org/
14531 Ella Blvd,14531 Ella Blvd,Houston,Texas,520,sold,,2025-03-25,Ad Pecan LLC,,,,,Harris County records (search by address),https://public.hcad.org/
2611 Bens Branch Dr,2611 Bens Branch Dr,Humble,Texas,518,sold,,2025-06-24,Gep Xi Town Center LP,,,,,Harris County records (search by address),https://public.hcad.org/
4101 Shaver St,4101 Shaver St,Pasadena,Texas,518,sold,,2025-09-02,Tc Spe 5 LLC,,,,,Harris County records (search by address),https://public.hcad.org/
621 Richey St,621 Richey St,Pasadena,Texas,514,sold,,2025-09-18,Owemancos Pasadena Run LP,,,,,Harris County records (search by address),https://public.hcad.org/
1315 Nasa Rd 1,1315 Nasa Rd 1,Houston,Texas,490,under construction,,,,,,,,Harris County records (search by address),https://public.hcad.org/
6919 Main St,6919 Main St,Houston,Texas,483,sold,,2024-11-19,"Life Tower Owner LLC Monzer Hourani, Ceo",,,,,Harris County records (search by address),https://public.hcad.org/
4010 Linkwood Dr,4010 Linkwood Dr,Houston,Texas,476,sold,,2025-10-31,Mvd De Apartments LLC,,(832) 742-1945,,https://www.stratfordhouseapts.com/ (2026-09-26),Harris County records (search by address),https://public.hcad.org/
407 S Richey Rd,407 S Richey Rd,Pasadena,Texas,468,sold,,2025-09-18,Owemancos Pasadena Run LP,,,,,Harris County records (search by address),https://public.hcad.org/
12300 Fleming Dr,12300 Fleming Dr,Houston,Texas,460,sold,,2025-12-10,Home Land 89 LLC,,(713) 455-1776,,https://www.zumper.com/apartment-buildings/p98895/falls-of-birchbrook-northshore-houston-tx (2026-09-26),Harris County records (search by address),https://public.hcad.org/
7979 Westheimer Rd,7979 Westheimer Rd,Houston,Texas,459,sold,,2025-03-25,New Rama Krishna Properties Delaware LLC,,,,,Harris County records (search by address),https://public.hcad.org/
1110 El Camino Village Dr,1110 El Camino Village Dr,Houston,Texas,449,sold,,2025-05-19,Edcouch Community Housing Finance Corp,,,,,Harris County records (search by address),https://public.hcad.org/
905 Cypress Station Dr,905 Cypress Station Dr,Houston,Texas,448,sold,,2024-12-02,Pecos Housing Finanace Corporation,,,,,Harris County records (search by address),https://public.hcad.org/
10225 Wortham Blvd,10225 Wortham Blvd,Houston,Texas,444,sold,,2025-07-30,Wortham TX Partner LP Cortland Partners LLC,,,,,Harris County records (search by address),https://public.hcad.org/
900 Henderson Ave,900 Henderson Ave,Webster,Texas,440,sold,,2025-03-29,Pecos Housing Finance Corp,,,,,Harris County records (search by address),https://public.hcad.org/
10221 Centrepark Dr,10221 Centrepark Dr,Houston,Texas,432,sold,,2025-11-19,Ag-Hilltop Spring Shadows Property,,(346) 771-8120,,https://thelodgeatspringshadows.com/contact/ (2026-09-26),Harris County records (search by address),https://public.hcad.org/
9475 W Sam Houston Pky S,9475 W Sam Houston Pky S,Houston,Texas,428,sold,,2025-11-04,Oconee Real Estate Holdings Xviii,,(346) 200-9871,,https://www.monarchwestapts.com/ (2026-09-26),Harris County records (search by address),https://public.hcad.org/
10202 Club Creek Dr,10202 Club Creek Dr,Houston,Texas,424,sold,,2025-06-26,Villa Madrid 2025 LLC,,,,,Harris County records (search by address),https://public.hcad.org/
8181 Colony St,8181 Colony St,Houston,Texas,424,sold,,2025-11-13,Ua Riveraine LLC,,713-778-0800,,https://www.riveraine.com/contact_us/ (2026-09-26),Harris County records (search by address),https://public.hcad.org/
18021 Kingsland Blvd,18021 Kingsland Blvd,Houston,Texas,423,sold,,2025-04-17,Alden Ridgmar Creek Enterprise LLC,,,,,Harris County records (search by address),https://public.hcad.org/
2727 Revere St,2727 Revere St,Houston,Texas,423,sold,,2025-08-13,La Maison Armando LLC,,,,,Harris County records (search by address),https://public.hcad.org/
11111 Grant Rd,11111 Grant Rd,Cypress,Texas,422,sold,,2025-03-12,Pecos Housing Finan Ce Corporation,,,,,Harris County records (search by address),https://public.hcad.org/
5959 FM 1960 Rd W,5959 FM 1960 Rd W,Houston,Texas,404,sold,,2025-07-08,Armour 5959 FM LLC,,,,,Harris County records (search by address),https://public.hcad.org/
5500 El Camino Del Rey St,5500 El Camino Del Rey St,Houston,Texas,401,sold,,2025-08-14,Msl Apartments LLC,,,,,Harris County records (search by address),https://public.hcad.org/
14515 Briar Forest Dr,14515 Briar Forest Dr,Houston,Texas,396,sold,,2025-08-19,Bel Briar Limited Partnership,,,,,Harris County records (search by address),https://public.hcad.org/
305 W Baker Rd,305 W Baker Rd,Baytown,Texas,392,sold,,2025-06-05,Lakes At Madera Cityr Fund LLC,,,,,Harris County records (search by address),https://public.hcad.org/
1002 Katy Gap Rd,1002 Katy Gap Rd,Katy,Texas,389,sold,,2025-11-20,1002 Katy Gap Borrower LLC,,(346) 771-5695,,https://www.centuryapartmentskaty.com/contactus (2026-09-26),Harris County records (search by address),https://public.hcad.org/
10010 Kempwood Dr,10010 Kempwood Dr,Houston,Texas,388,sold,,2025-11-19,9999 Kempwood Drive LP,,(346) 637-3549,Greystar,https://www.greystar.com/3-corners-north-houston-tx/p_17902 (2026-09-26),Harris County records (search by address),https://public.hcad.org/
1822 Barker Cypress Rd,1822 Barker Cypress Rd,Houston,Texas,384,sold,,2025-05-12,Pecos Housing Finance Corporation,,,,,Harris County records (search by address),https://public.hcad.org/
Venterra Spring Cypress Apartments,16614 Spring Cypress Apartments,Cypress,Texas,384,under construction,2027-11-30,,,"Vr Development GP, LLC",(281) 558-8787,,,State project record,https://www.tdlr.texas.gov/TABS/Search/Project/TABS2025025553
100 Detering St,100 Detering St,Houston,Texas,383,sold,,2024-12-09,Virage Apartments Owner LLC,,,,,Harris County records (search by address),https://public.hcad.org/
8751 Broadway St,8751 Broadway St,Houston,Texas,383,sold,,2024-11-12,Verde Apartment Portfolio One LLC,,,,,Harris County records (search by address),https://public.hcad.org/
23403 Kingsland Dr,23403 Kingsland Dr,Katy,Texas,382,sold,,2025-06-26,Price Reserve On Kingsland LLC,,,,,Harris County records (search by address),https://public.hcad.org/
3003 Memorial Ct,3003 Memorial Ct,Houston,Texas,380,sold,,2025-06-03,Cb Marcella Memorial Heights LLC,,,,,Harris County records (search by address),https://public.hcad.org/
8627 Hufsmith Rd,8627 Hufsmith Rd,Tomball,Texas,380,sold,,2025-11-12,Ar Preserve LLC,,(281) 351-5700,,https://www.apartmentsspringtexas.com/Marketing/Contact (2026-09-26),Harris County records (search by address),https://public.hcad.org/
1617 Enid St,1617 Enid St,Houston,Texas,378,under construction,,,,,,,,Harris County records (search by address),https://public.hcad.org/
18300 Marvelous Pl,18300 Marvelous Pl,Cypress,Texas,378,under construction,,,,,,,,Harris County records (search by address),https://public.hcad.org/
2033 S Gessner Rd,2033 S Gessner Rd,Houston,Texas,376,sold,,2025-04-10,Gessner Road Owner LLC,,,,,Harris County records (search by address),https://public.hcad.org/
1911 Holcombe Blvd,1911 Holcombe Blvd,Houston,Texas,375,sold,,2025-08-12,Vantage Armando LLC,,,,,Harris County records (search by address),https://public.hcad.org/
3030 Summer St,3030 Summer St,Houston,Texas,375,sold,,2024-09-23,Brep Summer LLC,,,,,Harris County records (search by address),https://public.hcad.org/
16112 North Fwy,16112 North Fwy,Houston,Texas,372,sold,,2025-06-24,Life At Spring Estates Owner LLC,,,,,Harris County records (search by address),https://public.hcad.org/
1700 Seaspray Ct,1700 Seaspray Ct,Houston,Texas,372,sold,,2025-04-15,Pecos Housing Finance Corporation,,,,,Harris County records (search by address),https://public.hcad.org/
3001 W 11th St,3001 W 11th St,Houston,Texas,371,under construction,,,,,,,,Harris County records (search by address),https://public.hcad.org/
23030 Cunningham Falls Trl,23030 Cunningham Falls Trl,Katy,Texas,370,under construction,,,,,,,,Harris County records (search by address),https://public.hcad.org/
11201 Olympia Dr,11201 Olympia Dr,Houston,Texas,369,sold,,2025-12-18,Quinn Westchase Apartments LLC,,,,,Harris County records (search by address),https://public.hcad.org/
2101 Hayes Rd,2101 Hayes Rd,Houston,Texas,367,sold,,2025-11-05,Rc 2101 Hayes LLC,,,,,Harris County records (search by address),https://public.hcad.org/
The Arboretum at Woodland Hills,SE corner of FM1960 and Woodland Hills Dr,Houston,Texas,366,planned,,,,,,,,Texas housing tax-credit inventory (XLSX),https://www.tdhca.texas.gov/sites/default/files/multifamily/docs/HTCPropertyInventory_2.xlsx
Park Row Apartments,14192 Park Row Dr.,Houston,Texas,360,under construction,2028-02-15,,,"OHT Park Row, LP",(512) 220-7816,,,State project record,https://www.tdlr.texas.gov/TABS/Search/Project/TABS2026003096
Tapestry at Katy (fka Enclave at Katy),5138 & 5202 Katy Hockley Road,Katy,Texas,360,planned,,,,,,,,Texas housing tax-credit inventory (XLSX),https://www.tdhca.texas.gov/sites/default/files/multifamily/docs/HTCPropertyInventory_2.xlsx
Enclave on Louetta,2324 Louetta Road,Spring,Texas,358,planned,,,,,,,,Texas housing tax-credit inventory (XLSX),https://www.tdhca.texas.gov/sites/default/files/multifamily/docs/HTCPropertyInventory_2.xlsx
5004 Memorial Dr,5004 Memorial Dr,Houston,Texas,356,sold,,2025-09-23,Comref Memorial LLC,,,,,Harris County records (search by address),https://public.hcad.org/
7655 Washington Ave,7655 Washington Ave,Houston,Texas,356,sold,,2025-05-01,Pleasanton Housing Finance Corporation,,,,,Harris County records (search by address),https://public.hcad.org/
1226 W Grand Pky S,1226 W Grand Pky S,Katy,Texas,354,sold,,2025-11-25,Ag-Hilltop Grand Parkway,,,,,Harris County records (search by address),https://public.hcad.org/
1148 Silber Rd,1148 Silber Rd,Houston,Texas,352,sold,,2025-08-20,Memorial Owner LLC,,,,,Harris County records (search by address),https://public.hcad.org/
13202 Briar Forest Dr,13202 Briar Forest Dr,Houston,Texas,352,sold,,2025-05-15,Pecos Housing Finance Corp,,,,,Harris County records (search by address),https://public.hcad.org/
9302 Fry Rd,9302 Fry Rd,Cypress,Texas,351,under construction,,,,,,,,Harris County records (search by address),https://public.hcad.org/
14818 Vintage Preserve Pky,14818 Vintage Preserve Pky,Houston,Texas,350,sold,,2025-05-13,Vintage Park Apartments LLC,,,,,Harris County records (search by address),https://public.hcad.org/
24720 Morton Ranch Rd,24720 Morton Ranch Rd,Katy,Texas,348,under construction,,,,,,,,Harris County records (search by address),https://public.hcad.org/
10919 Fondren Rd,10919 Fondren Rd,Houston,Texas,346,sold,,2024-12-04,Willows Apts LLC,,,,,Harris County records (search by address),https://public.hcad.org/
1335 Silverado Dr,1335 Silverado Dr,Houston,Texas,344,sold,,2025-04-01,Pecos Housing Finance Corp,,,,,Harris County records (search by address),https://public.hcad.org/
Reserve at Ella,867 Rushcreek Drive,Houston,Texas,344,planned,,,,,(210) 771-4127,,,Texas housing tax-credit inventory (XLSX),https://www.tdhca.texas.gov/sites/default/files/multifamily/docs/htc-4pct/2026260803-4HTC-StatusLog.xlsx
16717 Westpark Dr,16717 Westpark Dr,Houston,Texas,341,under construction,,,,,,,,Harris County records (search by address),https://public.hcad.org/
2315 Navigation Blvd,2315 Navigation Blvd,Houston,Texas,341,under construction,,,,,,,,Harris County records (search by address),https://public.hcad.org/
11305 Grant Rd,11305 Grant Rd,Cypress,Texas,339,under construction,,,,,,,,Harris County records (search by address),https://public.hcad.org/
702 Hadley St,702 Hadley St,Houston,Texas,337,sold,,2025-06-10,Re III Reshi Houston III De LLC,,,,,Harris County records (search by address),https://public.hcad.org/
8047 Grow Ln,8047 Grow Ln,Houston,Texas,337,sold,,2025-06-03,Cf 7835 Grow Lane Quail I LLC,,,,,Harris County records (search by address),https://public.hcad.org/
Groves Apartments,15910 Woodland Hills Drive,Humble,Texas,336,under construction,2026-09-30,,,"RK Commercial Properties, Inc.",(210) 326-1119,,,State project record,https://www.tdlr.texas.gov/TABS/Search/Project/TABS2025003997
10300 Spring Cypress Rd,10300 Spring Cypress Rd,Tomball,Texas,330,under construction,,,,,,,,Harris County records (search by address),https://public.hcad.org/
12700 Greenhouse Rd,12700 Greenhouse Rd,Cypress,Texas,330,under construction,,,,,,,,Harris County records (search by address),https://public.hcad.org/
21021 Aldine Westfield Rd,21021 Aldine Westfield Rd,Houston,Texas,330,sold,,2025-03-18,Pleasanton Housing Finance Corporation,,,,,Harris County records (search by address),https://public.hcad.org/
2121 Mid Ln,2121 Mid Ln,Houston,Texas,329,sold,,2024-10-22,Gwl Direct 2121 Mid LLC,,,,,Harris County records (search by address),https://public.hcad.org/
8501 Broadway Blvd,8501 Broadway Blvd,Houston,Texas,328,sold,,2025-11-04,Oconee Real Estate Holdings,,,,,Harris County records (search by address),https://public.hcad.org/
1215 Sawyer St,1215 Sawyer St,Houston,Texas,327,sold,,2024-09-26,Sawyer Yards Holdco LP,,,,,Harris County records (search by address),https://public.hcad.org/
17417 W Lake Houston Pky,17417 W Lake Houston Pky,Humble,Texas,327,sold,,2025-11-27,Ag-Hilltop Harper At Lake Houston,,,,,Harris County records (search by address),https://public.hcad.org/
5740 San Felipe St,5740 San Felipe St,Houston,Texas,327,sold,,2024-12-17,Hsr Tanglewood LLC,,,,,Harris County records (search by address),https://public.hcad.org/
641 W Crosstimbers St,641 W Crosstimbers St,Houston,Texas,327,sold,,2025-11-12,Rpmi 641 W Crosstimbers St Owner LLC C/O Ryan LLC,,,,,Harris County records (search by address),https://public.hcad.org/
10522 Beechnut St,10522 Beechnut St,Houston,Texas,326,sold,,2025-07-01,900 Title Jefferson LLC C/O Cw Capital Assest Management LLC,,,,,Harris County records (search by address),https://public.hcad.org/
2002 Spring Stuebner Rd,2002 Spring Stuebner Rd,Spring,Texas,326,sold,,2025-03-12,Echo Springwoods Residential LLC,,,,,Harris County records (search by address),https://public.hcad.org/
2511 Willowick Rd,2511 Willowick Rd,Houston,Texas,326,under construction,,,,,,,,Harris County records (search by address),https://public.hcad.org/
9999 Kempwood Dr,9999 Kempwood Dr,Houston,Texas,326,sold,,2025-11-19,10010 Kempwood Drive LP,,(832) 621-4561,Greystar,https://www.greystar.com/3-corners-east-houston-tx/p_17901 (2026-09-26),Harris County records (search by address),https://public.hcad.org/
12121 Greenspoint Mall,12121 Greenspoint Mall,Houston,Texas,325,under construction,,,,,,,,Harris County records (search by address),https://public.hcad.org/
4641 Montrose Blvd,4641 Montrose Blvd,Houston,Texas,325,sold,,2025-08-13,Chelsea Armando LLC,,,,,Harris County records (search by address),https://public.hcad.org/
10070 Westpark Dr,10070 Westpark Dr,Houston,Texas,324,sold,,2025-05-05,La Villa Housing Finance Corporation,,,,,Harris County records (search by address),https://public.hcad.org/
1855 Wirt Rd,1855 Wirt Rd,Houston,Texas,324,sold,,2025-06-20,Fbrt Banyan Palms Owner LLC,,,,,Harris County records (search by address),https://public.hcad.org/
5555 Holly View Dr,5555 Holly View Dr,Houston,Texas,324,sold,,2025-03-18,Pecos Housing Finance Corporation,,,,,Harris County records (search by address),https://public.hcad.org/
9300 N Sam Houston Pky E,9300 N Sam Houston Pky E,Humble,Texas,324,sold,,2025-03-06,Pleasanton Housing Finance Corporation,,,,,Harris County records (search by address),https://public.hcad.org/
8801 Glencrest St,8801 Glencrest St,Houston,Texas,322,sold,,2024-11-12,Verde Apartment Protfollio One LLC,,,,,Harris County records (search by address),https://public.hcad.org/
16848 W Lake Houston Pky,16848 W Lake Houston Pky,Humble,Texas,320,sold,,2025-09-17,At Parkway LP,,,,,Harris County records (search by address),https://public.hcad.org/
2323 W Bay Area Blvd,2323 W Bay Area Blvd,Webster,Texas,320,under construction,,,,,,,,Harris County records (search by address),https://public.hcad.org/
6301 Almeda Rd,6301 Almeda Rd,Houston,Texas,320,sold,,2024-12-18,Maverick County Housing Finance Corp,,,,,Harris County records (search by address),https://public.hcad.org/
14220 Park Row Dr,14220 Park Row Dr,Houston,Texas,318,sold,,2025-05-19,Pecos Housing Finance Corp,,,,,Harris County records (search by address),https://public.hcad.org/
225 S Heights Blvd,225 S Heights Blvd,Houston,Texas,318,sold,,2025-08-15,Whitmore Apartments Owner LP,,,,,Harris County records (search by address),https://public.hcad.org/
2421 Spring Stuebner Rd,2421 Spring Stuebner Rd,Spring,Texas,318,under construction,,,,,,,,Harris County records (search by address),https://public.hcad.org/
3740 Barker Cypress Rd,3740 Barker Cypress Rd,Houston,Texas,314,under construction,,,,,,,,Harris County records (search by address),https://public.hcad.org/
6310 Dumfries Dr,6310 Dumfries Dr,Houston,Texas,314,sold,,2025-05-27,Ashford Casa Serena Property Owner LLC,,,,,Harris County records (search by address),https://public.hcad.org/
938 Kingwood Dr,938 Kingwood Dr,Humble,Texas,312,sold,,2025-02-24,Cws Kingwood Spe LLC,,,,,Harris County records (search by address),https://public.hcad.org/
550 Westlake Park Blvd,550 Westlake Park Blvd,Houston,Texas,311,under construction,,,,,,,,Harris County records (search by address),https://public.hcad.org/
2500 E James St,2500 E James St,Baytown,Texas,308,sold,,2025-06-30,PA 2500 LLC,,,,,Harris County records (search by address),https://public.hcad.org/
3500 Red Bluff Rd,3500 Red Bluff Rd,Pasadena,Texas,308,sold,,2024-10-02,Tpcg Beverly LLC,,,,,Harris County records (search by address),https://public.hcad.org/
4200 Scotland St,4200 Scotland St,Houston,Texas,308,sold,,2025-05-14,Ar Mim Memorial Hills Owner LP,,,,,Harris County records (search by address),https://public.hcad.org/
2218 Greenhouse Rd,2218 Greenhouse Rd,Houston,Texas,306,sold,,2025-12-16,Reev I - 2218 Greenhouse LLC,,,,,Harris County records (search by address),https://public.hcad.org/
8222 Kingsbrook Rd,8222 Kingsbrook Rd,Houston,Texas,306,sold,,2025-12-08,Thfha LLC,,,,,Harris County records (search by address),https://public.hcad.org/
2623 Keene St,2623 Keene St,Houston,Texas,304,under construction,,,,,,,,Harris County records (search by address),https://public.hcad.org/
4343 Woodhead St,4343 Woodhead St,Houston,Texas,303,under construction,,,,,,,,Harris County records (search by address),https://public.hcad.org/
529 Barker Clodine Rd,529 Barker Clodine Rd,Houston,Texas,302,sold,,2025-01-03,Sync At Green Trails Owner LP,,,,,Harris County records (search by address),https://public.hcad.org/
7302 Corporate Dr,7302 Corporate Dr,Houston,Texas,302,sold,,2025-06-27,Rubicon Arowana LLC,,,,,Harris County records (search by address),https://public.hcad.org/
21077 Kingsland Blvd,21077 Kingsland Blvd,Katy,Texas,300,under construction,,,,,,,,Harris County records (search by address),https://public.hcad.org/
411 S Bender Ave,411 S Bender Ave,Humble,Texas,300,sold,,2025-03-18,Pecos Housing Finance Corp,,,,,Harris County records (search by address),https://public.hcad.org/
EMLI at Mesa Gardens,10199 Mesa Drive,Houston,Texas,300,planned,,,,,,,,Texas housing tax-credit inventory (XLSX),https://www.tdhca.texas.gov/sites/default/files/multifamily/docs/HTCPropertyInventory_2.xlsx
2300 Mccue Rd,2300 Mccue Rd,Houston,Texas,299,sold,,2025-09-17,Blue Atlantic Montecito LP,,,,,Harris County records (search by address),https://public.hcad.org/
23933 Kingsland Blvd,23933 Kingsland Blvd,Katy,Texas,298,under construction,,,,,,,,Harris County records (search by address),https://public.hcad.org/
2311 Mid Ln,2311 Mid Ln,Houston,Texas,297,sold,,2025-05-30,Bvf-Vi Ivy Owner LP,,,,,Harris County records (search by address),https://public.hcad.org/
300 N Vista Dr,300 N Vista Dr,Houston,Texas,296,sold,,2025-08-05,Tl-I LLC,,,,,Harris County records (search by address),https://public.hcad.org/
9550 Meyer Forest Dr,9550 Meyer Forest Dr,Houston,Texas,296,sold,,2025-10-07,Pre Lakeside LLC,,,,,Harris County records (search by address),https://public.hcad.org/
4811 E Sam Houston Pky S,4811 E Sam Houston Pky S,Pasadena,Texas,294,sold,,2025-09-05,G&I Xi Creshaw LP,,,,,Harris County records (search by address),https://public.hcad.org/
2825 W 11th St,2825 W 11th St,Houston,Texas,293,under construction,,,,,,,,Harris County records (search by address),https://public.hcad.org/
6500 W 43rd St,6500 W 43rd St,Houston,Texas,292,sold,,2024-11-05,Citibank N A Keybank National Association,,,,,Harris County records (search by address),https://public.hcad.org/
700 Cavalcade St,700 Cavalcade St,Houston,Texas,292,sold,,2025-12-10,Hilltop Ellory Heights Property Owner LP,,,,,Harris County records (search by address),https://public.hcad.org/
333 Uvalde Rd,333 Uvalde Rd,Houston,Texas,291,sold,,2025-05-06,900 Title Jefferson LLC % Cwcapital Asset Management LLC,,,,,Harris County records (search by address),https://public.hcad.org/
9001 Jones Rd,9001 Jones Rd,Houston,Texas,290,sold,,2025-03-26,Cep Avaya Steeplechase De LLC,,,,,Harris County records (search by address),https://public.hcad.org/
14900 Memorial Dr,14900 Memorial Dr,Houston,Texas,288,sold,,2025-08-11,14900 Memorial Drive Owner LLC,,,,,Harris County records (search by address),https://public.hcad.org/
17935 Hunters Terrace Dr,17935 Hunters Terrace Dr,Humble,Texas,288,under construction,,,,,,,,Harris County records (search by address),https://public.hcad.org/
20525 Holzwarth Rd,20525 Holzwarth Rd,Spring,Texas,288,sold,,2025-05-13,Holzwarth Rd Apartments LLC,,,,,Harris County records (search by address),https://public.hcad.org/
5100 FM 1960 Rd W,5100 FM 1960 Rd W,Houston,Texas,288,sold,,2025-05-05,La Villa Housing Finance Corporation,,,,,Harris County records (search by address),https://public.hcad.org/
1111 Rusk St,1111 Rusk St,Houston,Texas,286,sold,,2025-07-11,Hsc Star LP,,,,,Harris County records (search by address),https://public.hcad.org/
6201 W Bellfort St,6201 W Bellfort St,Houston,Texas,284,sold,,2025-07-25,Oakwood Villa Apartments LLC,,,,,Harris County records (search by address),https://public.hcad.org/
8877 Frankway Dr,8877 Frankway Dr,Houston,Texas,284,sold,,2025-01-28,Maverick County Housing Finance Corp,,,,,Harris County records (search by address),https://public.hcad.org/
Cordova Apartments,6160 Madden Lane,Houston,Texas,283,planned,,,,,,,,Texas housing tax-credit inventory (XLSX),https://www.tdhca.texas.gov/sites/default/files/multifamily/docs/HTCPropertyInventory_2.xlsx
19606 Park Row Dr,19606 Park Row Dr,Houston,Texas,280,sold,,2025-09-25,Terra Spe LLC,,,,,Harris County records (search by address),https://public.hcad.org/
8162 Richmond Ave,8162 Richmond Ave,Houston,Texas,280,sold,,2025-05-20,La Villa Housing Finance Corp,,,,,Harris County records (search by address),https://public.hcad.org/
9404 West Rd,9404 West Rd,Houston,Texas,280,sold,,2025-10-21,Lsc Discovery Owner LLC Et Al,,,,,Harris County records (search by address),https://public.hcad.org/
2410 S Kirkwood Rd,2410 S Kirkwood Rd,Houston,Texas,279,sold,,2025-11-03,2410 South Kirkwood Road Holdings LP,,,,,Harris County records (search by address),https://public.hcad.org/
12211 Summer Creek Trace Dr,12211 Summer Creek Trace Dr,Houston,Texas,278,sold,,2025-04-30,Hpi Westlake LLC,,,,,Harris County records (search by address),https://public.hcad.org/
505 Wells Fargo Dr,505 Wells Fargo Dr,Houston,Texas,276,sold,,2025-06-03,Lsf Houston LLC,,,,,Harris County records (search by address),https://public.hcad.org/
9465 Clearwood Dr,9465 Clearwood Dr,Houston,Texas,276,sold,,2024-12-03,Bds III TX Clearwood Villas LLC Ryan Mcgrath,,,,,Harris County records (search by address),https://public.hcad.org/
409 Travis St,409 Travis St,Houston,Texas,274,sold,,2025-01-28,Hsc Aris LLC Et Al,,,,,Harris County records (search by address),https://public.hcad.org/
22022 Cimarron Pky,22022 Cimarron Pky,Katy,Texas,272,sold,,2025-03-29,Pecos Housing Finance Coproration,,,,,Harris County records (search by address),https://public.hcad.org/
14403 Ella Blvd,14403 Ella Blvd,Houston,Texas,268,sold,,2025-10-27,Af1 Property LLC,,,,,Harris County records (search by address),https://public.hcad.org/
8901 Bissonnet St,8901 Bissonnet St,Houston,Texas,268,sold,,2025-11-19,Amg Stone River LLC,,,,,Harris County records (search by address),https://public.hcad.org/
9447 Concourse Dr,9447 Concourse Dr,Houston,Texas,268,sold,,2025-11-07,Oconee Real Estate Holdings Xviii,,,,,Harris County records (search by address),https://public.hcad.org/
19939 Longenbough Rd,19939 Longenbough Rd,Cypress,Texas,266,under construction,,,,,,,,Harris County records (search by address),https://public.hcad.org/
1800 Barker Cypress Rd,1800 Barker Cypress Rd,Houston,Texas,264,sold,,2025-05-12,Pecos Housing Finance Corp,,,,,Harris County records (search by address),https://public.hcad.org/
2345 Bering Dr,2345 Bering Dr,Houston,Texas,264,sold,,2025-01-23,Phoenician Multifamily Partners LP,,,,,Harris County records (search by address),https://public.hcad.org/
Willow Creek Manor,10621 Cossey Road,Houston,Texas,264,planned,,,,,,,,Texas housing tax-credit inventory (XLSX),https://www.tdhca.texas.gov/sites/default/files/multifamily/docs/HTCPropertyInventory_2.xlsx
10373 N Sam Houston Pky E,10373 N Sam Houston Pky E,Humble,Texas,260,sold,,2025-02-25,Humble- Eagle Creek Apts LLC,,,,,Harris County records (search by address),https://public.hcad.org/
14000 Ella Blvd,14000 Ella Blvd,Houston,Texas,258,sold,,2025-08-05,Tl-I LLC,,,,,Harris County records (search by address),https://public.hcad.org/
2150 Katy Fort Bend Rd,2150 Katy Fort Bend Rd,Katy,Texas,258,sold,,2025-04-01,Cws Katy LP,,,,,Harris County records (search by address),https://public.hcad.org/
6500 Dunlap St,6500 Dunlap St,Houston,Texas,258,sold,,2025-02-18,Pecos Housing Finance Corporation,,,,,Harris County records (search by address),https://public.hcad.org/
1414 S Dairy Ashford Rd,1414 S Dairy Ashford Rd,Houston,Texas,256,sold,,2025-10-01,Kv Aventura 1414 Apartments LLC,,,,,Harris County records (search by address),https://public.hcad.org/
5110 Azalea Trace Dr,5110 Azalea Trace Dr,Houston,Texas,256,sold,,2025-04-03,Pecos Housing Finance Corporation,,,,,Harris County records (search by address),https://public.hcad.org/
4040 Synott Rd,4040 Synott Rd,Houston,Texas,255,sold,,2025-05-19,Arm Briar Village LLC,,,,,Harris County records (search by address),https://public.hcad.org/
14651 Philippine St,14651 Philippine St,Houston,Texas,254,sold,,2025-11-05,Ap Kensington Property LLC,,,,,Harris County records (search by address),https://public.hcad.org/
10601 Sabo Rd,10601 Sabo Rd,Houston,Texas,252,sold,,2025-06-10,Gwr Sabo Road Owner LLC,,,,,Harris County records (search by address),https://public.hcad.org/
11707 Fallbrook Dr,11707 Fallbrook Dr,Houston,Texas,252,sold,,2025-08-28,Galt Eillend LTD,,,,,Harris County records (search by address),https://public.hcad.org/
4475 Wilson Rd,4475 Wilson Rd,Humble,Texas,252,sold,,2025-04-29,Ar-Park Lakes LLC,,,,,Harris County records (search by address),https://public.hcad.org/
14603 Fonmeadow St,14603 Fonmeadow St,Houston,Texas,250,under construction,,,,,,,,Harris County records (search by address),https://public.hcad.org/
9303 Woodfair Dr,9303 Woodfair Dr,Houston,Texas,248,sold,,2025-08-03,Mar Del Sol Owner 2 LLC,,,,,Harris County records (search by address),https://public.hcad.org/
14580 Crosby Fwy,14580 Crosby Fwy,Houston,Texas,246,sold,,2025-09-26,Mp New Forest Spe LLC,,,,,Harris County records (search by address),https://public.hcad.org/
8787 Woodway Dr,8787 Woodway Dr,Houston,Texas,246,sold,,2025-09-10,Houston Piney Point Value Add Property % Greybrook Realty Properties INC,,,,,Harris County records (search by address),https://public.hcad.org/
611 Shepherd Dr,611 Shepherd Dr,Houston,Texas,245,sold,,2025-12-10,Bel Shepherd Limited Partnership,,,,,Harris County records (search by address),https://public.hcad.org/
11144 Fuqua St,11144 Fuqua St,Houston,Texas,240,sold,,2024-12-20,Abc All Bout Children INC,,,,,Harris County records (search by address),https://public.hcad.org/
13502 Northborough Dr,13502 Northborough Dr,Houston,Texas,240,sold,,2024-09-30,Ad Sago LLC,,,,,Harris County records (search by address),https://public.hcad.org/
14504 Briar Forest Dr,14504 Briar Forest Dr,Houston,Texas,240,sold,,2025-03-12,Lion Vbf LLC,,,,,Harris County records (search by address),https://public.hcad.org/
14700 Woodson Park Dr,14700 Woodson Park Dr,Houston,Texas,240,sold,,2025-04-22,14700 Tp LLC,,,,,Harris County records (search by address),https://public.hcad.org/
1700 Rollingbrook Dr,1700 Rollingbrook Dr,Baytown,Texas,240,sold,,2025-04-07,Cameron County Housing Finance Corp,,,,,Harris County records (search by address),https://public.hcad.org/
411 Highland Cross Dr,411 Highland Cross Dr,Houston,Texas,236,sold,,2025-05-05,La Villa Housing Finance Corp,,,,,Harris County records (search by address),https://public.hcad.org/
2801 Broadmead Dr,2801 Broadmead Dr,Houston,Texas,235,sold,,2025-03-25,Pecos Housing Finance Corp,,,,,Harris County records (search by address),https://public.hcad.org/
832 W Greens Rd,832 W Greens Rd,Houston,Texas,232,sold,,2025-06-02,Cookeville Cane Creek Apartments LP,,,,,Harris County records (search by address),https://public.hcad.org/
116 E Edgebrook Dr,116 E Edgebrook Dr,Houston,Texas,230,sold,,2025-05-13,Arlington Place Si LLC,,,,,Harris County records (search by address),https://public.hcad.org/
9387 FM 1960 Bypass Rd W,9387 FM 1960 Bypass Rd W,Humble,Texas,229,sold,,2025-05-22,Willowbend Apartments Phase II LLC,,,,,Harris County records (search by address),https://public.hcad.org/
333 Airtex Dr,333 Airtex Dr,Houston,Texas,228,sold,,2025-05-30,Bridgewater Apartments LP Et Al,,,,,Harris County records (search by address),https://public.hcad.org/
8990 Richmond Ave,8990 Richmond Ave,Houston,Texas,228,sold,,2025-11-19,Ua Granite Club LLC,,,,,Harris County records (search by address),https://public.hcad.org/
9393 FM 1960 Bypass Rd W,9393 FM 1960 Bypass Rd W,Humble,Texas,228,sold,,2025-05-23,Willowbend Apartments Phase I LLC,,,,,Harris County records (search by address),https://public.hcad.org/
1320 Montrose Blvd,1320 Montrose Blvd,Houston,Texas,224,sold,,2025-08-13,Montrose Armando LLC,,,,,Harris County records (search by address),https://public.hcad.org/
2380 S Macgregor Way,2380 S Macgregor Way,Houston,Texas,224,sold,,2025-02-13,Lac 2380 S Macgregor LLC,,,,,Harris County records (search by address),https://public.hcad.org/
9401 Tanager St,9401 Tanager St,Houston,Texas,224,sold,,2025-11-13,Ua Riveraine LLC,,,,,Harris County records (search by address),https://public.hcad.org/
Independence Heights II Apartments,222 Crosstimbers St,Houston,Texas,221,planned,,,,,,,,Texas housing tax-credit inventory (XLSX),https://www.tdhca.texas.gov/sites/default/files/multifamily/docs/HTCPropertyInventory_2.xlsx
8 Asbury Place Ln,8 Asbury Place Ln,Houston,Texas,217,under construction,,,,,,,,Harris County records (search by address),https://public.hcad.org/
10919 West Rd,10919 West Rd,Houston,Texas,216,under construction,,,,,,,,Harris County records (search by address),https://public.hcad.org/
500 W Pasadena Blvd,500 W Pasadena Blvd,Deer Park,Texas,215,sold,,2025-11-20,Pal Parktown LP,,,,,Harris County records (search by address),https://public.hcad.org/
8950 Glencrest St,8950 Glencrest St,Houston,Texas,212,sold,,2024-11-12,Verde Apartment Portfolio One LLC,,,,,Harris County records (search by address),https://public.hcad.org/
670 Maxey Rd,670 Maxey Rd,Houston,Texas,211,sold,,2025-03-13,Pecos Housing Finance Corp,,,,,Harris County records (search by address),https://public.hcad.org/
2311 Westheimer Rd,2311 Westheimer Rd,Houston,Texas,209,under construction,,,,,,,,Harris County records (search by address),https://public.hcad.org/
8900 Glencrest St,8900 Glencrest St,Houston,Texas,208,sold,,2024-11-12,Verde Apartment Protfokio One LLC,,,,,Harris County records (search by address),https://public.hcad.org/
8955 Broadway St,8955 Broadway St,Houston,Texas,208,sold,,2024-11-12,Verde Apartment Protfolio One LLC,,,,,Harris County records (search by address),https://public.hcad.org/
1110 Graham Dr,1110 Graham Dr,Tomball,Texas,206,sold,,2025-05-12,Pecos Housing Finance Corp,,,,,Harris County records (search by address),https://public.hcad.org/
Fairmont Residences,2585 W. Tidwell,Houston,Texas,204,under construction,2028-07-31,,,Tidwell 5 Dev LLC,(281) 221-2699,,,State project record,https://www.tdlr.texas.gov/TABS/Search/Project/TABS2026023711
605 Hunt Rd,605 Hunt Rd,Baytown,Texas,203,under construction,,,,,,,,Harris County records (search by address),https://public.hcad.org/
13030 Northborough Dr,13030 Northborough Dr,Houston,Texas,202,sold,,2024-11-07,Fidelity Bank N A,,,,,Harris County records (search by address),https://public.hcad.org/
11710 Algonquin Dr,11710 Algonquin Dr,Houston,Texas,200,sold,,2025-05-07,Edcouch Community Housing,,,,,Harris County records (search by address),https://public.hcad.org/
5045 Burke Rd,5045 Burke Rd,Pasadena,Texas,200,under construction,,,,,,,,Harris County records (search by address),https://public.hcad.org/
600 Nottingham Oaks Trl,600 Nottingham Oaks Trl,Houston,Texas,200,sold,,2025-06-30,600 Nottingham Oaks Trail Holdings LP,,,,,Harris County records (search by address),https://public.hcad.org/
6400 Washington Ave,6400 Washington Ave,Houston,Texas,198,sold,,2024-10-16,Lcp Mf111 Memorial LLC,,,,,Harris County records (search by address),https://public.hcad.org/
8791 Hammerly Blvd,8791 Hammerly Blvd,Houston,Texas,198,sold,,2025-05-27,Caldera Property Owner LLC,,,,,Harris County records (search by address),https://public.hcad.org/
13913 Ella Blvd,13913 Ella Blvd,Houston,Texas,196,sold,,2025-09-03,Montecello Owner LLC,,,,,Harris County records (search by address),https://public.hcad.org/
2400 Hackett Dr,2400 Hackett Dr,Houston,Texas,196,sold,,2025-05-07,La Villa Housing Finance Corp,,,,,Harris County records (search by address),https://public.hcad.org/
6620 Gessner Dr,6620 Gessner Dr,Houston,Texas,196,sold,,2025-08-22,JS FRANKLIN LLC & Etal,,,,,Harris County records (search by address),https://public.hcad.org/
700 Dunson Glen Dr,700 Dunson Glen Dr,Houston,Texas,196,sold,,2025-01-07,Lsf Gtp Houston LLC,,,,,Harris County records (search by address),https://public.hcad.org/
1655 Blue Bell Rd,1655 Blue Bell Rd,Houston,Texas,195,sold,,2025-06-25,Irg-Bgo Blue Bell One LP,,,,,Harris County records (search by address),https://public.hcad.org/
22820 Imperial Valley Dr,22820 Imperial Valley Dr,Houston,Texas,192,sold,,2025-06-13,Rockfish Capital Imerial Valley LLC,,,,,Harris County records (search by address),https://public.hcad.org/
7835 Grow Ln,7835 Grow Ln,Houston,Texas,192,sold,,2025-06-03,Cf 7835 Grow Lane Quail I LLC,,,,,Harris County records (search by address),https://public.hcad.org/
14814 Perthshire Rd,14814 Perthshire Rd,Houston,Texas,190,sold,,2025-12-10,Ve Perthshire Owner,,,,,Harris County records (search by address),https://public.hcad.org/
1901 Cullen Blvd,1901 Cullen Blvd,Houston,Texas,190,sold,,2025-06-03,900 Title Jefferson LLC % Cwcapital,,,,,Harris County records (search by address),https://public.hcad.org/
8585 Woodway Dr,8585 Woodway Dr,Houston,Texas,190,sold,,2024-10-01,Lion Stone Creek LLC,,,,,Harris County records (search by address),https://public.hcad.org/
21901 Gosling Rd,21901 Gosling Rd,Spring,Texas,189,sold,,2025-07-29,Gosling Mf II Prop Co 1 LLC,,,,,Harris County records (search by address),https://public.hcad.org/
4899 Montrose Blvd,4899 Montrose Blvd,Houston,Texas,187,sold,,2025-07-05,Finger Museum Tower LLC,,,,,Harris County records (search by address),https://public.hcad.org/
2700 Westridge St,2700 Westridge St,Houston,Texas,184,sold,,2025-01-07,Lsf Rpa Houston LLC,,,,,Harris County records (search by address),https://public.hcad.org/
3360 Mccue Rd,3360 Mccue Rd,Houston,Texas,183,under construction,,,,,,,,Harris County records (search by address),https://public.hcad.org/
2851 Wallingford Dr,2851 Wallingford Dr,Houston,Texas,182,sold,,2025-01-07,Hg Oaks Of Westchase LLC,,,,,Harris County records (search by address),https://public.hcad.org/
4801 Allendale Rd,4801 Allendale Rd,Houston,Texas,182,sold,,2025-09-02,Tc Spe 6 LLC,,,,,Harris County records (search by address),https://public.hcad.org/
10010 Greenfork Dr,10010 Greenfork Dr,Houston,Texas,180,sold,,2025-08-01,Apt Whispering Oaks LLC,,,,,Harris County records (search by address),https://public.hcad.org/
2700 S Dairy Ashford Rd,2700 S Dairy Ashford Rd,Houston,Texas,180,sold,,2024-12-19,Ashford Park Hwc Po LLC,,,,,Harris County records (search by address),https://public.hcad.org/
4854 Greenhouse Rd,4854 Greenhouse Rd,Houston,Texas,180,under construction,,,,,,,,Harris County records (search by address),https://public.hcad.org/
8300 W Airport Blvd,8300 W Airport Blvd,Houston,Texas,178,sold,,2025-11-04,Oconee Real Estate Holdings,,,,,Harris County records (search by address),https://public.hcad.org/
2213 Millstone Dr,2213 Millstone Dr,Houston,Texas,176,under construction,,,,,,,,Harris County records (search by address),https://public.hcad.org/
Center St Multifamily East,3616 center st,Houston,Texas,172,under construction,2028-10-02,,,"Center St Owner (TX), LP",(512) 657-3433,,,State project record,https://www.tdlr.texas.gov/TABS/Search/Project/TABS2026016802
2727 Elmside Dr,2727 Elmside Dr,Houston,Texas,171,sold,,2025-04-03,Pecos Housing Finance Corp,,,,,Harris County records (search by address),https://public.hcad.org/
13333 Northborough Dr,13333 Northborough Dr,Houston,Texas,170,sold,,2025-12-09,Nsi Canfield LLC,,,,,Harris County records (search by address),https://public.hcad.org/
2300 Red Bluff Rd,2300 Red Bluff Rd,Pasadena,Texas,170,sold,,2025-10-21,Jp Quarters On Red Bluff LLC,,(713) 473-5521,,https://www.apartments.com/quarters-on-red-bluff-pasadena-tx/2rsmm68/ (2026-09-26),Harris County records (search by address),https://public.hcad.org/
1000 Country Place Dr,1000 Country Place Dr,Houston,Texas,169,sold,,2024-10-14,Ourrea Amalfi LLC Et Al,,,,,Harris County records (search by address),https://public.hcad.org/
14445 Wallisville Rd,14445 Wallisville Rd,Houston,Texas,168,sold,,2024-12-18,Boardwalk Dover Pointe LLC,,,,,Harris County records (search by address),https://public.hcad.org/
970 Bunker Hill Rd,970 Bunker Hill Rd,Houston,Texas,164,sold,,2025-03-07,Moody 77024 Multi-Family Dst,,,,,Harris County records (search by address),https://public.hcad.org/
12550 J F K,12550 J F K,Houston,Texas,162,under construction,,,,,,,,Harris County records (search by address),https://public.hcad.org/
915 Silber Rd,915 Silber Rd,Houston,Texas,161,sold,,2025-12-17,915 Silber Partners LLC,,,,,Harris County records (search by address),https://public.hcad.org/
13725 Cambury Dr,13725 Cambury Dr,Houston,Texas,160,sold,,2024-12-20,Amg City View Apartments LLC,,,,,Harris County records (search by address),https://public.hcad.org/
5050 Sunflower St,5050 Sunflower St,Houston,Texas,160,sold,,2025-06-24,Sunflower Terrace Preservation LLC C/O Fairstead,,,,,Harris County records (search by address),https://public.hcad.org/
10575 Westpark Dr,10575 Westpark Dr,Houston,Texas,156,sold,,2024-10-24,Cr Westpark LLC,,,,,Harris County records (search by address),https://public.hcad.org/
11119 Steeple Way Blvd,11119 Steeple Way Blvd,Houston,Texas,154,sold,,2025-01-07,Hpi Steeple LLC,,,,,Harris County records (search by address),https://public.hcad.org/
3101 Smith St,3101 Smith St,Houston,Texas,154,sold,,2025-04-30,Hsr Midtown LLC,,,,,Harris County records (search by address),https://public.hcad.org/
7035 Bellfort St,7035 Bellfort St,Houston,Texas,154,sold,,2024-11-08,Srb Bellfort Plaza LLC,,,,,Harris County records (search by address),https://public.hcad.org/
4055 S Braeswood Blvd,4055 S Braeswood Blvd,Houston,Texas,153,sold,,2024-10-29,Star Braeswood Apartments LLC,,,,,Harris County records (search by address),https://public.hcad.org/
3401 Dunvale Rd,3401 Dunvale Rd,Houston,Texas,152,sold,,2025-05-15,La Villa Housing Finance Corp,,,,,Harris County records (search by address),https://public.hcad.org/
3415 Havenbrook Dr,3415 Havenbrook Dr,Humble,Texas,152,sold,,2024-09-16,3415 Havenbrook LP,,,,,Harris County records (search by address),https://public.hcad.org/
5900 N Braeswood Blvd,5900 N Braeswood Blvd,Houston,Texas,152,sold,,2025-05-13,Cameron County Housing Finance Corp,,,,,Harris County records (search by address),https://public.hcad.org/
12808 Queensbury Ln,12808 Queensbury Ln,Houston,Texas,150,sold,,2025-08-13,Lofts Armando LLC,,,,,Harris County records (search by address),https://public.hcad.org/
9757 Windwater Dr,9757 Windwater Dr,Houston,Texas,150,sold,,2025-09-18,Hm Windmill Lakes Jv LLC,,,,,Harris County records (search by address),https://public.hcad.org/
13355 Northborough Dr,13355 Northborough Dr,Houston,Texas,144,sold,,2025-12-09,Nsi Canfield LLC,,,,,Harris County records (search by address),https://public.hcad.org/
13150 Bissonnet St,13150 Bissonnet St,Houston,Texas,143,sold,,2025-06-03,Lft Houston LLC,,,,,Harris County records (search by address),https://public.hcad.org/
4011 Galveston Rd,4011 Galveston Rd,Houston,Texas,143,sold,,2025-12-04,Dorchester Wealth Management LLC,,(713) 644-1271,,https://www.apartments.com/dorchester-houston-tx/d9xttfj/ (2026-09-26),Harris County records (search by address),https://public.hcad.org/
7850 FM 1960 Rd E,7850 FM 1960 Rd E,Humble,Texas,141,sold,,2024-09-25,7850 Fm1960 LP,,,,,Harris County records (search by address),https://public.hcad.org/
902 Cleveland St,902 Cleveland St,Houston,Texas,140,sold,,2025-11-11,Cws St Joseph LLC Et Al,,,,,Harris County records (search by address),https://public.hcad.org/
13223 Champions Centre Dr,13223 Champions Centre Dr,Houston,Texas,139,sold,,2024-11-21,13223 Champions Spv LLC,,,,,Harris County records (search by address),https://public.hcad.org/
123 Winkler Dr,123 Winkler Dr,Houston,Texas,135,sold,,2025-11-10,123 Winkler Realty LLC,,,,,Harris County records (search by address),https://public.hcad.org/
1717 Bissonnet St,1717 Bissonnet St,Houston,Texas,134,under construction,,,,,,,,Harris County records (search by address),https://public.hcad.org/
17610 Cali Dr,17610 Cali Dr,Houston,Texas,134,sold,,2025-10-28,Cali Crossing Acquisition LLC,,,,,Harris County records (search by address),https://public.hcad.org/
1901 Lakeside Dr,1901 Lakeside Dr,Seabrook,Texas,132,sold,,2024-11-08,Ravj Seabrook Infinite Property Spe LLC,,,,,Harris County records (search by address),https://public.hcad.org/
7900 Creekbend Dr,7900 Creekbend Dr,Houston,Texas,130,sold,,2024-12-18,Windsor Park 7 LLC,,,,,Harris County records (search by address),https://public.hcad.org/
1515 Rudel Dr,1515 Rudel Dr,Tomball,Texas,128,sold,,2025-02-04,Public Welfare Investments Holdco LLC,,,,,Harris County records (search by address),https://public.hcad.org/
9401 Coventry Square Dr,9401 Coventry Square Dr,Houston,Texas,128,sold,,2025-12-25,Mvc Coventry Holding LP,,,,,Harris County records (search by address),https://public.hcad.org/
New Faith Senior Village Apartments,4315 W. Fuqua Street,Houston,Texas,128,planned,,,,,,,,Texas housing tax-credit inventory (XLSX),https://www.tdhca.texas.gov/sites/default/files/multifamily/docs/HTCPropertyInventory_2.xlsx
3800 Sherwood Ln,3800 Sherwood Ln,Houston,Texas,126,sold,,2025-08-16,To 3800 LLC,,,,,Harris County records (search by address),https://public.hcad.org/
3520 Nasa Road 1,3520 Nasa Road 1,Seabrook,Texas,125,sold,,2024-12-18,Apartment Fund LLC,,,,,Harris County records (search by address),https://public.hcad.org/
4014 Clarblak Ln,4014 Clarblak Ln,Houston,Texas,125,under construction,,,,,,,,Harris County records (search by address),https://public.hcad.org/
6105 W Orem Dr,6105 W Orem Dr,Houston,Texas,124,sold,,2025-01-15,Corinthian Village Holdings LLC,,,,,Harris County records (search by address),https://public.hcad.org/
7800 W Airport Blvd,7800 W Airport Blvd,Houston,Texas,124,sold,,2025-12-18,Amritta Wealth Management LLC,,,,,Harris County records (search by address),https://public.hcad.org/
10202 Challenger 7 Dr,10202 Challenger 7 Dr,Houston,Texas,123,sold,,2025-09-29,Af2 Property LLC,,,,,Harris County records (search by address),https://public.hcad.org/
Hartwood at Windstone,19735 Clay Rd.,Houston,Texas,123,planned,,,,,,,,Texas housing tax-credit inventory (XLSX),https://www.tdhca.texas.gov/sites/default/files/multifamily/docs/HTCPropertyInventory_2.xlsx
2666 Marilee Ln,2666 Marilee Ln,Houston,Texas,122,sold,,2024-12-03,Heritage Apartments Property Owner LLC,,,,,Harris County records (search by address),https://public.hcad.org/
333 Normandy St,333 Normandy St,Houston,Texas,122,sold,,2024-12-18,Normandy Owner LLC,,,,,Harris County records (search by address),https://public.hcad.org/
220 Bammel Westfield Rd,220 Bammel Westfield Rd,Houston,Texas,120,sold,,2025-12-09,Dordoi Invest INC,,,,,Harris County records (search by address),https://public.hcad.org/
3455 FM 1960 Rd,3455 FM 1960 Rd,Humble,Texas,120,sold,,2025-09-09,Terraces At Copper Leaf LP,,,,,Harris County records (search by address),https://public.hcad.org/
Andover Village Apartments (f/k/a Nunn Village Apartments),6901 Bellfort Avenue,Houston,Texas,120,planned,,,,,,,,Texas housing tax-credit inventory (XLSX),https://www.tdhca.texas.gov/sites/default/files/multifamily/docs/HTCPropertyInventory_2.xlsx
Bernicia Place,SEC of Old Spanish Trail and Scottcrest Drive,Houston,Texas,120,planned,,,,,(713) 669-4521,,,Texas housing tax-credit inventory (XLSX),https://www.tdhca.texas.gov/sites/default/files/multifamily/docs/HTCPropertyInventory_2.xlsx
New Hope Housing Avenue C,7501 Harrisburg Blvd.,Houston,Texas,120,planned,,,,,,,,Texas housing tax-credit inventory (XLSX),https://www.tdhca.texas.gov/sites/default/files/multifamily/docs/HTCPropertyInventory_2.xlsx
15100 Golden Eagle Dr,15100 Golden Eagle Dr,Humble,Texas,118,sold,,2025-08-26,Rockstar Waterchase LLC,,,,,Harris County records (search by address),https://public.hcad.org/
15405 Katy Fwy,15405 Katy Fwy,Houston,Texas,116,sold,,2025-05-02,The Blueprint Apartments LLC,,,,,Harris County records (search by address),https://public.hcad.org/
1640 Blalock Rd,1640 Blalock Rd,Houston,Texas,115,sold,,2024-11-01,Elite Realty Partners LLC,,,,,Harris County records (search by address),https://public.hcad.org/
796 Town And Country Blvd,796 Town And Country Blvd,Houston,Texas,114,sold,,2025-08-13,Domain Armando LLC,,,,,Harris County records (search by address),https://public.hcad.org/
21751 Cimarron Pky,21751 Cimarron Pky,Katy,Texas,112,under construction,,,,,,,,Harris County records (search by address),https://public.hcad.org/
5400 Memorial Dr,5400 Memorial Dr,Houston,Texas,112,sold,,2024-12-10,Fell In Love LLC,,,,,Harris County records (search by address),https://public.hcad.org/
9110 Tidwell Rd,9110 Tidwell Rd,Houston,Texas,108,sold,,2025-03-12,Commons Of Grace LP,,,,,Harris County records (search by address),https://public.hcad.org/
The Grove at Deerbrook,SEQ Deerbrook Park Blvd and Orchard Ridge Ln,Houston,Texas,108,planned,,,,,,,,Texas housing tax-credit inventory (XLSX),https://www.tdhca.texas.gov/sites/default/files/multifamily/docs/HTCPropertyInventory_2.xlsx
12660 Medfield Dr,12660 Medfield Dr,Houston,Texas,106,sold,,2025-02-26,Houston Vanderbilt Lodge Apartments LP,,,,,Harris County records (search by address),https://public.hcad.org/
1742 Woodvine Dr,1742 Woodvine Dr,Houston,Texas,105,sold,,2025-07-23,Texastar Investments LLC,,,,,Harris County records (search by address),https://public.hcad.org/
6111 Winsome Ln,6111 Winsome Ln,Houston,Texas,105,sold,,2025-05-28,Ameritas Life Insurance Corp,,,,,Harris County records (search by address),https://public.hcad.org/
11805 Meadowglen Ln,11805 Meadowglen Ln,Houston,Texas,104,sold,,2025-07-23,Gvii-Ms Royal Oaks Owner LP,,,,,Harris County records (search by address),https://public.hcad.org/
"119,873 Sf New Apt Bld (104Units)(2/8) 1-5-3-R2/A3-A-Spk/Fa '21Ibc",3028 Center St Bldg1A,Houston,Texas,104,permitted,,,,,,,,Houston weekly permit list,https://www.houstontx.gov/planning/DevelopRegs/
13350 Northborough Dr,13350 Northborough Dr,Houston,Texas,104,sold,,2025-12-09,Nsi Canfield LLC,,,,,Harris County records (search by address),https://public.hcad.org/
15815 Memorial Dr,15815 Memorial Dr,Houston,Texas,104,sold,,2025-07-18,Tazono Urban Corporation,,,,,Harris County records (search by address),https://public.hcad.org/
2105 Cedar Bayou Rd,2105 Cedar Bayou Rd,Baytown,Texas,104,sold,,2025-08-21,Tpi Greenfield LLC,,,,,Harris County records (search by address),https://public.hcad.org/
3411 Cummins St,3411 Cummins St,Houston,Texas,103,sold,,2025-08-28,Va9 Greenway Court LLC,,,,,Harris County records (search by address),https://public.hcad.org/
New 99137 Sf Apartment Building/Site 1-4-5-R2-A 21Ibc Sp/Fa (M/3),1117 Bland St,Houston,Texas,103,permitted,,,,,,,,Houston weekly permit list,https://www.houstontx.gov/planning/DevelopRegs/
Retreat at Esther,Southwest Quadrant of Wheatley St and Esther Dr,Houston,Texas,103,planned,,,,,,,,Texas housing tax-credit inventory (XLSX),https://www.tdhca.texas.gov/sites/default/files/multifamily/docs/HTCPropertyInventory_2.xlsx
"112,805Sf New Apt Bld(102Unit)(7/8)1-5-3-R2/A3-A-Spk/Fa '21Ibc",3028 Washington Ave 2A,Houston,Texas,102,permitted,,,,,,,,Houston weekly permit list,https://www.houstontx.gov/planning/DevelopRegs/
WALIPP Senior Residence Expansion,"5120 Scott St., 5134 Grantwood St., 5141 Grantwood St.",Houston,Texas,102,planned,,,,,,,,Texas housing tax-credit inventory (XLSX),https://www.tdhca.texas.gov/sites/default/files/multifamily/docs/HTCPropertyInventory_2.xlsx
12888 Queensbury Ln,12888 Queensbury Ln,Houston,Texas,100,sold,,2025-08-13,Lofts Armando LLC,,,,,Harris County records (search by address),https://public.hcad.org/
The Tidwell,304 Tidwell Road,Houston,Texas,99,planned,,,,,,,,Texas housing tax-credit inventory (XLSX),https://www.tdhca.texas.gov/sites/default/files/multifamily/docs/HTCPropertyInventory_2.xlsx
20710 Imperial Valley Dr,20710 Imperial Valley Dr,Houston,Texas,98,under construction,,,,,,,,Harris County records (search by address),https://public.hcad.org/
Dashwood Trails,NEC Dashwood Dr and Jetty Ln,Houston,Texas,98,planned,,,,,,,,Texas housing tax-credit inventory (XLSX),https://www.tdhca.texas.gov/sites/default/files/multifamily/docs/HTCPropertyInventory_2.xlsx
Northpark Garden Villas,East Side Imperial Valley Dr at Northpark Central Dr,Houston,Texas,98,planned,,,,,,,,Texas housing tax-credit inventory (XLSX),https://www.tdhca.texas.gov/sites/default/files/multifamily/docs/HTCPropertyInventory_2.xlsx
1017 Birdsong Dr,1017 Birdsong Dr,Baytown,Texas,96,sold,,2024-09-10,Birdsong Apartments LP % Read Property Group LLC,,,,,Harris County records (search by address),https://public.hcad.org/
1325 Greens Pky,1325 Greens Pky,Houston,Texas,96,sold,,2025-04-01,Lsf Plv Houston LLC,,,,,Harris County records (search by address),https://public.hcad.org/
166 Winkler Dr,166 Winkler Dr,Houston,Texas,96,sold,,2024-11-11,Ad Winkler LLC,,,,,Harris County records (search by address),https://public.hcad.org/
Cedar Brook Village,7401 Little York Rd,Houston,Texas,96,planned,,,,,,,,Texas housing tax-credit inventory (XLSX),https://www.tdhca.texas.gov/sites/default/files/multifamily/docs/HTCPropertyInventory_2.xlsx
146 Center Ct,146 Center Ct,Deer Park,Texas,94,sold,,2025-11-20,Pal Parktown LP,,,,,Harris County records (search by address),https://public.hcad.org/
310 Berry Rd,310 Berry Rd,Houston,Texas,94,sold,,2024-09-30,Oa Houston Holdings LP,,,,,Harris County records (search by address),https://public.hcad.org/
6909 Renwick Dr,6909 Renwick Dr,Houston,Texas,94,sold,,2025-07-30,Grove At Edgemoor LLC,,,,,Harris County records (search by address),https://public.hcad.org/
1620 Oak Tree Dr,1620 Oak Tree Dr,Houston,Texas,90,sold,,2025-04-03,Pecos Housing Finance Corp,,,,,Harris County records (search by address),https://public.hcad.org/
"CSH Silverleaf Senior Living, Ltd.",SEC of Blackhawk Blvd and Texas Sage Drive,Houston,Texas,90,planned,,,,,,,,Texas housing tax-credit inventory (XLSX),https://www.tdhca.texas.gov/sites/default/files/multifamily/docs/HTCPropertyInventory_2.xlsx
Connect Hillcroft,6420 Hillcroft Avenue,Houston,Texas,90,planned,,,,,,,,Texas housing tax-credit inventory (XLSX),https://www.tdhca.texas.gov/sites/default/files/multifamily/docs/HTCPropertyInventory_2.xlsx
Greens at Retton,NWC of Retton Dr. & Northwest Frwy.,Houston,Texas,90,planned,,,,,,,,Texas housing tax-credit inventory (XLSX),https://www.tdhca.texas.gov/sites/default/files/multifamily/docs/HTCPropertyInventory_2.xlsx
Kingfield Trails,15606 Kingfield,Houston,Texas,90,planned,,,,,,,,Texas housing tax-credit inventory (XLSX),https://www.tdhca.texas.gov/sites/default/files/multifamily/docs/HTCPropertyInventory_2.xlsx
Riverside Garden Villas,SWC of Riverside Grove and Addicks Clodine Road,Houston,Texas,90,planned,,,,,,,,Texas housing tax-credit inventory (XLSX),https://www.tdhca.texas.gov/sites/default/files/multifamily/docs/HTCPropertyInventory_2.xlsx
Trinity East Senior,2620 Live Oak Street,Houston,Texas,90,planned,,,,,,,,Texas housing tax-credit inventory (XLSX),https://www.tdhca.texas.gov/sites/default/files/multifamily/docs/HTCPropertyInventory_2.xlsx
712 Pinemont Dr,712 Pinemont Dr,Houston,Texas,88,sold,,2025-03-12,Pecos Housing Finance Corp,,,,,Harris County records (search by address),https://public.hcad.org/
Oasis Gardens,12709 Beechnut St.,Houston,Texas,88,planned,,,,,,,,Texas housing tax-credit inventory (XLSX),https://www.tdhca.texas.gov/sites/default/files/multifamily/docs/HTCPropertyInventory_2.xlsx
4514 Lyons Ave,4514 Lyons Ave,Houston,Texas,85,under construction,,,,,,,,Harris County records (search by address),https://public.hcad.org/
2635 Tim St,2635 Tim St,Houston,Texas,84,sold,,2024-12-10,Nachattar LLC,,,,,Harris County records (search by address),https://public.hcad.org/
3030 Greenridge Dr,3030 Greenridge Dr,Houston,Texas,83,sold,,2025-05-28,Ameritas Life Insurance Corp,,,,,Harris County records (search by address),https://public.hcad.org/
8719 FM 1960 Rd W,8719 FM 1960 Rd W,Houston,Texas,83,sold,,2025-07-10,8719 FM 1960 Road West Reo LLC,,,,,Harris County records (search by address),https://public.hcad.org/
810 Peakwood Dr,810 Peakwood Dr,Houston,Texas,82,under construction,,,,,,,,Harris County records (search by address),https://public.hcad.org/
401 N Allen-Genoa Rd,401 N Allen-Genoa Rd,South Houston,Texas,81,under construction,,,,,,,,Harris County records (search by address),https://public.hcad.org/
11402 Beechnut St,11402 Beechnut St,Houston,Texas,80,sold,,2025-08-01,Apt Leawood Plaza LLC,,,,,Harris County records (search by address),https://public.hcad.org/
911 Sun Prairie Dr,911 Sun Prairie Dr,Houston,Texas,80,sold,,2025-12-30,Tda TX Reserve LLC,,,,,Harris County records (search by address),https://public.hcad.org/
Emancipation West,2718 Emancipation Ave.,Houston,Texas,80,planned,,,,,,,,Texas housing tax-credit inventory (XLSX),https://www.tdhca.texas.gov/sites/default/files/multifamily/docs/HTCPropertyInventory_2.xlsx
NHH Little York,5716 Little York Road,Houston,Texas,80,planned,,,,,,,,Texas housing tax-credit inventory (XLSX),https://www.tdhca.texas.gov/sites/default/files/multifamily/docs/HTCPropertyInventory_2.xlsx
West Fork Place,"West side of Kingwood Place, Dr., south of Kingwood Medical Drive",Houston,Texas,79,planned,,,,,,,,Texas housing tax-credit inventory (XLSX),https://www.tdhca.texas.gov/sites/default/files/multifamily/docs/HTCPropertyInventory_2.xlsx
1000 S Allen Genoa Rd,1000 S Allen Genoa Rd,South Houston,Texas,78,sold,,2025-11-28,Bellatx2023 LLC,,,,,Harris County records (search by address),https://public.hcad.org/
601 W Donovan St,601 W Donovan St,Houston,Texas,78,sold,,2025-05-20,Pecos Housing Finance Corp,,,,,Harris County records (search by address),https://public.hcad.org/
Aldine Station,SEC of Aldine Mail Rte Rd and Fall Meadow Ln,Houston,Texas,78,planned,,,,,,,,Texas housing tax-credit inventory (XLSX),https://www.tdhca.texas.gov/sites/default/files/multifamily/docs/HTCPropertyInventory_2.xlsx
18828 SH 249,18828 SH 249,Houston,Texas,77,sold,,2025-07-14,18828 State Highway 249 Reo LLC,,,,,Harris County records (search by address),https://public.hcad.org/
1919 W Main,1919 W Main,Houston,Texas,77,sold,,2025-09-29,A New Hope Prope LLC,,,,,Harris County records (search by address),https://public.hcad.org/
9301 Clay Rd,9301 Clay Rd,Houston,Texas,76,sold,,2025-03-24,Circulo Jade Forest LLC,,,,,Harris County records (search by address),https://public.hcad.org/
Victory Lofts,SWQ of S Victory St and Bradmar St,Houston,Texas,76,planned,,,,,,,,Texas housing tax-credit inventory (XLSX),https://www.tdhca.texas.gov/sites/default/files/multifamily/docs/HTCPropertyInventory_2.xlsx
1720 Crestdale Dr,1720 Crestdale Dr,Houston,Texas,75,sold,,2025-04-03,Pecos Housing Finance Corp,,,,,Harris County records (search by address),https://public.hcad.org/
3600 S Shaver St,3600 S Shaver St,South Houston,Texas,75,sold,,2025-11-28,Bellatx2023 LLC,,,,,Harris County records (search by address),https://public.hcad.org/
5000 Pease St,5000 Pease St,Houston,Texas,74,sold,,2025-07-28,Jefferson Square LLC,,,,,Harris County records (search by address),https://public.hcad.org/
8030 W Airport Blvd,8030 W Airport Blvd,Houston,Texas,73,sold,,2025-11-04,Oconee Real Estate Holdings,,,,,Harris County records (search by address),https://public.hcad.org/
Residences at Sakowitz,1702 Sakowitz Street,Houston,Texas,73,planned,,,,,,,,Texas housing tax-credit inventory (XLSX),https://www.tdhca.texas.gov/sites/default/files/multifamily/docs/HTCPropertyInventory_2.xlsx
12425 John F Kennedy Blvd,12425 John F Kennedy Blvd,Houston,Texas,72,under construction,,,,,,,,Harris County records (search by address),https://public.hcad.org/
15960 Kuykendahl Rd,15960 Kuykendahl Rd,Houston,Texas,72,under construction,,,,,,,,Harris County records (search by address),https://public.hcad.org/
The Ashbourne,9677 S Kirkwood Rd,Houston,Texas,72,planned,,,,,,,,Texas housing tax-credit inventory (XLSX),https://www.tdhca.texas.gov/sites/default/files/multifamily/docs/HTCPropertyInventory_2.xlsx
6011 Dashwood Dr,6011 Dashwood Dr,Houston,Texas,71,sold,,2024-11-25,Frida Garden House LLC,,,,,Harris County records (search by address),https://public.hcad.org/
"69,056Sf New Apt Bld(70Units)(8/8)1-5-3-R2-A-Spk/Fa '21Ibc",3028 Washington Ave Bldg2B,Houston,Texas,70,permitted,,,,,,,,Houston weekly permit list,https://www.houstontx.gov/planning/DevelopRegs/
2826 Shaver St,2826 Shaver St,Pasadena,Texas,68,under construction,,,,,,,,Harris County records (search by address),https://public.hcad.org/
4500 N Main St,4500 N Main St,Houston,Texas,68,sold,,2024-12-16,4500 N Main LLC,,,,,Harris County records (search by address),https://public.hcad.org/
818 Pinemont Dr,818 Pinemont Dr,Houston,Texas,68,sold,,2025-03-12,Pecos Housing Finance Corp,,,,,Harris County records (search by address),https://public.hcad.org/
"78,855 Sf New Apt Bld (65 Units) (M/8) 1-5-3-R2-A-Spk/Fa '21 Ibc",3028 Center St Bldg1B,Houston,Texas,65,permitted,,,,,,,,Houston weekly permit list,https://www.houstontx.gov/planning/DevelopRegs/
Lofts at Wayfarer,SWC of Blackhawk Blvd and Texas Sage Dr,Houston,Texas,65,planned,,,,,,,,Texas housing tax-credit inventory (XLSX),https://www.tdhca.texas.gov/sites/default/files/multifamily/docs/HTCPropertyInventory_2.xlsx
3811 Link Valley Dr,3811 Link Valley Dr,Houston,Texas,61,sold,,2025-06-30,Houston Spyglass LLC,,,,,Harris County records (search by address),https://public.hcad.org/
1920 Hollister St,1920 Hollister St,Houston,Texas,60,sold,,2025-12-18,Hollister Luxury Apartments TX LLC,,,,,Harris County records (search by address),https://public.hcad.org/
2028 Laverne St,2028 Laverne St,Houston,Texas,58,sold,,2025-07-31,Laverne Sunshine Property LLC,,,,,Harris County records (search by address),https://public.hcad.org/
1541 Moritz Dr,1541 Moritz Dr,Houston,Texas,56,sold,,2025-12-09,1541 Moritz LP % Rc Investment Properties LLC,,,,,Harris County records (search by address),https://public.hcad.org/
3201 Garth Rd,3201 Garth Rd,Baytown,Texas,56,sold,,2025-05-30,Verve Apartments LLC,,,,,Harris County records (search by address),https://public.hcad.org/
4812 Sycamore Ave,4812 Sycamore Ave,Pasadena,Texas,56,sold,,2025-06-02,Stormfield Capital Funding I LLC,,,,,Harris County records (search by address),https://public.hcad.org/
Heritage Park,581 Acres Lane,Sealy,Texas,56,planned,,,,,,,,Texas housing tax-credit inventory (XLSX),https://www.tdhca.texas.gov/sites/default/files/multifamily/docs/HTCPropertyInventory_2.xlsx
403 Garner Rd,403 Garner Rd,Pasadena,Texas,52,sold,,2025-11-12,403 Garner Rd Spe LLC,,,,,Harris County records (search by address),https://public.hcad.org/
8345 Park Place Blvd,8345 Park Place Blvd,Houston,Texas,50,sold,,2025-12-04,Fat Property LLC,,,,,Harris County records (search by address),https://public.hcad.org/
Easy Street Lofts,600 Easy St.,Cleveland,Texas,49,planned,,,,,,,,Texas housing tax-credit inventory (XLSX),https://www.tdhca.texas.gov/sites/default/files/multifamily/docs/HTCPropertyInventory_2.xlsx
1710 W T C Jester Blvd,1710 W T C Jester Blvd,Houston,Texas,48,sold,,2025-04-02,Gwo LLC,,,,,Harris County records (search by address),https://public.hcad.org/
1907 Dismuke St,1907 Dismuke St,Houston,Texas,48,sold,,2024-11-25,Team Chudecke Longhorn LLC,,,,,Harris County records (search by address),https://public.hcad.org/
327 Hufsmith,327 Hufsmith,Tomball,Texas,48,sold,,2025-07-15,Tomball Tora Borrower LLC,,,,,Harris County records (search by address),https://public.hcad.org/
5505 Pine St,5505 Pine St,Houston,Texas,48,sold,,2025-05-08,Cameron County Housing Finance Corp,,,,,Harris County records (search by address),https://public.hcad.org/
1819 Briarcreek Blvd,1819 Briarcreek Blvd,Houston,Texas,44,sold,,2025-04-11,Team Chudecke Mustang LLC,,,,,Harris County records (search by address),https://public.hcad.org/
301 Tri City Beach Rd,301 Tri City Beach Rd,Baytown,Texas,44,sold,,2025-09-19,Baytown Collective LLC,,,,,Harris County records (search by address),https://public.hcad.org/
902 Oak St,902 Oak St,Houston,Texas,44,sold,,2025-02-28,902 Oak LLC,,,,,Harris County records (search by address),https://public.hcad.org/
1010 Jackson Ave,1010 Jackson Ave,Pasadena,Texas,42,sold,,2025-06-03,Stormfield Capital Funding LLC,,,,,Harris County records (search by address),https://public.hcad.org/
1901 Richmond Ave,1901 Richmond Ave,Houston,Texas,42,sold,,2025-06-16,1901 Richmond Investors LLC,,,,,Harris County records (search by address),https://public.hcad.org/
1938 Knoll St,1938 Knoll St,Houston,Texas,40,under construction,,,,,,,,Harris County records (search by address),https://public.hcad.org/
2211 W Alabama Dr,2211 W Alabama Dr,Houston,Texas,40,sold,,2025-09-29,2211 W Alabama LLC C/O Cwcapital Asset Management,,,,,Harris County records (search by address),https://public.hcad.org/
2802 Westside Dr,2802 Westside Dr,Pasadena,Texas,40,sold,,2024-09-27,Sdk Westside LLC,,,,,Harris County records (search by address),https://public.hcad.org/
3643 N Macgregor Way,3643 N Macgregor Way,Houston,Texas,40,sold,,2025-09-19,Pank Holdings LLC,,,,,Harris County records (search by address),https://public.hcad.org/
6301 Alfano St,6301 Alfano St,Houston,Texas,40,sold,,2025-03-05,R Garden LLC,,,,,Harris County records (search by address),https://public.hcad.org/
8351 Park Place Blvd,8351 Park Place Blvd,Houston,Texas,40,sold,,2025-12-04,Untitled Prop LLC,,,,,Harris County records (search by address),https://public.hcad.org/
8923 Antoine Dr,8923 Antoine Dr,Houston,Texas,40,sold,,2025-08-28,8923-9021 Antoine Drive Holdings LP,,,,,Harris County records (search by address),https://public.hcad.org/
Avalon Gardens Apartments,21801 Blassingame Road,Hempstead,Texas,40,under construction,2026-05-01,,,Enclave Property,(832) 715-2321,,,State project record,https://www.tdlr.texas.gov/TABS/Search/Project/TABS2025011461
4702 Mangum Rd,4702 Mangum Rd,Houston,Texas,38,sold,,2024-11-19,Mangum Partners LLC,,,,,Harris County records (search by address),https://public.hcad.org/
803 Dunson Glen Dr,803 Dunson Glen Dr,Houston,Texas,36,sold,,2025-12-30,Tda TX Reserve LLC,,,,,Harris County records (search by address),https://public.hcad.org/
424 Thornton Rd,424 Thornton Rd,Houston,Texas,34,sold,,2025-11-26,Thornton 414 LLC,,,,,Harris County records (search by address),https://public.hcad.org/
9135 Airline Dr,9135 Airline Dr,Houston,Texas,33,sold,,2025-11-07,Sulyukmanov Albert,,,,,Harris County records (search by address),https://public.hcad.org/
13718 Force St,13718 Force St,Houston,Texas,32,sold,,2024-09-27,Sdk Force LLC,,,,,Harris County records (search by address),https://public.hcad.org/
2434 Lidstone St,2434 Lidstone St,Houston,Texas,32,under construction,,,,,,,,Harris County records (search by address),https://public.hcad.org/
3838 Glen Arbor Dr,3838 Glen Arbor Dr,Houston,Texas,32,sold,,2025-03-03,Sayeg Living Trust,,,,,Harris County records (search by address),https://public.hcad.org/
4137 Dover St,4137 Dover St,Houston,Texas,32,sold,,2025-10-30,Dalpha Group LLC,,,,,Harris County records (search by address),https://public.hcad.org/
8137 Rankin Rd,8137 Rankin Rd,Humble,Texas,32,sold,,2025-08-22,Bryson Rankin LLC,,,,,Harris County records (search by address),https://public.hcad.org/
903 Dunson Glen Dr,903 Dunson Glen Dr,Houston,Texas,32,sold,,2025-12-30,Tda TX Reserve LLC,,,,,Harris County records (search by address),https://public.hcad.org/
1919 Portsmouth St,1919 Portsmouth St,Houston,Texas,30,sold,,2025-03-06,Csc 1919 Portsmouth Realty LLC,,,,,Harris County records (search by address),https://public.hcad.org/
2010 Johanna Dr,2010 Johanna Dr,Houston,Texas,30,sold,,2025-06-23,Johanna Ventures LLC,,,,,Harris County records (search by address),https://public.hcad.org/
1903 Portsmouth St,1903 Portsmouth St,Houston,Texas,29,sold,,2025-02-03,Csc 1919 Portsmouth Realty LLC,,,,,Harris County records (search by address),https://public.hcad.org/
3045 Golfcrest Blvd,3045 Golfcrest Blvd,Houston,Texas,29,sold,,2025-04-04,Team Chudecke Armadillo LLC,,,,,Harris County records (search by address),https://public.hcad.org/
12835 Jones Rd,12835 Jones Rd,Houston,Texas,28,sold,,2025-07-17,12835 Jones Road LLC,,,,,Harris County records (search by address),https://public.hcad.org/
7330 Silent Wood Ln,7330 Silent Wood Ln,Houston,Texas,28,sold,,2025-10-29,Ei1 LLC,,,,,Harris County records (search by address),https://public.hcad.org/
7900 South Loop E,7900 South Loop E,Houston,Texas,28,sold,,2024-12-26,Gulfgate Oaks Apartments LLC,,,,,Harris County records (search by address),https://public.hcad.org/
414 Marshall St,414 Marshall St,Houston,Texas,27,sold,,2024-10-31,414 Marshall Street LP,,,,,Harris County records (search by address),https://public.hcad.org/
1716 Crownover Rd,1716 Crownover Rd,Houston,Texas,26,sold,,2025-11-14,1716 Crownover LLC,,,,,Harris County records (search by address),https://public.hcad.org/
4320 Leeland St,4320 Leeland St,Houston,Texas,26,sold,,2024-10-30,Dj Property Investments LLC,,,,,Harris County records (search by address),https://public.hcad.org/
6636 Bellfort St,6636 Bellfort St,Houston,Texas,26,sold,,2025-05-15,Community Loan Servicihg LLC,,,,,Harris County records (search by address),https://public.hcad.org/
1200 Carolyn Ct,1200 Carolyn Ct,Humble,Texas,24,sold,,2025-07-31,Aeh Carolyn Court LLC,,,,,Harris County records (search by address),https://public.hcad.org/
7830 Bayou Forest Dr,7830 Bayou Forest Dr,Houston,Texas,24,sold,,2025-09-05,Saks Invwood Investments LLC,,,,,Harris County records (search by address),https://public.hcad.org/
Patricia On Arbor Apartments,2008 & 2014 Arbor Street,Houston,Texas,24,permitted,2028-10-01,,,Arbor Development Company LLC,(713) 302-4438,,,State project record,https://www.tdlr.texas.gov/TABS/Search/Project/TABS2026017265
5714 Jessamine St,5714 Jessamine St,Houston,Texas,22,sold,,2025-06-12,5714 Jessamine LLC,,,,,Harris County records (search by address),https://public.hcad.org/
6821 Fairway Dr,6821 Fairway Dr,Houston,Texas,22,sold,,2025-02-11,Amblegrove LLC,,,,,Harris County records (search by address),https://public.hcad.org/
201 Emerson St,201 Emerson St,Houston,Texas,20,sold,,2025-01-28,201 Emerson LLC,,,,,Harris County records (search by address),https://public.hcad.org/
The Oaks At Carrell Street Apartments,722 Carrell St.,Tomball,Texas,20,under construction,2027-06-18,,,Oaks At Carrell Street LLC,(281) 394-1172,,,State project record,https://www.tdlr.texas.gov/TABS/Search/Project/TABS2025024549
2015 Johanna Dr,2015 Johanna Dr,Houston,Texas,18,sold,,2025-06-23,Johanna Ventures LLC,,,,,Harris County records (search by address),https://public.hcad.org/
2104 James Bowie Dr,2104 James Bowie Dr,Baytown,Texas,18,sold,,2025-07-18,Luna Bay Townhomes LLC,,,,,Harris County records (search by address),https://public.hcad.org/
8011 Bendell Dr,8011 Bendell Dr,Houston,Texas,18,sold,,2025-03-27,Robinson St LLC,,,,,Harris County records (search by address),https://public.hcad.org/
1920 Richmond Ave,1920 Richmond Ave,Houston,Texas,17,sold,,2025-05-09,Celina Commons LLC,,,,,Harris County records (search by address),https://public.hcad.org/
6010 Dashwood Dr,6010 Dashwood Dr,Houston,Texas,14,sold,,2024-11-25,Frida Garden LLC,,,,,Harris County records (search by address),https://public.hcad.org/
1017 Skylark Rd,1017 Skylark Rd,Pasadena,Texas,13,sold,,2024-12-19,Palms Townhomes LLC,,,,,Harris County records (search by address),https://public.hcad.org/
N Main Apartments,2600 N Main St.,Houston,Texas,12,under construction,2026-11-15,,,2600 N. Main,(713) 906-5149,,,State project record,https://www.tdlr.texas.gov/TABS/Search/Project/TABS2025023705
9607 Riddlewood Ln,9607 Riddlewood Ln,Houston,Texas,8,sold,,2025-05-07,Highlands Reidential Mortgage LTD,,,,,Harris County records (search by address),https://public.hcad.org/
RMSphere Asset Management Apartments,13303 Bammel North Houston Rd.,Houston,Texas,1,under construction,2026-08-28,,,RMSphere Asset Management Inc,(832) 491-4904,,,State project record,https://www.tdlr.texas.gov/TABS/Search/Project/TABS2025007118
"(M/6) 28,296 Sf New Senior Living Apt Bld. 1-3-5-R2-A '21 Ibc Spk",9149 Blackhawk Blvd Bld1,Houston,Texas,,permitted,,,,,,,,Houston weekly permit list,https://www.houstontx.gov/planning/DevelopRegs/
1 N Atlantic St,1 N Atlantic St,Baytown,Texas,,sold,,2024-10-15,Smi Baytown I LLC,,,,,Harris County records (search by address),https://public.hcad.org/
10001 Mesa Dr,10001 Mesa Dr,Houston,Texas,,sold,,2024-10-03,Hchfc Mesa Gardens Landowner LLC,,,,,Harris County records (search by address),https://public.hcad.org/
10902 Pine Peak Way,10902 Pine Peak Way,Humble,Texas,,sold,,2025-10-24,Rk Glade Apartments LLC,,,,,Harris County records (search by address),https://public.hcad.org/
16200 Highway 3,16200 Highway 3,Webster,Texas,,sold,,2025-09-23,Ch Realty X-Oht Mf Houston,,,,,Harris County records (search by address),https://public.hcad.org/
20018 Sf New Condos 1-9-1-R2-B 21'Ibc Nfpa 13,2520 Houston Ave Fl 6,Houston,Texas,,permitted,,,,,,,,Houston weekly permit list,https://www.houstontx.gov/planning/DevelopRegs/
2121 Broadway Apartments,2121 Broadway St,Houston,Texas,,under construction,2026-08-28,,,"PMG Project Management Group, LLC",(713) 880-2626,,,State project record,https://www.tdlr.texas.gov/TABS/Search/Project/TABS2025014674
2215 Spring Stuebner Rd,2215 Spring Stuebner Rd,Spring,Texas,,sold,,2025-07-07,Northwoods Apartments LP,,,,,Harris County records (search by address),https://public.hcad.org/
23615 Kingsland Blvd,23615 Kingsland Blvd,Katy,Texas,,sold,,2025-06-23,Oht Katy Gap LP,"OHT Partners, LLC",(512) 813-7103,,,Harris County records (search by address),https://public.hcad.org/
24002 Colonial Pky,24002 Colonial Pky,Katy,Texas,,sold,,2024-09-15,Bellrock Market Station Holdings LP,,,,,Harris County records (search by address),https://public.hcad.org/
33303 Sf New Apts Bldg#7 1-1-5-A2-B 21'Ibc (10/13),16200 Galveston Rd Bld 7,Houston,Texas,,permitted,,,,,,,,Houston weekly permit list,https://www.houstontx.gov/planning/DevelopRegs/
"39,164Sf New Apt Bld(3/22)1-4-5-R2-A '21 Ibc Sp/Fa",13704 Park Row Dr 1B,Houston,Texas,,permitted,,,,,,,,Houston weekly permit list,https://www.houstontx.gov/planning/DevelopRegs/
435 Janisch Rd,435 Janisch Rd,Houston,Texas,,sold,,2025-03-28,Janisch Road Apartments Ll,,,,,Harris County records (search by address),https://public.hcad.org/
4458 Nasa Road 1,4458 Nasa Road 1,Seabrook,Texas,,sold,,2025-09-26,Dpeg Management LLC,,,,,Harris County records (search by address),https://public.hcad.org/
5600 Dancy Rd,5600 Dancy Rd,Houston,Texas,,sold,,2024-09-19,Spr Sre Tanner Road II Owner LP C/O The Carlyle Group,,,,,Harris County records (search by address),https://public.hcad.org/
6401 Washington Ave,6401 Washington Ave,Houston,Texas,,sold,,2024-10-16,Lcp Mfiii Memorial LLC,,,,,Harris County records (search by address),https://public.hcad.org/
"77,578 Sf/ New Apartment W/Sitewrk (M/3)1-4-5-R2/A3-A/21 Ibc/Spk13",2611 Saint Charles St,Houston,Texas,,permitted,,,,,,,,Houston weekly permit list,https://www.houstontx.gov/planning/DevelopRegs/
807 Lehman St,807 Lehman St,Houston,Texas,,sold,,2024-11-22,Lehman Development Partners LLC,,,,,Harris County records (search by address),https://public.hcad.org/
810 Oak Ave,810 Oak Ave,Houston,Texas,,sold,,2024-11-11,Hchfc Lost Oaks Landowner LLC,,,,,Harris County records (search by address),https://public.hcad.org/
"Apartments At Mckaskle Road Building A, B, & C",15410 Mckaskle Road,Sugar Land,Texas,,under construction,2025-12-31,,,Partners Realty And Development LP,(281) 777-7944,,,State project record,https://www.tdlr.texas.gov/TABS/Search/Project/TABS2025001215
Apartments at 13704 Park Row Dr,13704 Park Row Dr Bld 4,Houston,Texas,,permitted,,,,,,,,Houston weekly permit list,https://www.houstontx.gov/planning/DevelopRegs/
Apartments at 1415 Enclave Pky,1415 Enclave Pky Bld 3,Houston,Texas,,permitted,,,,,,,,Houston weekly permit list,https://www.houstontx.gov/planning/DevelopRegs/
Apartments at 3910 Old Spanish Trl,3910 Old Spanish Trl Bld A,Houston,Texas,,permitted,,,,,,,,Houston weekly permit list,https://www.houstontx.gov/planning/DevelopRegs/
Apartments at 7900 Easthaven Blvd,7900 Easthaven Blvd Bld A,Houston,Texas,,permitted,,,,,,,,Houston weekly permit list,https://www.houstontx.gov/planning/DevelopRegs/
Dosuns Apartments,14805 Lindita Drive,Houston,Texas,,under construction,2028-03-10,,,Dosuns Holding Corporation,(210) 287-9339,,,State project record,https://www.tdlr.texas.gov/TABS/Search/Project/TABS2026010419
Foxlake II Apartments,19615 Park Row Blvd.,Houston,Texas,,under construction,2027-12-01,,,"OHT Foxlake II, LP",(512) 220-7816,,,State project record,https://www.tdlr.texas.gov/TABS/Search/Project/TABS2025019864
Greenbriar Residences,5610 Greenbriar,Houston,Texas,,permitted,2029-09-15,,,Chaucer Eat LLC,(713) 348-6115,,,State project record,https://www.tdlr.texas.gov/TABS/Search/Project/TABS2027000841
Highway 3 Apartments,16200 State Highway 3,Webster,Texas,,under construction,2027-08-13,,,"OHT Dev Holding, LLC",(512) 220-7816,,,State project record,https://www.tdlr.texas.gov/TABS/Search/Project/TABS2025017346
Montrose Multifamily Development Foundation Package,1005 Westheimer Rd,Houston,Texas,,under construction,2028-01-21,,,Scd Montrose Houston LLC,(917) 438-4500,,,State project record,https://www.tdlr.texas.gov/TABS/Search/Project/TABS2025016217
"New 38,878Sf Apt Bld W/Amenity(2/19)1-4-5-R2/B/A3-A '21 Ibc Sp/Fa",13350 Park Row Dr Bld 1,Houston,Texas,,permitted,,,,,,,,Houston weekly permit list,https://www.houstontx.gov/planning/DevelopRegs/
Pelican Pearland Town Center Multifamily,3200 Business Center Dr,Pearland,Texas,,under construction,2027-01-15,,,"CRP / Pelican Pearland Venture, LLC",(713) 871-8170,,,State project record,https://www.tdlr.texas.gov/TABS/Search/Project/TABS2025007480
Sam Houston Apartments,6125 South Sam Houston East Pky,Houston,Texas,,under construction,2026-05-01,,,8 Way Equity LLC,(713) 245-0779,,,State project record,https://www.tdlr.texas.gov/TABS/Search/Project/TABS2025023290
Sterlingshire Apartments,9002 Sterlingshire St,Houston,Texas,,permitted,2027-10-01,,,Sterlingshire Preservation LLC,(212) 507-9325,,,State project record,https://www.tdlr.texas.gov/TABS/Search/Project/TABS2026019665
St. Regis Residences,102 Asbury Street,Houston,Texas,,under construction,2028-06-02,,,"SR Luxury Condominium, LTD",(832) 795-7205,,,State project record,https://www.tdlr.texas.gov/TABS/Search/Project/TABS2026007491
Trinity East Village Senior Apartments,2611 Saint Charles,Houston,Texas,,under construction,2027-10-31,,,Trinity East United Methodist Church,(832) 280-7554,,,State project record,https://www.tdlr.texas.gov/TABS/Search/Project/TABS2026004985
