Building,Address,City,State,Units,Stage,Opens,Sold,Buyer,Developer,Office phone,Source,Source URL
7961 E Elliot Rd,7961 E Elliot Rd,Mesa,Arizona,419,permitted,,,,,,City of Mesa building permits,https://data.mesaaz.gov/Building-Development/Building-Permits/dzpk-hxfb
10941 E Southern Ave,10941 E Southern Ave,Mesa,Arizona,353,permitted,,,,,,City of Mesa building permits,https://data.mesaaz.gov/Building-Development/Building-Permits/dzpk-hxfb
2950 N Recker Rd,2950 N Recker Rd,Mesa,Arizona,339,sold,,2026-05-01,Longbow Apartments Spe Llc/Lbnb Apartments Sp,Dhic-Longbow LLC,,Maricopa County Assessor sales records,https://www.arcgis.com/home/item.html?id=f3484c72a938497286adc4e5de7e9963
157 S Roosevelt Rd,157 S Roosevelt Rd,Mesa,Arizona,336,sold,,2025-07-01,Ipg Coral Point Owner LLC,Lwh Coral Point Apartments LP,,Maricopa County Assessor sales records,https://www.arcgis.com/home/item.html?id=f3484c72a938497286adc4e5de7e9963
5135 S Power Rd,5135 S Power Rd,Mesa,Arizona,305,permitted,,,,,,City of Mesa building permits,https://data.mesaaz.gov/Building-Development/Building-Permits/dzpk-hxfb
1345 S Signal Butte Rd,1345 S Signal Butte Rd,Mesa,Arizona,276,permitted,,,,,,City of Mesa building permits,https://data.mesaaz.gov/Building-Development/Building-Permits/dzpk-hxfb
2354 W University Dr,2354 W University Dr,Mesa,Arizona,266,sold,,2026-06-01,Cr Avia 266 Communities LLC,Gc Avia LLC,,Maricopa County Assessor sales records,https://www.arcgis.com/home/item.html?id=f3484c72a938497286adc4e5de7e9963
Unnamed project,,Mesa,Arizona,260,permitted,,,,,,City of Mesa building permits,https://data.mesaaz.gov/Building-Development/Building-Permits/dzpk-hxfb
4638 E Banner Gateway Dr,4638 E Banner Gateway Dr,Mesa,Arizona,260,permitted,,,,,,City of Mesa building permits,https://data.mesaaz.gov/Building-Development/Building-Permits/dzpk-hxfb
2601 E Mckellips Rd,2601 E Mckellips Rd,Mesa,Arizona,256,sold,,2025-05-01,Red Mountain Realty Company LLC,Red Mountain Mesa LLC,,Maricopa County Assessor sales records,https://www.arcgis.com/home/item.html?id=f3484c72a938497286adc4e5de7e9963
8336 E Quality Ave,8336 E Quality Ave,Mesa,Arizona,236,permitted,,,,,,City of Mesa building permits,https://data.mesaaz.gov/Building-Development/Building-Permits/dzpk-hxfb
2261 E Mcdowell Rd,2261 E Mcdowell Rd,Mesa,Arizona,222,permitted,,,,,,City of Mesa building permits,https://data.mesaaz.gov/Building-Development/Building-Permits/dzpk-hxfb
151 E 1St St,151 E 1st St,Mesa,Arizona,210,sold,,2025-07-01,Cimarron Investment Partners I Llc/Cimarron I,Cimarron Two Llc/Cimarron One Llc/Emp Investm,,Maricopa County Assessor sales records,https://www.arcgis.com/home/item.html?id=f3484c72a938497286adc4e5de7e9963
1055 W Baseline Rd,1055 W Baseline Rd,Mesa,Arizona,200,sold,,2026-01-01,Phoenix 2026 One Partners LLC,Rw Waterford Llc/Rel Waterford Llc/Etal,,Maricopa County Assessor sales records,https://www.arcgis.com/home/item.html?id=f3484c72a938497286adc4e5de7e9963
311 W Main St,311 W Main St,Mesa,Arizona,161,permitted,,,,,,City of Mesa building permits,https://data.mesaaz.gov/Building-Development/Building-Permits/dzpk-hxfb
132 E Brown Rd,132 E Brown Rd,Mesa,Arizona,154,sold,,2025-07-01,Rise Mountain Ridge Llc/Namo Equity Partners,Emp Investments 2 Llc/Tamwood Limited Partner,,Maricopa County Assessor sales records,https://www.arcgis.com/home/item.html?id=f3484c72a938497286adc4e5de7e9963
9705 E Main St,9705 E Main St,Mesa,Arizona,144,permitted,,,,,,City of Mesa building permits,https://data.mesaaz.gov/Building-Development/Building-Permits/dzpk-hxfb
6147 E Main St,6147 E Main St,Mesa,Arizona,132,permitted,,,,,,City of Mesa building permits,https://data.mesaaz.gov/Building-Development/Building-Permits/dzpk-hxfb
1410 S Country Club Dr,1410 S Country Club Dr,Mesa,Arizona,120,permitted,,,,,,City of Mesa building permits,https://data.mesaaz.gov/Building-Development/Building-Permits/dzpk-hxfb
1045 S San Jose,1045 S San Jose,Mesa,Arizona,112,sold,,2025-07-01,Flats Mesa Owner LLC,District Flats Owner LLC,,Maricopa County Assessor sales records,https://www.arcgis.com/home/item.html?id=f3484c72a938497286adc4e5de7e9963
140 S Pomeroy,140 S Pomeroy,Mesa,Arizona,110,permitted,,,,,,City of Mesa building permits,https://data.mesaaz.gov/Building-Development/Building-Permits/dzpk-hxfb
1111 E Brown Rd,1111 E Brown Rd,Mesa,Arizona,108,sold,,2024-12-01,Copper Point Apartments LLC,Clark County Properties/Continental Apartmens,,Maricopa County Assessor sales records,https://www.arcgis.com/home/item.html?id=f3484c72a938497286adc4e5de7e9963
708 N Country Club Dr,708 N Country Club Dr,Mesa,Arizona,92,sold,,2025-11-01,Mark At 87 LLC,Red Kite Ventures Llc/Etal,,Maricopa County Assessor sales records,https://www.arcgis.com/home/item.html?id=f3484c72a938497286adc4e5de7e9963
1505 N Country Club Dr,1505 N Country Club Dr,Mesa,Arizona,92,sold,,2025-08-01,Ipg Ncc Owner LLC,Ncc Investments LLC,,Maricopa County Assessor sales records,https://www.arcgis.com/home/item.html?id=f3484c72a938497286adc4e5de7e9963
8264 E Elliot Rd,8264 E Elliot Rd,Mesa,Arizona,84,permitted,,,,,,City of Mesa building permits,https://data.mesaaz.gov/Building-Development/Building-Permits/dzpk-hxfb
6833 E Hobart St,6833 E Hobart St,Mesa,Arizona,61,permitted,,,,,,City of Mesa building permits,https://data.mesaaz.gov/Building-Development/Building-Permits/dzpk-hxfb
830 N Alma School Rd,830 N Alma School Rd,Mesa,Arizona,44,sold,,2025-04-01,830 Rio Salado LLC,830 Piedmont Llc/3025 N 36th Street LLC,,Maricopa County Assessor sales records,https://www.arcgis.com/home/item.html?id=f3484c72a938497286adc4e5de7e9963
1547 E Broadway Rd,1547 E Broadway Rd,Mesa,Arizona,42,sold,,2025-02-01,Flower Apartments AZ Llc/Park Mesa Apts Lft-L,1547 Pm LLC,,Maricopa County Assessor sales records,https://www.arcgis.com/home/item.html?id=f3484c72a938497286adc4e5de7e9963
Unnamed project,,Mesa,Arizona,36,permitted,,,,,,City of Mesa building permits,https://data.mesaaz.gov/Building-Development/Building-Permits/dzpk-hxfb
Unnamed project,,Mesa,Arizona,36,permitted,,,,,,City of Mesa building permits,https://data.mesaaz.gov/Building-Development/Building-Permits/dzpk-hxfb
515 N Mesa Dr,515 N Mesa Dr,Mesa,Arizona,36,permitted,,,,,,City of Mesa building permits,https://data.mesaaz.gov/Building-Development/Building-Permits/dzpk-hxfb
539 S Williams,539 S Williams,Mesa,Arizona,36,permitted,,,,,,City of Mesa building permits,https://data.mesaaz.gov/Building-Development/Building-Permits/dzpk-hxfb
8137 E Brown Rd,8137 E Brown Rd,Mesa,Arizona,36,permitted,,,,,,City of Mesa building permits,https://data.mesaaz.gov/Building-Development/Building-Permits/dzpk-hxfb
Unnamed project,,Mesa,Arizona,29,permitted,,,,,,City of Mesa building permits,https://data.mesaaz.gov/Building-Development/Building-Permits/dzpk-hxfb
144 S 90th St 101,144 S 90th St 101,Mesa,Arizona,29,permitted,,,,,,City of Mesa building permits,https://data.mesaaz.gov/Building-Development/Building-Permits/dzpk-hxfb
144 S 90th St 102,144 S 90th St 102,Mesa,Arizona,29,permitted,,,,,,City of Mesa building permits,https://data.mesaaz.gov/Building-Development/Building-Permits/dzpk-hxfb
144 S 90th St 103,144 S 90th St 103,Mesa,Arizona,29,permitted,,,,,,City of Mesa building permits,https://data.mesaaz.gov/Building-Development/Building-Permits/dzpk-hxfb
144 S 90th St 104,144 S 90th St 104,Mesa,Arizona,29,permitted,,,,,,City of Mesa building permits,https://data.mesaaz.gov/Building-Development/Building-Permits/dzpk-hxfb
144 S 90th St 105,144 S 90th St 105,Mesa,Arizona,29,permitted,,,,,,City of Mesa building permits,https://data.mesaaz.gov/Building-Development/Building-Permits/dzpk-hxfb
144 S 90th St 106,144 S 90th St 106,Mesa,Arizona,29,permitted,,,,,,City of Mesa building permits,https://data.mesaaz.gov/Building-Development/Building-Permits/dzpk-hxfb
144 S 90th St 107,144 S 90th St 107,Mesa,Arizona,29,permitted,,,,,,City of Mesa building permits,https://data.mesaaz.gov/Building-Development/Building-Permits/dzpk-hxfb
144 S 90th St 108,144 S 90th St 108,Mesa,Arizona,29,permitted,,,,,,City of Mesa building permits,https://data.mesaaz.gov/Building-Development/Building-Permits/dzpk-hxfb
144 S 90th St 109,144 S 90th St 109,Mesa,Arizona,29,permitted,,,,,,City of Mesa building permits,https://data.mesaaz.gov/Building-Development/Building-Permits/dzpk-hxfb
144 S 90th St 112,144 S 90th St 112,Mesa,Arizona,29,permitted,,,,,,City of Mesa building permits,https://data.mesaaz.gov/Building-Development/Building-Permits/dzpk-hxfb
144 S 90th St 115,144 S 90th St 115,Mesa,Arizona,29,permitted,,,,,,City of Mesa building permits,https://data.mesaaz.gov/Building-Development/Building-Permits/dzpk-hxfb
144 S 90th St 119,144 S 90th St 119,Mesa,Arizona,29,permitted,,,,,,City of Mesa building permits,https://data.mesaaz.gov/Building-Development/Building-Permits/dzpk-hxfb
144 S 90th St 123,144 S 90th St 123,Mesa,Arizona,29,permitted,,,,,,City of Mesa building permits,https://data.mesaaz.gov/Building-Development/Building-Permits/dzpk-hxfb
144 S 90th St 127,144 S 90th St 127,Mesa,Arizona,29,permitted,,,,,,City of Mesa building permits,https://data.mesaaz.gov/Building-Development/Building-Permits/dzpk-hxfb
144 S 90th St 128,144 S 90th St 128,Mesa,Arizona,29,permitted,,,,,,City of Mesa building permits,https://data.mesaaz.gov/Building-Development/Building-Permits/dzpk-hxfb
144 S 90th St 129,144 S 90th St 129,Mesa,Arizona,29,permitted,,,,,,City of Mesa building permits,https://data.mesaaz.gov/Building-Development/Building-Permits/dzpk-hxfb
Unnamed project,,Mesa,Arizona,,permitted,,,,,,City of Mesa building permits,https://data.mesaaz.gov/Building-Development/Building-Permits/dzpk-hxfb
10136 E Southern Ave,10136 E Southern Ave,Mesa,Arizona,,permitted,,,,,,City of Mesa building permits,https://data.mesaaz.gov/Building-Development/Building-Permits/dzpk-hxfb
109 N Alma School Rd,109 N Alma School Rd,Mesa,Arizona,,permitted,,,,,,City of Mesa building permits,https://data.mesaaz.gov/Building-Development/Building-Permits/dzpk-hxfb
1145 S Rowen,1145 S Rowen,Mesa,Arizona,,permitted,,,,,,City of Mesa building permits,https://data.mesaaz.gov/Building-Development/Building-Permits/dzpk-hxfb
1431 E Knoll Cir,1431 E Knoll Cir,Mesa,Arizona,,permitted,,,,,,City of Mesa building permits,https://data.mesaaz.gov/Building-Development/Building-Permits/dzpk-hxfb
2102 E Broadway Rd,2102 E Broadway Rd,Mesa,Arizona,,permitted,,,,,,City of Mesa building permits,https://data.mesaaz.gov/Building-Development/Building-Permits/dzpk-hxfb
6733 E Main St,6733 E Main St,Mesa,Arizona,,permitted,,,,,,City of Mesa building permits,https://data.mesaaz.gov/Building-Development/Building-Permits/dzpk-hxfb
944 W Main St 2025,944 W Main St 2025,Mesa,Arizona,,permitted,,,,,,City of Mesa building permits,https://data.mesaaz.gov/Building-Development/Building-Permits/dzpk-hxfb
