apt_id,name,address,city,zip,units,year_built,owner,parcels,cad_prop_ids,cad_use_code
2615335,Northside At Legacy I Apartments,7560 Bishop Rd,Plano,75024,793,2007,5765 BOZEMAN (TX) OWNER LP,4,2615335;2632842;2843977;2843978,MFU
2096027,Cortland West Plano,8123 Ohio Dr,Plano,75024,769,1998,TX APT 8205 TOWNE MAIN DRIVE LP,3,2096027;2096031;2649742,MFU
2047952,The Gio Apartments,5000 K Ave,Plano,75074,730,1995,SREIT GIO APARTMENTS LLC,2,2047952;2047953,MFU
2544026,Legacy Village Apts Phase Ii,5701 Scruggs Way,Plano,75024,720,2004,UDR LEGACY VILLAGE LLC,6,2544026;2557311;2557312;2557313;2567181;2608481,MFU
2750390,Grand At Legacy West Apartments,6080 Water St,Plano,75024,621,2015,LW OWNER 1 LLC,2,2750390;2750393,MFU
2143049,Cortland North Plano Apartments,9601 Custer Rd,Plano,75025,548,1998,CUSTER TX PARTNERS LLC,1,2143049,MFU
2929400,The Beacon,4065 Beacon Square Blvd,Plano,75075,539,2022,BEACON SQUARE ASSOCIATION INC &,3,2929400;2929401;2929403,MFU
2652395,Estancia At Ridgeview Ranch Apartments,10200 Independence Pkwy,Plano,75025,500,2006,ESTANCIA APARTMENT PARTNERS,1,2652395,MFU
2111968,Maa Los Rios,4701 14Th St,Plano,75074,498,1999,MID-AMERICA APARTMENTS LP,1,2111968,MFU
1503260,Creekside Village Apts,3400 Park Blvd,Plano,75075,480,1983,NSCC CREEKSIDE 12B LLC,1,1503260,MFU
2095999,23Hundred @ Ridgeview,2300 Kathryn Ln,Plano,75025,480,1998,CH REALTY X MF PLANO 23 HUNDRED LP,1,2095999,MFU
357054,Bel Air Oaks,700 W Plano Pkwy,Plano,75075,474,1965,PLANO PUBLIC FACILITY CORPORATION,1,357054,MFU
2557400,Windhaven Park  Apartments,6201 Windhaven Pkwy,Plano,75093,474,1990,AG-HILLTOP WINDHAVEN PROPERTY OWNER LP,1,2557400,MFU
2544628,Saxony At Chase Oaks Apartments,300 Legacy Dr,Plano,75023,470,1994,SAXONY AT CHASE OAKS PARTNERSHIP,1,2544628,MFU
1986344,La Costa Apartments,6100 Ohio Dr,Plano,75024,462,1991,WESTDALE LA COSTA TX LP,2,1986344;1999757,MFU
1988024,Evoke,1025 Preston Rd,Plano,75093,459,2016,BEAUMEADE EVOKE LLC &,1,1988024,MFU
2571959,Maa Market Center I,3825 Mapleshade Ln,Plano,75075,454,2012,MAALP MARKET CENTER LLC,1,2571959,MFU
2107994,Mission Gate Apartments,8025 Ohio Dr,Plano,75024,434,1998,WRPV XIV MG PLANO LP &,1,2107994,MFU
1708003,Westside Apartments,1515 Rio Grande Dr,Plano,75075,412,1984,RRE BRENTDALE HOLDINGS LLC,1,1708003,MFU
2006652,Villas Of Preston Creek Apartments,6900 Preston Rd,Plano,75024,408,1992,FRANKEL FAMILY TRUST THE,2,2006652;2006876,MFU
2646098,Riachi At One 21 Apartments,9600 Coit Rd,Plano,75025,402,2007,MFREVF V - PLANO LP,1,2646098,MFU
2785825,Windsor Metro West Apartments,8055 Windrose Ave,Plano,75024,401,2017,IMP METRO WEST LLC,1,2785825,MFU
2614633,Dorian,8401 Memorial Ln,Plano,75024,398,2007,KV TRIBECA APARTMENTS LLC,1,2614633,MFU
2581386,Villas Of Spring Creek Ii Apartments,6301 Stonewood Dr,Plano,75024,396,1999,CREEKWOOD SPRINGCREEK DEVELOPMENT LP,2,2581386;2581388,MFU
1627494,The Dayton,6000 Ohio Dr,Plano,75093,389,1985,PECOS HOUSING FINANCE CORPORATION,1,1627494,MFU
2739046,Centric One90,680 Executive Dr,Plano,75074,386,2014,TRG BUSH TURNPIKE LP,1,2739046,MFU
2763841,Jada Legacy Central Tc,6501 Excellence Way,Plano,75023,385,2018,PLANO PUBLIC FACILITY CORPORATION,1,2763841,MFU
2058512,Creekside At Legacy Apartments,6300 Windcrest Dr,Plano,75024,380,1996,KEY CREEKSIDE LLC,1,2058512,MFU
2861988,Ferro,1005 11Th St,Plano,75074,379,2021,TB PLANO 1 LLC,1,2861988,MFU
2023604,Thornbury At Chase Oaks Apartments,7101 Chase Oaks Blvd,Plano,75025,376,1994,PLANO PUBLIC FACILITY CORPORATION,1,2023604,MFU
1771372,Steeplechase Apartments,7301 Alma Dr,Plano,75025,368,1984,PLANO PUBLIC FACILITY CORPORATION,1,1771372,MFU
2028165,Bentley Place At Willow Bend Apartments,5945 W Parker Rd,Plano,75093,368,1995,DALLAS BENTLEY I LP &,1,2028165,MFU
2058800,1201 Park Apartments,1201 E Park Blvd,Plano,75074,368,1996,1201 PARK PLANO ASSOCIATES LLC,1,2058800,MFU
2039201,Carrington Park Apartments,3001 Communications Pkwy,Plano,75093,364,1994,TREA CARRINGTON PARK LLC,1,2039201,MFU
2895746,Windsor West Plano,2100 Legacy Dr,Plano,75023,363,2022,COLUMBIA LEGACY SQUARE LP,1,2895746,MFU
1708628,Waterford On The Meadow Apartments,1414 Shiloh Rd,Plano,75074,350,1984,H20 WATERFORD 12C LLC,1,1708628,MFU
2924684,One 90 Gateway,3201 Wynwood Dr,Plano,75074,347,2021,PLANO HOUSING AUTHORITY,1,2924684,MFU
2058069,Legends At Chase Oaks Apartments,701 Legacy Dr,Plano,75023,346,1996,701 LEGACY DRIVE SPE LLC &,1,2058069,MFU
2053077,Brooks On Preston Apartments,7200 Preston Rd,Plano,75024,342,1995,JANRIC ENTERPRISES LTD,1,2053077,MFU
2006888,Colonnade At Willow Bend Apartments,1101 Meredith Ln,Plano,75093,338,1993,1100 MEREDITH LANE INC,2,2006888;2006889,MFU
2929495,The Buckley,600 Kissimmee Dr,Plano,75075,338,2024,HERITAGE CREEKSIDE BLOCK A1 OWNER LLC,1,2929495,MFU
2097508,Villas At Legacy Apartments,5301 W Spring Creek Pkwy,Plano,75024,328,1999,JLLX VILLAS AT LEGACY DST,1,2097508,MFU
2805254,Lvl 29 Apartments,6000 Columbus Ave,Plano,75024,328,2017,NE WEST LEGACY LP,1,2805254,MFU
2002288,Avalon At Chase Oaks Apartments,801 Legacy Dr,Plano,75023,326,1991,PLANO PUBLIC FACILITY CORPORATION,1,2002288,MFU
2908642,The Ludlow,601 Belpree Dr,Plano,75075,326,2022,HERITAGE CREEKSIDE BLOCK B OWNER LLC,1,2908642,MFU
356947,Aura Northline,541 J Pl,Plano,75074,325,2024,TRG NORTHLINE LP,2,356947;356965,MFU
2069317,La Ventura Apartments,2600 Ventura Dr,Plano,75093,324,1998,LA VENTURA PLANO LLC,1,2069317,MFU
2504520,Mcdermott Place Apartments,8900 Independence Pkwy,Plano,75025,324,2000,HEITMAN CREDIT ACQUISITION XL LP,1,2504520,MFU
2543479,Cottonwood Ridgeview,9100 Independence Pkwy,Plano,75025,322,2004,COTTONWOOD COURTNEY MANOR H LLC &,1,2543479,MFU
2672947,Gateway Crossing Apts,380 Vistacourt Dr,Plano,75074,322,2014,BELL VALUE-ADD FUND VIII GATEWAY LP,1,2672947,MFU
2628294,Huntington Apartments,4925 Rasor Blvd,Plano,75024,320,2016,FAIRFIELD HUNTINGTON LP,1,2628294,MFU
2571968,Maa At Market Center Ii Apartments,440 Coit Rd,Plano,75075,318,2014,MID-AMERICA APARTMENTS LP,1,2571968,MFU
2945424,Park Residences Plano,1109 Park Vista Rd,Plano,75094,318,2019,PARK RESIDENCES PLANO WEST LLC,2,2945424;2945425,MFUSE
1963481,Collin Creek Apartments,2301 Pebble Vale Dr,Plano,75075,314,1988,PLANO PUBLIC FACILITY CORPORATION,1,1963481,MFU
2666205,Parkside At Legacy V Apts,5745 Bozeman Dr,Plano,75024,310,2011,5765 BOZEMAN (TX) OWNER LP,1,2666205,MFU
2763842,Opal Legacy Central Apartments,6500 Excellence Way,Plano,75023,310,2019,PLANO PUBLIC FACILITY CORPORATION,1,2763842,MFU
2787666,Latitude Apartments,601 Patton Blvd,Plano,75075,304,2019,PLANO PUBLIC FACILITY CORPORATION,1,2787666,MFU
1976049,Lakeshore At Preston Apartments,3700 Preston Rd,Plano,75093,302,1991,SIMFA LAKESHORE FEE SIMPLE LLC,1,1976049,MFU
2070489,Sheridan Park At Spring Creek Apartments,2001 E Spring Creek Pkwy,Plano,75074,300,1997,SPRING CREEK FEE OWNER LLC,1,2070489,MFU
2073802,Waters Edge Apartments,5000 Whitestone Ln,Plano,75024,300,1997,SAGAR EDGE MASTER LLC,1,2073802,MFU
2560139,Axis 3700,3700 Mapleshade Ln,Plano,75075,300,2014,APARTMENTS AXIS SPE LLC &,1,2560139,MFU
2786868,Kincaid At Legacy Apartments,7200 Dallas Pkwy,Plano,75024,300,2017,KINCAID AT LEGACY TEXAS LLC,1,2786868,MFU
1824574,Summers Crossing Apartments,1500 Preston Rd,Plano,75093,294,1985,PLANO PUBLIC FACILITY CORPORATION,1,1824574,MFU
2843992,Legacy North,5765 Bozeman Dr,Plano,75024,293,2009,5765 BOZEMAN (TX) OWNER LP,1,2843992,MFU
1571757,Cross Creek Apartments,7401 Alma Dr,Plano,75025,290,1983,ANNE MAYA - PLANO LLC &,1,1571757,MFU
2084407,Ranch At Ridgeview Apartments,2901 Ridgeview Dr,Plano,75025,288,1998,RAR PLANO LLC,1,2084407,MFU
2818383,Windsor Preston,7950 Preston Rd,Plano,75024,288,2018,ALTA 289 LLC,1,2818383,MFU
1268247,Fox Trails Apartments,6300 Roundrock Trl,Plano,75023,286,1981,FOX PARTNERS LLC,1,1268247,MFU
2712754,Junction 15 Apartments,930 E 15Th St,Plano,75074,279,2013,TR JUNCTION 15 LLC,1,2712754,MFU
1503117,Bellevue At Spring Creek Apartments,2401 W Spring Creek Pkwy,Plano,75023,278,1982,SPRING CREEK 278 LLC,1,1503117,MFU
113282,Hunters Glen Apartments,6400 Independence Pkwy,Plano,75023,276,1980,6400 INDEPENDENCE PLANO LLC,1,113282,MFU
2039198,Camden Legacy Park Apartments,6600 Preston Rd,Plano,75024,276,1995,2009 COLP COMMUNITY OWNER LLC,1,2039198,MFU
2047307,Prestonwood Hills Apartments,6601 W Plano Pkwy,Plano,75093,272,1996,RJW PRESTONWOOD HILLS LP,1,2047307,MFU
2091841,Windsor At Legacy,6400 Windcrest Dr,Plano,75024,270,1998,MAINSTAY LEGACY PLANO LP,1,2091841,MFU
2932770,The Emory,1345 14Th St,Plano,75074,270,2023,GRAYCO PLANO INVESTMENT 2022 LP,1,2932770,MFU
1971215,Marquis At Legacy Apartments,6820 Preston Rd,Plano,75024,268,1990,CWS BELL LP & CWS WWL LEGACY LP,1,1971215,MFU
1971235,Cottages At Tulane Apartments,2600 Preston Rd,Plano,75093,268,1990,BRISTLECONE TEXAS LTD,1,1971235,MFU
179611,Evana Grove,3500 Hillridge Dr,Plano,75074,266,1970,LURIN REAL ESTATE HOLDINGS LXIII LLC,1,179611,MFU
2041713,Ellington,4701 Preston Park Blvd,Plano,75093,266,1995,S2 PRESTON PARK LP,1,2041713,MFU
2071041,Parker Apartments,4701 Charles Pl,Plano,75093,264,1997,PLANO GFPG LLC,1,2071041,MFU
2686924,Amli West Plano,5961 W Parkwood Blvd,Plano,75093,264,2014,PPF AMLI WEST PLANO VILLAGE LP,1,2686924,MFU
2858142,Residences At Promontory,4700 W Spring Creek Pkwy,Plano,75093,264,2023,PROMONTORY RESIDENTIAL LP,1,2858142,MFU
94855,Fairway Apartments,1705 Coit Rd,Plano,75075,256,1979,FAIRWAY GARDENS LP,1,94855,MFU
2116704,Lakeside At Legacy Village Apartments I & Ii,7001 Parkwood Blvd,Plano,75024,255,2003,UDR LEGACY VILLAGE LLC,1,2116704,MFU
2672946,Park At Gateway Apartments,355 Vistaglen Dr,Plano,75074,255,2016,BELL VALUE-ADD FUND VIII GATEWAY LP,1,2672946,MFU
2672945,Bell Gateway Village,350 Vista Court Dr,Plano,75074,254,2012,BELL VALUE-ADD FUND VIII GATEWAY LP,1,2672945,MFU
2544000,Bel Air Downtown,1404 Vontress St,Plano,75074,253,2001,BEL AIR MULTI 50 LLC &,2,2544000;2544001,MFU
1935918,Villas At Chase Oaks Apartments,600 Legacy Dr,Plano,75023,250,1986,WWC CHASE OAKS LP,1,1935918,MFU
2556799,Evergreen At Plano Apts Senior Chodo,600 Independence Pkwy,Plano,75075,250,2004,PWA-PLANO INDEPENDENCE SENIOR COMMUNITY LP,1,2556799,MFUSU
2595347,Kia Ora Park Apartments,9300 Coit Rd,Plano,75025,250,2006,EQR-KIA ORA PARK LP,1,2595347,MFU
1623283,Legacy Apartments,6909 Custer Rd,Plano,75023,244,1984,CORNERSTONE LEGACY LP,1,1623283,MFU
1972919,Old Shepard Place Apartments,1520 Preston Rd,Plano,75093,244,1990,PROPERTY RESERVE INC,1,1972919,MFU
2031654,Garden Gate Apartments Chodo,1201 Legacy Dr,Plano,75023,240,1994,GARDEN GATE PL ACQUISITION LP,1,2031654,MFUSU
2031655,Camden Legacy Creek Apartments,6400 Ohio Dr,Plano,75024,240,1994,CAMDEN OPERATING LP,1,2031655,MFU
2084397,Point At Deerfield Apartments,4640 Hedgcoxe Rd,Plano,75024,240,1998,PASKIN PROPERTIES - 4640 HEDGECOXE LLC &,1,2084397,MFU
2582787,Plaza At Chase Oaks Senior Chodo,7100 Chase Oaks Blvd,Plano,75025,240,2005,UNIFIED HOUSING OF CHASE OAKS LLC,1,2582787,MFUSU
2614632,Encore Apartments,4700 Tribeca Ln,Plano,75024,240,2011,KV ENCORE APARTMENTS LLC,1,2614632,MFU
92688,Custer Park Apartments,3400 Custer Rd,Plano,75023,232,1978,PRICEBLU CUSTER LLC,1,92688,MFU
365483,Woodlands Of Plano Apartments Tc,1300 Rigsbee Dr,Plano,75074,232,1968,CLOVER WOODLANDS PLANO OWNER LLC,1,365483,MFUSU
2120057,Towns Of Chapel Hill Apartments,6201 Chapel Hill Blvd,Plano,75093,232,1997,TOWNS OF CHAPEL HILL APTS LP,1,2120057,MFU
1716655,Hathaway At Willow Bend,2525 Preston Rd,Plano,75093,229,1984,WINSTON GT HOLDINGS LP &,1,1716655,MFU
2900849,K Avenue Lofts,2505 K Ave,Plano,75074,226,2022,PLANO HOUSING AUTHORITY,1,2900849,MFU
1989159,The Oaks At Plano,5000 Old Shepard Pl,Plano,75093,224,1991,PRESTON OLD SHEPARD TITLEHOLDER LLC,1,1989159,MFUSE
2632167,Conservatory At Plano Senior Apartments,6401 Ohio Dr,Plano,75024,222,2006,CONSERVATORY SENIOR HOUSING AT CHAMPION FOREST LP & ETAL,1,2632167,MFUSE
1747603,Birchstone Residential,2523 Ohio Dr,Plano,75093,220,1984,HOP BORROWER LLC,1,1747603,MFU
2116749,Maa Legacy Apartments,5741 Martin Rd,Plano,75024,213,1999,MAA WWARRS LLC,1,2116749,MFU
2631255,Atria Canyon Creek Senior Apts,440 Independence Pkwy,Plano,75075,213,2007,VTR PLANO LLC,1,2631255,MFUSE
2846017,Luxia Preston,4950 Broadway Dr,Plano,75024,212,2020,LUXIA PRESTON LLC,1,2846017,MFU
2843990,Legacy Town North Phase Iv Apts,7840 Clara Dr,Plano,75024,210,2010,5765 BOZEMAN (TX) OWNER LP,1,2843990,MFU
287594,Leighton Apartments,1717 Independence Pkwy,Plano,75075,208,1978,INDEPENDENCE RES LLC,3,287594;287601;287610,MFU
2097518,Reserve At Pebble Creek Apartments,3800 Pebble Creek Ct,Plano,75023,208,1998,PEBBLE CREEK GARDENS LP,1,2097518,MFU
2109636,Somerset At Spring Creek Apartments,3801 W Spring Creek Pkwy,Plano,75023,208,1999,SPRING CREEK GARDENS LP,1,2109636,MFU
1511233,The Wexley,5401 Independence Pkwy,Plano,75023,204,1983,HARVESTREE OWNER LLC,1,1511233,MFU
1515006,Maa Highwood Apartments,2401 Ohio Dr,Plano,75093,196,1983,MID-AMERICA APARTMENTS LP,1,1515006,MFU
1974850,Wellington At Willow Bend Apartments,3200 Parkwood Blvd,Plano,75093,194,1991,WELLINGTON APARTMENTS UI LLC & DEMING CENTRAL WELLINGTON LLC &,1,1974850,MFU
134633,Grove Park Apartments,1705 Jupiter Rd,Plano,75074,188,1975,BUMPUS DONALD R GRANTOR TRUST THE,1,134633,MFU
2802245,Morada Plano Apartments,1009 14Th St,Plano,75074,183,2017,TIMBERS PLANO PARTNERS LLC - ETAL,2,2802245;2802246,MFU
1580300,Greenbriar Apartments,1901 W Spring Creek Pkwy,Plano,75023,182,1983,PRICE GREENBRIAR PLANO LLC,1,1580300,MFU
2132903,Heritage At Lakeside Apartments,5900 Baywater Dr,Plano,75093,181,1999,HERITAGE AT LAKESIDE PROPERTY OWNER LLC,1,2132903,MFU
2092539,Livingston Apartments,6301 Windhaven Pkwy,Plano,75093,180,1998,GP-RPC LIVINGSTON LLC,1,2092539,MFU
2779499,Bridge At Heritage Creek Apartments,1550 W Plano Pkwy,Plano,75075,180,2015,BRIDGE AT HERITAGE CREEKSIDE I LLC THE,1,2779499,MFU
2953639,Mariposa At Communications Parkway Senior - Tc,6820 Communications Pkwy,Plano,75024,180,2022,MARIPOSA COMMUNICATIONS PARKWAY LP,1,2953639,MFUSU
2820374,Orchards Market Plaza Senior Apts,3640 Mapleshade Ln,Plano,75075,178,2019,CSH PLANO ACT LLC,1,2820374,MFUSE
2734943,The Holland,8020 Windrose Ave,Plano,75024,175,2025,LW RESIDENTIAL PARTNERS LP,1,2734943,MFU
2116750,Post Legacy Apartments,5721 Henry Cook Blvd,Plano,75024,171,1999,MAA WWARRS LLC,1,2116750,MFU
2710065,Overture Plano Senior Apartments,500 Coit Rd,Plano,75075,168,2015,DHC HYB SLC PROPERTIES LLC,1,2710065,MFUSE
2027278,The Calvin,2501 Ohio Dr,Plano,75093,167,1995,RC CALVIN LLC,1,2027278,MFU
2808931,Instrata At Legacy West,7850 Communications Pkwy,Plano,75024,161,2019,LW OWNER 2 LLC,1,2808931,MFU
26251,Lydian Apartments,2821 Townbluff Dr,Plano,75075,160,1976,TOWNBLUFF RES LLC,1,26251,MFU
1747612,Preserve At Preston,2525 Ohio Dr,Plano,75093,160,1985,HOP BORROWER LLC,1,1747612,MFU
269792,Bel Air On 16Th,651 W 16Th St,Plano,75075,152,1965,PLANO PUBLIC FACILITY CORPORATION,1,269792,MFU
1708744,Park Springs Townhomes Apartments,900 S Medalist Cir,Plano,75023,148,1985,PARK SPRINGS TEXAS LLC,1,1708744,MFU
2936294,Novum Independent Living,8120 Preston Rd,Plano,75024,147,2024,PLANO OWNER LLC,1,2936294,MFUSE
2779500,Bridge At Heritage Creekside,1550 W Plano Pkwy,Plano,75075,146,2015,BRIDGE AT HERITAGE CREEKSIDE I LLC THE,1,2779500,MFU
2545145,Mcdermott Park/55,8312 Angels Dr,Plano,75024,144,2017,PECAN PUBLIC FACILITY CORPORATION,1,2545145,MFUSE
21924,Chisholm Place Apartments,1001 W Park Blvd,Plano,75075,142,1981,1001 CHISHOLM LLC,1,21924,MFU
2122987,Link At Plano,1013 15Th Pl,Plano,75074,142,2000,COVEY PLANO LP,1,2122987,MFU-IMPO
21157,Highpoint Townhomes,6500 E Medalist Cir,Plano,75023,140,1985,URBAN HIGH POINT LP,1,21157,MFU
1640889,Windsor Place Apts,3535 14Th St,Plano,75074,140,1983,WINDSOR PLACE EQUITY ENTERPRISES LLC,1,1640889,MFU
2654207,Plano Park Townhomes,2253 Ashley Park Dr,Plano,75074,140,1985,ASHLEY PARK TOWNHOMES LLC,1,2654207,MFU
2843129,Patriot Park Apartments Chodo,701 13Th 14Th Connector,Plano,75074,139,2019,PLANO FAMILY 001 LP,1,2843129,MFUSU
2115198,Waterford At Plano A Senior Apartments,3401 Premier Dr,Plano,75023,136,1999,TRIAD SENIOR LIVING II LP,1,2115198,MFUSE
2873065,Twin Rivers At Collin Creek Senior Living,1717 Alma Dr,Plano,75075,136,2021,TWIN RIVERS AT COLLIN CREEK LTD,1,2873065,MFUSE
2107914,Villas Of Mission Bend Senior Apartments Tc,1201 Medical Ave,Plano,75075,135,1999,M N PLANO LTD,1,2107914,MFUSU
148646,Alta Vista Apartments,700 18Th St,Plano,75074,133,1962,ALTA VISTA APARTMENTS & TJFL LEGACY LP,1,148646,MFU
2107892,Langdon At Spring Creek,6501 Independence Pkwy,Plano,75023,124,1999,NEVADA VI GD LLC,1,2107892,MFU
2572901,Mcdermott Crossing,8400 Angels Dr,Plano,75024,123,2011,PECAN PUBLIC FACILITY CORPORATION,1,2572901,MFUSE
2721330,Horizon At Premier,3409 Premier Dr,Plano,75023,122,2016,STARBOARD PREMIER DST,1,2721330,BTR
2069471,Solstice Senior Living,1940 W Spring Creek Pkwy,Plano,75023,115,1999,WINTERFELL COTTONWOOD (TX) OWNER LLC,1,2069471,MFUSE
2122988,Bel Air K Station,1013 15Th Pl,Plano,75074,103,2000,COVEY PLANO LP,1,2122988,MFU-IMPO
2873533,Gala At Premier Senior Tc,2425 Premier Dr,Plano,75075,97,2021,GALA AT PREMIER LP,1,2873533,MFUSU
148655,Villas Apartments,659 E 16Th St,Plano,75074,96,1971,VDS EAT LLC,1,148655,MFU
2683019,Tuscany Villas At Chase Oaks Senior Chodo,7112 Chase Oaks Blvd,Plano,75025,90,2011,UHF TUSCANY VILLAS HOUSING LP,1,2683019,MFUSU
2803398,Amber Vista Apartments,1901 E 15Th St,Plano,75074,88,1970,TTEP AMBER VISTA LLC,1,2803398,MFU
13310,Shiloh Park,3500 E Park Blvd,Plano,75074,73,1999,SHILOH PARK TOWNHOMES LLC,1,13310,MFU
1524318,Cobblestone Condos,3140 Devonshire Dr 248,Plano,75075,71,1984,COBBLESTONE CONDOS 71 LP,1,1524318,MFU
1808832,Aspen Court Apartments,1600 Amelia Ct,Plano,75075,70,1985,AMELIA 77 LLC,1,1808832,MFU
2567179,Acqua At Legacy Village Apartments,5760 Daniel Rd,Plano,75024,64,2006,UDR LEGACY VILLAGE LLC,1,2567179,MFU
769,Villas Del Sol I & Ii Apartments,1809 G Ave,Plano,75074,60,1950,VDS EAT LLC,1,769,MFU
2856761,@ 15Th St Apartments,1200 E 15Th St,Plano,75074,52,2020,2016 OLD TOWN PLANO EAST LTD,1,2856761,MFU
2986934,Ridgeview Park Townhomes,3520 Maxwell Dr,Plano,75025,48,2006,MFREVF V - PLANO LP,1,2986934,MFU
354556,Pleasant Park Apartments,2301 K Ave,Plano,75074,32,1962,PLEASANT PARK APTS LLC,1,354556,MFU
180271,Courtyard Apartments,1600 E 15Th St,Plano,75074,28,1960,HIH COURTYARD LLC,1,180271,MFU
1764969,Silverwood Village Townhomes,1842 Silverwood Ln,Plano,75075,28,1986,SILVERWOOD TOWNHOUSES INC,1,1764969,MFU
163325,Belleview West Apartments,1403 15Th Pl,Plano,75074,24,1967,BELLEVIEW PLACE LLC,1,163325,MFU
2820598,Touraine Apartments,1514 E 15Th St,Plano,75074,24,2019,BLESSINGS HOME LLC,1,2820598,MFU
84143,Grindstone Ii Apartments,1604 L Ave,Plano,75074,22,1968,OHIO PLAZA LLC,1,84143,MFU
163334,Belleview East Apartments,1407 15Th Pl,Plano,75074,21,1972,BELLEVIEW PLACE LLC,1,163334,MFU
84125,Magnolia On 16Th,1201 E 16Th St,Plano,75074,20,1965,OHIO PLAZA LLC,1,84125,MFU
1571819,Texas Star Apartments,1504 E 15Th St,Plano,75074,20,1983,CY TOWNHOMES LLC,1,1571819,MFU
2039505,Marquis At Waterview Apartments,800 W Renner Rd,Richardson,75080,528,1996,WATERVIEW MARQUIS LP &,1,2039505,MFU
2751130,Reserve At Spring Creek Apartments,2710 Routh Creek Pkwy,Richardson,75082,458,2017,JDFW (RESERVE) LLC,1,2751130,MFU
2117157,Clearwater Creek Apartments,4000 E Renner Rd,Richardson,75082,442,2000,SOUTHWEST CLEARWATER CREEK PARTNERS LP,2,2117157;2117158,MFU
2748103,Vantage At Spring Creek,2810 Routh Creek Pkwy,Richardson,75082,420,2017,TREA ROUTH CREEK TX OWNER LP,1,2748103,MFU
2770320,James At Canyon Creek,850 Greenside Dr,Richardson,75080,415,2018,CF JAMES MULTIFAMILY DST,1,2770320,MFU
2018601,Homes Of Prairie Springs Apartments,280 W Renner Rd,Richardson,75080,408,1995,OTR,1,2018601,MFU
2832628,Northside Phase 4,800 Cecil Dr,Richardson,75080,387,2020,NORTHSIDE CAMPUS PARTNERS 4,1,2832628,MFU-IMPO
2645564,Pradera Apartments,851 Greenside Dr,Richardson,75080,360,2008,PBONE PRADERA LLC,1,2645564,MFU
2696110,Estates Of Richardson,905 W President George Bush Hwy,Richardson,75080,360,2013,FRANKEL FAMILY TRUST,1,2696110,MFU
2726690,Sync Cityline,120 W Cityline Dr,Richardson,75082,354,2016,SYNC CITYLINE LP,1,2726690,MFU
2721394,Axis 110,110 W Cityline Dr,Richardson,75082,351,2015,AREIT DALLAS CITYLINE LLC,1,2721394,MFU
2725292,Lofts At Palisades,2525 Empire Dr,Richardson,75080,343,2016,LOFTS AT PALISADES LLC,1,2725292,MFU
2758568,Northside I,3000 Northside Blvd,Richardson,75080,313,2016,NORTHSIDE CAMPUS PARTNERS LP,1,2758568,MFU-IMPO
2786866,Register Apartments,3520 Wilshire Way,Richardson,75082,306,2019,REGISTER RICHARDSON LLC THE,1,2786866,MFU
2725278,Windsor Cityline,1250 Hunt St,Richardson,75082,299,2015,IMP CITYLINE LLC,1,2725278,MFU
2693848,Standard At Cityline Apartments Ph 1,1125 E Renner Rd,Richardson,75082,276,2014,PRICE STANDARD AT CITYLINE LP,1,2693848,MFU
2776050,Northside Phase 2,3100 Northside Blvd,Richardson,75080,275,2017,NORTHSIDE CAMPUS PARTNERS 2 LP,1,2776050,MFU-IMPO
2924643,The Riley,3551 Wilshire Way 1,Richardson,75082,269,2016,GARLAND HOUSING FINANCE CORPORATION,1,2924643,MFU
2811014,Northside Phase 3,750 Synergy Park Blvd,Richardson,75080,246,2019,NORTHSIDE CAMPUS PARTNERS 3 LP,1,2811014,MFU-IMPO
1865440,Canterbury Courts Apartments,2600 E Renner Rd,Richardson,75082,240,1992,D CANTERBURY LLC,1,1865440,MFU
2739599,Lyla Apartments,3521 Wilshire Way,Richardson,75082,237,2016,LYLA OWNER LLC,1,2739599,MFU
2039698,Cortland Prairie Creek Apartments,3560 Alma Rd,Richardson,75080,236,1996,PRAIRIE CREEK APTS LLC,1,2039698,MFU
2784362,Bell Cityline,1230 E Cityline Dr,Richardson,75082,236,2017,BCF I CITYLINE LLC,1,2784362,MFU
2707424,Anthem Cityline,1250 State St,Richardson,75082,233,2014,ANTHEM AT CITYLINE/PT-SPE LLC,1,2707424,MFU
2725294,Flats At Palisades,2625 Empire Dr,Richardson,75080,232,2016,FLATS AT PALISADES LLC,1,2725294,MFU
2039699,Cortland Prairie Creek Villas Ii Apartments,3560 Alma Rd,Richardson,75080,228,1998,PRAIRIE CREEK APTS LLC,1,2039699,MFU
2058066,Breckinridge Point Apartments,4250 E Renner Rd,Richardson,75082,226,1998,BRECKINRIDGE POINT TX LLC,1,2058066,MFU
2058065,Breckenridge Point Apartments,3500 North Star Rd,Richardson,75082,214,1998,BRECKINRIDGE POINT TX LLC,1,2058065,MFU
1615274,Spring Pointe Apartments,3501 N Jupiter Rd,Richardson,75082,208,1985,THE CAMERON COUNTY HOUSING FINANCE CORPORATION,1,1615274,MFU
2784361,Cityline Park,1130 E Cityline Dr,Richardson,75082,199,2017,BCF I CITYLINE LLC,1,2784361,MFU
2667180,Evergreen At Richardson Senior Chodo,3551 North Star Rd,Richardson,75082,170,2011,EVERGREEN RICHARDSON SENIOR COMMUNITY LP,1,2667180,MFUSU
2692418,Creekside Townhomes,3650 Custer Pkwy,Richardson,75080,162,2012,CUSTER CREEKSIDE LLC,1,2692418,MFU
2054151,Villages At Clear Springs Apartments,2600 Clear Springs Dr,Richardson,75082,160,1997,VILLAGES RESIDENCES LP,1,2054151,MFU
155691,Royal Arms Apartments,2811 Custer Pkwy,Richardson,75080,129,1970,ROLLING CASH ROYAL ARMS LP,1,155691,MFU
2693849,Standard At Cityline  Apartments Ph 2,1225 E Renner Rd,Richardson,75082,127,2013,PRICE STANDARD AT CITYLINE LP,1,2693849,MFU
220291,Foundation At Cityline Apartments,601 W Renner Rd,Richardson,75080,88,1979,FOUNDATION APARTMENTS WAGERMAN LLC &,1,220291,MFU
2686978,Yorkshire Apartment Homes,3601 Shire Blvd,Richardson,75082,56,2013,MIYAMA USA DUCK CREEK INC,1,2686978,MFU
