apt_id,name,address,city,county,zip,units,year_built,owner,parcels,cad_prop_ids,cad_use_code
65031341010039900,University Village - Fka Waterview Park Apts,2200 Waterview Pkwy,Richardson,Dallas,75080,888,1988,BOARD OF REG OF UNIV OF TX SYSTEM,1,65031341010039900,B11
42146400000010000,La Mirada,1400 Cavalier Dr,Richardson,Dallas,75080,622,1977,LA MIRADA PROPERTY,1,42146400000010000,B11
422610000B0030000,Camden Buckingham,430 Buckingham Rd,Richardson,Dallas,75081,464,1996,CAMDEN PROPERTY TRUST,1,422610000B0030000,B11
422130100304C0000,Greenvue,1350 N Greenville Ave,Richardson,Dallas,75081,408,2014,1350 GREENVUE LLC,1,422130100304C0000,B11
420147400001A0000,Block 24,901 Jupiter Rd,Richardson,Dallas,75081,396,2002,FST BLOCK 24 LLC,1,420147400001A0000,B11
420687500A02A0000,Eastside Ii North,1735 N Greenville Ave,Richardson,Dallas,,384,2025,RICHARDSON ALMA II LLC,1,420687500A02A0000,B11
420746700C0010000,Junction At Galatyn Park,1050 Galatyn Pkwy,Richardson,Dallas,75082,379,2016,BEL GALATYN LIMITED,1,420746700C0010000,B11
422319200B01A0000,Green Valley Apmt (N/C 7%),111 W Spring Valley Rd,Richardson,Dallas,,375,2026,LANG SHERMAN VENTURE LLC,1,422319200B01A0000,B11
420746700A08A0000,Cue Galatyn Station Apts,2305 Plaza Blvd,Richardson,Dallas,75082,372,2018,2305 PLAZA TX OWNER LP,1,420746700A08A0000,B11
420687500A0050000,Maa Eastside,1801 N Greenville Ave,Richardson,Dallas,75081,351,2008,POST EASTSIDE LTD PS,1,420687500A0050000,B11
420174000B07A0000,Arboretum Estates,411 Buckingham Rd,Richardson,Dallas,75081,338,1997,CF ARBORETUM MULTIFAMILY DST,1,420174000B07A0000,B11
420175100B0010000,Sweetwater At Buckingham,540 Buckingham Rd,Richardson,Dallas,75081,312,1994,SWEETWATER OWNER LLC,1,420175100B0010000,B11
422209300B0020000,Sonterra At Buckingham,530 E Buckingham Rd,Richardson,Dallas,75081,312,1995,530 BUCKINGHAM OWNER LLC,1,422209300B0020000,B11
420746700A0050000,Galatyn Station,2301 Performance Dr,Richardson,Dallas,75082,285,2007,AK GALATYN OWNER LLC,1,420746700A0050000,B11
420687500A01B0000,Mallory Eastside,1705 N Greenville Ave,Richardson,Dallas,75081,281,2015,RICHARDSON ALMA LLC,1,420687500A01B0000,B11
421046500M01B0000,Brick Row Apts Bldg B The Station,744 Brick Row,Richardson,Dallas,75081,247,2009,SHLP BRICK ROW LLC,1,421046500M01B0000,B11
42075080000000000,Encore At Buckingham (Senior Living),535 Buckingham Rd,Richardson,Dallas,75081,242,2001,535 ENCORE OWNER LLC,1,42075080000000000,B11
65034559010010000,Utd Phase 6 Housing (Apartment Style),800 W Campbell Rd,Richardson,Dallas,75080,240,2016,BOARD OF REG OF UNIV OF TX SYSTEM,1,65034559010010000,B11
42138500010010000,Falls On Clearwood Apts,613 Clearwood Dr,Richardson,Dallas,75081,236,1970,OMNINET FALLS LP,1,42138500010010000,B11
42232500000030000,Windham Chase Apts,1330 W Spring Valley Rd,Richardson,Dallas,75080,236,1971,SPRING VALLEY 1330 LLC,1,42232500000030000,B11
421046500S01B0000,Brick Row Apts Bldg A The Quarters,743 Brick Row,Richardson,Dallas,75081,213,2010,SHLP BRICK ROW LLC,1,421046500S01B0000,B11
42086400000010000,Oakline,900 Frances Way,Richardson,Dallas,75081,200,1979,BEVERLY INVESTORS LLC &,1,42086400000010000,B11
42099310010010000,Madison On Melrose,1520 Richardson Dr,Richardson,Dallas,75080,200,1995,YOKOMORI MFG CO LTD,1,42099310010010000,B11
42002600010010000,Cutters Point Apartments,1111 Abrams Rd,Richardson,Dallas,75081,196,1978,FRBH CP LLC,1,42002600010010000,B11
42124900000010000,Prestonwood Apartment Homes,333 Prestonwood Dr,Richardson,Dallas,75081,194,1979,EPC C3 PRESTONWOOD LLC,1,42124900000010000,B11
42232500000010000,Shenandoah Apartments,939 Allegheny Ct,Richardson,Dallas,75080,192,1969,ROWANRICHARDSON LLC,1,42232500000010000,B11
42269700000010000,Lakeside On Spring Valley,1000 W Spring Valley Rd,Richardson,Dallas,75080,157,1968,DTX1000 W SPRING VALLEY LLC,2,42269700000010000;42269710010010000,B11
422446000A01A0000,Twin Rivers Senior Living,201 S Glenville Dr,Richardson,Dallas,75081,156,2008,TWIN RIVERS RES LLC,1,422446000A01A0000,B11
42043700000010000,Valley Estates,929 St Paul Dr,Richardson,Dallas,75080,136,1977,LURIN REAL ESTATE HOLDINGS,1,42043700000010000,B11
420716000101B0000,Trellis Canyon Creek,2301 N Central Expy,Richardson,Dallas,75080,130,1997,2301 N CENTRAL OWNER LLC,1,420716000101B0000,B11
42256600020060000,University Village Apts (Ecu),188 N Plano Rd,Richardson,Dallas,75081,120,1979,PEEK PROPERTIES,1,42256600020060000,B11
42118500010220000,Camelot Apartments,530 Rockingham Ln,Richardson,Dallas,75080,116,1965,CO3 CAMELOT 117 LLC,1,42118500010220000,B11
65034559010020000,Utd Phase 7 Housing (Apartment Style),2400 Armstrong Pkwy,Richardson,Dallas,75080,108,2016,BOARD OF REG OF UNIV OF TX SYSTEM,1,65034559010020000,B11
42241300000010000,Lakefront Villas,900 W Spring Valley Rd,Richardson,Dallas,75080,105,1968,ORCHIDS 900 LLC,1,42241300000010000,B11
42213500010010000,Belle Grove At Custer,800 Custer Rd,Richardson,Dallas,75080,101,1968,CW CUSTER LLC,1,42213500010010000,B11
42213500020010000,Bell Grove At Custer,700 Custer Rd,Richardson,Dallas,75080,101,1968,CW CUSTER LLC,1,42213500020010000,B11
420687500A0040000,Post Eastside Apt,1851 N Greenville Ave,Richardson,Dallas,75081,84,2007,POST APARTMENT HOMES LP,1,420687500A0040000,B11
42432150000010000,Lafayette Square,915 S Waterview Dr,Richardson,Dallas,75080,83,1961,LIVBROOK WEXLER HOLDING,1,42432150000010000,B11
421046500O01C0000,Brick Row- The Point,151 Brick Row,Richardson,Dallas,75081,77,2012,SHLP BRICK ROW LLC,1,421046500O01C0000,B11
42149500020010000,Heather Glen,101 S Bowser Rd,Richardson,Dallas,75081,75,1963,BAYLESS SMITH INVESTMENTS GP,3,42149500020010000;42149500020020000;42149500020030000,B11
42149500010020000,Tradewinds Apts,104 S Bowser Rd,Richardson,Dallas,75081,74,1963,SMITH SHIRLEY L,2,42149500010020000;42149500010030000,B11
42234500000090000,Huntington Town Homes,910 Spring Valley Plaza,Richardson,Dallas,75080,73,1963,HUNTINGTON DROWN LP,1,42234500000090000,B11
42233500010010000,Hillsdale Garden,800 W Spring Valley Rd,Richardson,Dallas,75080,72,1969,HILLSDALE CAPITAL GROUP LLC,1,42233500010010000,B11
42149500020040000,Villa D Este Apts,113 S Bowser Rd,Richardson,Dallas,75081,60,1963,BC HIGH OAKS LLC,2,42149500020040000;42149500020050000,B11
42233500020010000,Oaks At Spring Valley,740 W Spring Valley Rd,Richardson,Dallas,75080,56,1965,BRAZOS OAKS SV LLC,1,42233500020010000,B11
421046500N01B0000,Brick Row Apts Bldg C The Springs,644 Brick Row,Richardson,Dallas,75081,40,2009,SHLP BRICK ROW LLC,1,421046500N01B0000,B11
42430550000350000,Central North Apts,340 Custer Rd,Richardson,Dallas,75080,30,1960,RICHARD J NAGLER,1,42430550000350000,B11
42430900000050000,Briarwood Apts,330 E Polk St,Richardson,Dallas,75081,30,1972,SUPREME PROPERTIES INC,1,42430900000050000,B11
421446100A0020000,Parkwood Apts,325 E Phillips St,Richardson,Dallas,75081,28,1956,JRHOMESDFW LLC,1,421446100A0020000,B11
42149500010040000,Sandpiper Apts,112 S Bowser Rd,Richardson,Dallas,75081,28,1965,BC HIGH OAKS LLC,1,42149500010040000,B11
42148500010310000,Eastgate Apts,101 N Bowser Rd,Richardson,Dallas,75081,25,1962,MILLION INVESTMENT INC,1,42148500010310000,B11
42202500020010000,Lasalle Terrace Apts,301 La Salle Dr,Richardson,Dallas,75081,20,1959,LASALLE TERRACE LLC,1,42202500020010000,B11
