rank,score,score_size,score_timing,score_signal,score_open,signal,ref_id,name,city,units,software,why,sources
1,92,36,26,15,15,upcoming,plano-360-unit-project-in-downtown-plano,360-unit project in downtown Plano,Plano,360,not chosen yet,Site plan approved · 360 units → software not chosen yet.,https://communityimpact.com/plano/government/plano-commission-approves-new-site-plan-for-360-apartment-project-in-downtown-plano/
2,92,40,22,15,15,upcoming,richardson-legacy-arapaho,Legacy Arapaho,Richardson,443,not chosen yet,Permit filed Jun 2026 · 443 units · opens ~2028 → software not chosen yet.,https://communityimpact.com/richardson/government/443-unit-apartment-complex-approved-by-richardson-city-council/
3,86,38,18,15,15,upcoming,richardson-the-caroline-eastside,The Caroline Eastside,Richardson,384,not chosen yet,Under construction · 384 units → software not chosen yet.,https://communityimpact.com/richardson/development/eastside-apartment-expansion-underway-in-richardson/
4,83,23,30,15,15,sold,1716655,Hathaway At Willow Bend,Plano,229,unknown,Sold Jun 2026 to Winston Gt Holdings Lp · 229 units · software unknown → new owner may re-pick software.,"https://data.texas.gov/resource/5tkr-3759.json?$select=propid,dbaname,ownername,deedtypecd,deedeffdate&$where=propid%20in%20(1716655)"
5,82,40,12,15,15,sold,2646098,Riachi At One 21 Apartments,Plano,402,unknown,Sold Dec 2025 to Mfrevf V - Plano · 402 units · software unknown → new owner may re-pick software.,"https://data.texas.gov/resource/5tkr-3759.json?$select=propid,dbaname,ownername,deedtypecd,deedeffdate&$where=propid%20in%20(2646098)"
6,80,40,20,15,5,sold,2748103,Vantage At Spring Creek,Richardson,420,Yardi,Sold Jun 2026 to Trea Routh Creek Tx · 420 units · on Yardi → new owner may re-pick software.,"https://data.texas.gov/resource/5tkr-3759.json?$select=propid,dbaname,ownername,deedtypecd,deedeffdate&$where=propid%20in%20(2748103);https://vantagespringcreek.securecafenet.com/residentservices/vantage-at-spring-creek0/userlogin"
7,80,32,18,15,15,upcoming,plano-aura-northline,Aura Northline,Plano,325,not chosen yet,Under construction Feb 2024 · 325 units → software not chosen yet.,https://www.dallasnews.com/business/real-estate/2024/02/12/developer-hops-aboard-darts-new-silver-line-with-apartment-project/
8,78,18,30,15,15,sold,2820374,Orchards Market Plaza Senior Apts,Plano,178,unknown,Sold Jul 2026 to Csh Plano Act Llc · 178 units · software unknown → new owner may re-pick software.,"https://data.texas.gov/resource/5tkr-3759.json?$select=propid,dbaname,ownername,deedtypecd,deedeffdate&$where=propid%20in%20(2820374)"
9,77,27,30,15,5,sold,2041713,Ellington,Plano,266,Yardi,Sold Jul 2026 to S2 Preston Park Lp · 266 units · on Yardi → new owner may re-pick software.,"https://data.texas.gov/resource/5tkr-3759.json?$select=propid,dbaname,ownername,deedtypecd,deedeffdate&$where=propid%20in%20(2041713);https://liveellington.securecafe.com/onlineleasing/the-ellington5/guestlogin.aspx"
10,76,28,18,15,15,upcoming,richardson-polk-st-multifamily,Polk St Multifamily,Richardson,281,not chosen yet,Under construction Apr 2026 · 281 units · opens ~2027 → software not chosen yet.,https://communityimpact.com/richardson/development/developers-break-ground-on-281-unit-multifamily-community-in-richardson/
11,75,40,5,15,15,sold,2095999,23Hundred @ Ridgeview,Plano,480,unknown,Sold Jun 2025 to Ch Realty X Mf · 480 units · software unknown → new owner may re-pick software.,"https://data.texas.gov/resource/5tkr-3759.json?$select=propid,dbaname,ownername,deedtypecd,deedeffdate&$where=propid%20in%20(2095999)"
12,75,15,30,15,15,upcoming,plano-haggard-farm-townhomes,Haggard Farm Townhomes,Plano,,not chosen yet,Zoning filed Jun 2026 → software not chosen yet.,https://plano.legistar.com/LegislationDetail.aspx?ID=1540
13,74,26,18,15,15,upcoming,plano-the-parks-at-legacy-west,The Parks at Legacy West,Plano,261,not chosen yet,Under construction Jul 2026 · 261 units · opens ~2029 → software not chosen yet.,https://candysdirt.com/2026/07/10/streetlights-residential-bets-on-older-affluent-renters-with-new-plano-luxury-tower/
14,74,34,10,15,15,upcoming,plano-the-buckley,The Buckley,Plano,338,not chosen yet,Now leasing Apr 2026 · 338 units → software not chosen yet.,https://candysdirt.com/2026/08/07/the-buckley-adds-338-apartments-to-planos-reworked-heritage-creekside/
15,73,15,28,15,15,upcoming,richardson-apartment-complex-on-sherman-street,Apartment complex on Sherman Street,Richardson,,not chosen yet,Zoning approved → software not chosen yet.,https://communityimpact.com/richardson/housing-real-estate/richardson-city-council-approves-apartment-complex-on-sherman-street/
16,67,35,12,15,5,sold,2721394,Axis 110,Richardson,351,Yardi,Sold Dec 2025 to Areit Dallas Cityline Llc · 351 units · on Yardi → new owner may re-pick software.,"https://data.texas.gov/resource/5tkr-3759.json?$select=propid,dbaname,ownername,deedtypecd,deedeffdate&$where=propid%20in%20(2721394);https://axis110.securecafe.com/residentservices/axis-1100/userlogin.aspx?ssid=80e7ef0e09932df2f7a1ed3fa3a3d2c3"
17,67,35,12,15,5,sold,2058069,Legends At Chase Oaks Apartments,Plano,346,Yardi,Sold Sep 2025 to 701 Legacy Drive Spe · 346 units · on Yardi → new owner may re-pick software.,"https://data.texas.gov/resource/5tkr-3759.json?$select=propid,dbaname,ownername,deedtypecd,deedeffdate&$where=propid%20in%20(2058069);https://sitemanager.rentcafe.com/residentservices/legends-at-chase-oaks-2/userlogin.aspx"
18,67,15,22,15,15,upcoming,plano-collin-creek-multifamily,Collin Creek Multifamily,Plano,,not chosen yet,Permit filed Jun 2026 · opens ~2027 → software not chosen yet.,https://www.zabalist.com/projects/TABS2026023342
19,67,15,22,15,15,upcoming,richardson-jlb-west-cityline,JLB West Cityline,Richardson,,not chosen yet,Permit filed · opens ~2027 → software not chosen yet.,https://www.zabalist.com/projects/TABS2025022864
20,65,23,12,15,15,sold,365483,Woodlands Of Plano Apartments Tc,Plano,232,unknown,Sold Nov 2025 to Clover Woodlands Plano Owner · 232 units · software unknown → new owner may re-pick software.,"https://data.texas.gov/resource/5tkr-3759.json?$select=propid,dbaname,ownername,deedtypecd,deedeffdate&$where=propid%20in%20(365483)"
21,65,40,5,15,5,sold,2750390,Grand At Legacy West Apartments,Plano,621,Yardi,Sold Apr 2025 to Lw Owner 1 Llc · 621 units · on Yardi → new owner may re-pick software.,"https://data.texas.gov/resource/5tkr-3759.json?$select=propid,dbaname,ownername,deedtypecd,deedeffdate&$where=propid%20in%20(2750390);https://thegrandatlegacywest.securecafe.com/residentservices/the-grand-at-legacy-west0/userlogin.aspx"
22,64,32,12,15,5,sold,2945424,Park Residences Plano,Plano,318,Yardi,Sold Mar 2026 to Park Residences Plano West · 318 units · on Yardi → new owner may re-pick software.,"https://data.texas.gov/resource/5tkr-3759.json?$select=propid,dbaname,ownername,deedtypecd,deedeffdate&$where=propid%20in%20(2945424);https://parkresidences-plano.securecafenet.com/residentservices/park-residences-plano-properties/userlogin"
23,64,39,5,15,5,sold,1627494,The Dayton,Plano,389,ResMan,Sold Apr 2025 to Pecos Housing Finance Corporation · 389 units · on ResMan → new owner may re-pick software.,"https://data.texas.gov/resource/5tkr-3759.json?$select=propid,dbaname,ownername,deedtypecd,deedeffdate&$where=propid%20in%20(1627494);https://s2capital.myresman.com/Portal/Applicants/Availability?a=1080&p=3683ab21-b83b-4d31-b29f-584e422c6d46&_gl=1*1i1vner*_gcl_au*MTA3MjUyMDkwMy4xNjk4MjA3MTM1*_ga*MTM2OTY2OTE4Mi4xNjk4MjA3MTM1*_ga_8SMWMMGMWV*MTY5ODIxMTk0My4yLjEuMTY5ODIxMzk5Ny41Ni4wLjA."
24,63,28,5,15,15,sold,1503117,Bellevue At Spring Creek Apartments,Plano,278,unknown,Sold Jun 2025 to Spring Creek 278 Llc · 278 units · software unknown → new owner may re-pick software.,"https://data.texas.gov/resource/5tkr-3759.json?$select=propid,dbaname,ownername,deedtypecd,deedeffdate&$where=propid%20in%20(1503117)"
25,63,38,5,15,5,sold,2058512,Creekside At Legacy Apartments,Plano,380,RealPage,Sold Sep 2024 to Key Creekside Llc · 380 units · on RealPage → new owner may re-pick software.,"https://data.texas.gov/resource/5tkr-3759.json?$select=propid,dbaname,ownername,deedtypecd,deedeffdate&$where=propid%20in%20(2058512);https://creeksideatlegacy.loftliving.com/login"
26,63,15,18,15,15,upcoming,plano-haggard-farm,Haggard Farm,Plano,,not chosen yet,Under construction Dec 2025 · opens ~2027 → software not chosen yet.,https://communityimpact.com/plano/development/haggard-farm-development-going-vertical-in-coming-months/
27,59,17,12,15,15,sold,2710065,Overture Plano Senior Apartments,Plano,168,unknown,Sold Sep 2025 to Dhc Hyb Slc Properties · 168 units · software unknown → new owner may re-pick software.,"https://data.texas.gov/resource/5tkr-3759.json?$select=propid,dbaname,ownername,deedtypecd,deedeffdate&$where=propid%20in%20(2710065)"
28,57,32,5,15,5,sold,2504520,Mcdermott Place Apartments,Plano,324,Yardi,Sold Jul 2025 to Heitman Credit Acquisition Xl · 324 units · on Yardi → new owner may re-pick software.,"https://data.texas.gov/resource/5tkr-3759.json?$select=propid,dbaname,ownername,deedtypecd,deedeffdate&$where=propid%20in%20(2504520);https://www.rentcafe.com/onlineleasing/mcdermott-place1/guestlogin.aspx"
29,56,21,5,15,15,sold,2058065,Breckenridge Point Apartments,Richardson,214,unknown,Sold Jun 2025 to Breckinridge Point Tx Llc · 214 units · software unknown → new owner may re-pick software.,"https://data.texas.gov/resource/5tkr-3759.json?$select=propid,dbaname,ownername,deedtypecd,deedeffdate&$where=propid%20in%20(2058065)"
30,56,21,5,15,15,sold,1615274,Spring Pointe Apartments,Richardson,208,unknown,Sold Apr 2025 to The Cameron County Housing · 208 units · software unknown → new owner may re-pick software.,"https://data.texas.gov/resource/5tkr-3759.json?$select=propid,dbaname,ownername,deedtypecd,deedeffdate&$where=propid%20in%20(1615274)"
31,55,30,5,15,5,sold,2560139,Axis 3700,Plano,300,Yardi,Sold Sep 2025 to Apartments Axis Spe Llc · 300 units · on Yardi → new owner may re-pick software.,"https://data.texas.gov/resource/5tkr-3759.json?$select=propid,dbaname,ownername,deedtypecd,deedeffdate&$where=propid%20in%20(2560139);https://markethaus3700.securecafe.com/residentservices/markethaus-3700/userlogin.aspx?PropLeadSource_2154047=portal&_yTrackUser=NDQ3MzIzODAzNSM5NTUwNjY1NzM%253d-bwa4pWtdXCo%253d&_yTrackVisit=NzIxMzk4NTk5OCM1OTUwMjYxMzE%253d-VEIDU5SWhdE%253d&_yTrackReqDT=10401520261009&ssid=d26ecb10372957e96d466b3cb42636c4"
32,55,30,5,15,5,sold,1976049,Lakeshore At Preston Apartments,Plano,302,Yardi,Sold Sep 2024 to Simfa Lakeshore Fee Simple · 302 units · on Yardi → new owner may re-pick software.,"https://data.texas.gov/resource/5tkr-3759.json?$select=propid,dbaname,ownername,deedtypecd,deedeffdate&$where=propid%20in%20(1976049);https://lakeshoreatpreston.securecafe.com/onlineleasing/lakeshore-at-preston0/guestlogin.aspx"
33,53,33,0,15,5,sold,2908642,The Ludlow,Plano,326,RealPage,Sold Feb 2024 to Heritage Creekside Block B · 326 units · on RealPage → new owner may re-pick software.,"https://data.texas.gov/resource/5tkr-3759.json?$select=propid,dbaname,ownername,deedtypecd,deedeffdate&$where=propid%20in%20(2908642);https://9033774.onlineleasing.realpage.com/"
34,48,23,5,15,5,sold,2058066,Breckinridge Point Apartments,Richardson,226,Yardi,Sold Jun 2025 to Breckinridge Point Tx Llc · 226 units · on Yardi → new owner may re-pick software.,"https://data.texas.gov/resource/5tkr-3759.json?$select=propid,dbaname,ownername,deedtypecd,deedeffdate&$where=propid%20in%20(2058066);https://breckinridgepoint.securecafenet.com/residentservices/breckinridge-point0/userlogin"
35,45,20,5,15,5,sold,1511233,The Wexley,Plano,204,Yardi,Sold Aug 2025 to Harvestree Owner Llc · 204 units · on Yardi → new owner may re-pick software.,"https://data.texas.gov/resource/5tkr-3759.json?$select=propid,dbaname,ownername,deedtypecd,deedeffdate&$where=propid%20in%20(1511233);https://thewexleyplano.securecafenet.com/residentservices/harvestree-apartments-llc/userlogin"
36,43,18,5,15,5,sold,2734943,The Holland,Plano,175,Yardi,Sold Apr 2025 to Lw Residential Partners Lp · 175 units · on Yardi → new owner may re-pick software.,"https://data.texas.gov/resource/5tkr-3759.json?$select=propid,dbaname,ownername,deedtypecd,deedeffdate&$where=propid%20in%20(2734943);https://thehollandlegacywest.securecafe.com/residentservices/the-holland/userlogin.aspx"
37,42,17,5,15,5,sold,2027278,The Calvin,Plano,167,AppFolio,Sold Dec 2024 to Rc Calvin Llc · 167 units · on AppFolio → new owner may re-pick software.,"https://data.texas.gov/resource/5tkr-3759.json?$select=propid,dbaname,ownername,deedtypecd,deedeffdate&$where=propid%20in%20(2027278);https://reapmgt.appfolio.com/connect/users/sign_in?portfolio_uuid=8ead78e2-b996-11ef-a8d3-0af44ebe6ded"
38,41,16,5,15,5,sold,2808931,Instrata At Legacy West,Plano,161,Yardi,Sold Apr 2025 to Lw Owner 2 Llc · 161 units · on Yardi → new owner may re-pick software.,"https://data.texas.gov/resource/5tkr-3759.json?$select=propid,dbaname,ownername,deedtypecd,deedeffdate&$where=propid%20in%20(2808931);https://instratalegacywest.securecafe.com/onlineleasing/instrata-at-legacy-west/guestlogin.aspx"
39,38,13,5,15,5,sold,148646,Alta Vista Apartments,Plano,133,RealPage,Sold Feb 2025 to Alta Vista Apartments & · 133 units · on RealPage → new owner may re-pick software.,"https://data.texas.gov/resource/5tkr-3759.json?$select=propid,dbaname,ownername,deedtypecd,deedeffdate&$where=propid%20in%20(148646);https://altavistaapartments.activebuilding.com/"
40,32,7,5,15,5,sold,1808832,Aspen Court Apartments,Plano,70,ResMan,Sold May 2025 to Amelia 77 Llc · 70 units · on ResMan → new owner may re-pick software.,"https://data.texas.gov/resource/5tkr-3759.json?$select=propid,dbaname,ownername,deedtypecd,deedeffdate&$where=propid%20in%20(1808832);https://valcap.myresman.com/Portal/Access/SignIn/ASPN"
