apt_id,name,address,city,zip,units,year_built,owner,parcels,cad_prop_ids,cad_use_code,website,website_confidence,software,signal,proof_url,checked_at,unknown_reason
2615335,Northside At Legacy I Apartments,7560 Bishop Rd,Plano,75024,793,2007,5765 BOZEMAN (TX) OWNER LP,4,2615335;2632842;2843977;2843978,MFU,,none,unknown,none,,,no-website
2096027,Cortland West Plano,8123 Ohio Dr,Plano,75024,769,1998,TX APT 8205 TOWNE MAIN DRIVE LP,3,2096027;2096031;2649742,MFU,https://cortland.com/apartments/cortland-west-plano/,high,unknown,none,https://apply.funnelleasing.com/877/login,2026-09-10,in-house-portal
2047952,The Gio Apartments,5000 K Ave,Plano,75074,730,1995,SREIT GIO APARTMENTS LLC,2,2047952;2047953,MFU,,none,unknown,none,,,no-website
2544026,Legacy Village Apts Phase Ii,5701 Scruggs Way,Plano,75024,720,2004,UDR LEGACY VILLAGE LLC,6,2544026;2557311;2557312;2557313;2567181;2608481,MFU,,none,unknown,none,,,no-website
2750390,Grand At Legacy West Apartments,6080 Water St,Plano,75024,621,2015,LW OWNER 1 LLC,2,2750390;2750393,MFU,https://www.thegrandatlegacywest.com/the-grand-at-legacy-west-plano,high,Yardi,portal,https://thegrandatlegacywest.securecafe.com/residentservices/the-grand-at-legacy-west0/userlogin.aspx,2026-09-10,
2143049,Cortland North Plano Apartments,9601 Custer Rd,Plano,75025,548,1998,CUSTER TX PARTNERS LLC,1,2143049,MFU,,none,unknown,none,,,no-website
2929400,The Beacon,4065 Beacon Square Blvd,Plano,75075,539,2022,BEACON SQUARE ASSOCIATION INC &,3,2929400;2929401;2929403,MFU,https://interchange.puc.texas.gov/Documents/56021_24_1358750.PDF,low,unknown,none,,,no-website
2652395,Estancia At Ridgeview Ranch Apartments,10200 Independence Pkwy,Plano,75025,500,2006,ESTANCIA APARTMENT PARTNERS,1,2652395,MFU,,none,unknown,none,,,no-website
2111968,Maa Los Rios,4701 14Th St,Plano,75074,498,1999,MID-AMERICA APARTMENTS LP,1,2111968,MFU,https://www.maac.com/texas/dallas/maa-los-rios/,high,Yardi,portal,https://maac.securecafe.com/residentservices/apartmentsforrent/userlogin.aspx,2026-09-10,
1503260,Creekside Village Apts,3400 Park Blvd,Plano,75075,480,1983,NSCC CREEKSIDE 12B LLC,1,1503260,MFU,https://www.senioradvisor.com/local,low,unknown,none,,,no-website
2095999,23Hundred @ Ridgeview,2300 Kathryn Ln,Plano,75025,480,1998,CH REALTY X MF PLANO 23 HUNDRED LP,1,2095999,MFU,https://23hundred-ridgeview.wheree.com/,high,unknown,none,,2026-09-10,no-portal-link
357054,Bel Air Oaks,700 W Plano Pkwy,Plano,75075,474,1965,PLANO PUBLIC FACILITY CORPORATION,1,357054,MFU,https://www.belairoaks.com/,high,Yardi,portal,https://belairoaks.securecafenet.com/residentservices/bel-air-oaks/userlogin?dropdownlangid=999,2026-09-10,
2557400,Windhaven Park  Apartments,6201 Windhaven Pkwy,Plano,75093,474,1990,AG-HILLTOP WINDHAVEN PROPERTY OWNER LP,1,2557400,MFU,https://windhavenparkapthome.com/,high,RealPage,portal,https://8763937.onlineleasing.realpage.com/,2026-09-10,
2544628,Saxony At Chase Oaks Apartments,300 Legacy Dr,Plano,75023,470,1994,SAXONY AT CHASE OAKS PARTNERSHIP,1,2544628,MFU,https://www.saxonyatchaseoaks.com/,high,Yardi,portal,https://saxonyatchaseoaks.securecafe.com/residentservices/saxony-at-chase-oaks/userlogin.aspx?PropLeadSource_159688=portal&_yTrackUser=NDQ3MzIzNjAxNCMxMTMxNjE3ODcx-fR1vofbGPik%253d&_yTrackVisit=NzIxMzk4Mjg4MSMxMDE3MDc2MTA2-6Ijis2Rzuk8%253d&_yTrackReqDT=09391520261009,2026-09-10,
1986344,La Costa Apartments,6100 Ohio Dr,Plano,75024,462,1991,WESTDALE LA COSTA TX LP,2,1986344;1999757,MFU,,none,unknown,none,,,no-website
1988024,Evoke,1025 Preston Rd,Plano,75093,459,2016,BEAUMEADE EVOKE LLC &,1,1988024,MFU,https://www.evokeapartmentsplano.com/,high,Entrata,portal,https://evokeapartmentsplano.residentportal.com/auth,2026-09-10,
2571959,Maa Market Center I,3825 Mapleshade Ln,Plano,75075,454,2012,MAALP MARKET CENTER LLC,1,2571959,MFU,https://www.maac.com/texas/dallas/maa-market-center/,high,Yardi,portal,https://maac.securecafe.com/residentservices/apartmentsforrent/userlogin.aspx,2026-09-10,
2107994,Mission Gate Apartments,8025 Ohio Dr,Plano,75024,434,1998,WRPV XIV MG PLANO LP &,1,2107994,MFU,https://www.missiongateapts.com/,high,Yardi,portal,https://missiongateapts.securecafenet.com/residentservices/mission-gate0/userlogin,2026-09-10,
1708003,Westside Apartments,1515 Rio Grande Dr,Plano,75075,412,1984,RRE BRENTDALE HOLDINGS LLC,1,1708003,MFU,https://www.corporatehousing.com/tx/plano/the-westside/rv99ql3,high,unknown,none,,2026-09-10,no-portal-link
2006652,Villas Of Preston Creek Apartments,6900 Preston Rd,Plano,75024,408,1992,FRANKEL FAMILY TRUST THE,2,2006652;2006876,MFU,,none,unknown,none,,,no-website
2646098,Riachi At One 21 Apartments,9600 Coit Rd,Plano,75025,402,2007,MFREVF V - PLANO LP,1,2646098,MFU,https://www.greystar.com/riachi-at-one21-plano-tx/p_23109,high,unknown,none,,2026-09-10,no-portal-link
2785825,Windsor Metro West Apartments,8055 Windrose Ave,Plano,75024,401,2017,IMP METRO WEST LLC,1,2785825,MFU,https://www.plugshare.com/location/462249,high,unknown,none,,2026-09-10,no-portal-link
2614633,Dorian,8401 Memorial Ln,Plano,75024,398,2007,KV TRIBECA APARTMENTS LLC,1,2614633,MFU,https://www.dorianandencoreluxuryliving.com/,high,RealPage,hop-portal,https://dorianandencore.loftliving.com/login,2026-09-10,
2581386,Villas Of Spring Creek Ii Apartments,6301 Stonewood Dr,Plano,75024,396,1999,CREEKWOOD SPRINGCREEK DEVELOPMENT LP,2,2581386;2581388,MFU,,none,unknown,none,,,no-website
1627494,The Dayton,6000 Ohio Dr,Plano,75093,389,1985,PECOS HOUSING FINANCE CORPORATION,1,1627494,MFU,https://www.livethedayton.com/,high,ResMan,portal,https://s2capital.myresman.com/Portal/Applicants/Availability?a=1080&p=3683ab21-b83b-4d31-b29f-584e422c6d46&_gl=1*1i1vner*_gcl_au*MTA3MjUyMDkwMy4xNjk4MjA3MTM1*_ga*MTM2OTY2OTE4Mi4xNjk4MjA3MTM1*_ga_8SMWMMGMWV*MTY5ODIxMTk0My4yLjEuMTY5ODIxMzk5Ny41Ni4wLjA.,2026-09-10,
2739046,Centric One90,680 Executive Dr,Plano,75074,386,2014,TRG BUSH TURNPIKE LP,1,2739046,MFU,https://www.centricone90.com/,high,Yardi,portal,https://centricone90.securecafenet.com/residentservices/aura-one900/userlogin,2026-09-10,
2763841,Jada Legacy Central Tc,6501 Excellence Way,Plano,75023,385,2018,PLANO PUBLIC FACILITY CORPORATION,1,2763841,MFU,,none,unknown,none,,,no-website
2058512,Creekside At Legacy Apartments,6300 Windcrest Dr,Plano,75024,380,1996,KEY CREEKSIDE LLC,1,2058512,MFU,https://www.creeksideatlegacy.com/,high,RealPage,hop-portal,https://creeksideatlegacy.loftliving.com/login,2026-09-10,
2861988,Ferro,1005 11Th St,Plano,75074,379,2021,TB PLANO 1 LLC,1,2861988,MFU,https://www.liveferro.com/,high,Yardi,portal,https://liveferro.securecafe.com/onlineleasing/ferro/guestlogin.aspx,2026-09-10,
2023604,Thornbury At Chase Oaks Apartments,7101 Chase Oaks Blvd,Plano,75025,376,1994,PLANO PUBLIC FACILITY CORPORATION,1,2023604,MFU,https://www.thornburyatchaseoaksapts.com/,high,Entrata,portal,https://thornburyatchaseoaksapts.residentportal.com/auth,2026-09-10,
1771372,Steeplechase Apartments,7301 Alma Dr,Plano,75025,368,1984,PLANO PUBLIC FACILITY CORPORATION,1,1771372,MFU,https://www.steeplechasedallas.com/,high,Yardi,portal,https://steeplechasedallas.securecafenet.com/residentservices/steeplechase-apartments/userlogin,2026-09-10,
2028165,Bentley Place At Willow Bend Apartments,5945 W Parker Rd,Plano,75093,368,1995,DALLAS BENTLEY I LP &,1,2028165,MFU,https://www.veryapt.com/ApartmentReview-a9287-bentley-place-at-willow-bend-apartments-plano,high,unknown,none,,2026-09-10,no-portal-link
2058800,1201 Park Apartments,1201 E Park Blvd,Plano,75074,368,1996,1201 PARK PLANO ASSOCIATES LLC,1,2058800,MFU,https://www.1201park.com/,high,Entrata,portal,https://1201parkapts.residentportal.com/,2026-09-10,
2039201,Carrington Park Apartments,3001 Communications Pkwy,Plano,75093,364,1994,TREA CARRINGTON PARK LLC,1,2039201,MFU,https://www.livecarringtonpark.com/,high,Yardi,portal,https://livecarringtonpark.securecafe.com/residentservices/carrington-park-4/userlogin.aspx?PropLeadSource_649995=portal&_yTrackUser=NDQ3MzIzNjg4NSMxMTQyMzM4MzI3-Y1rWf5sRhGU%253d&_yTrackVisit=NzIxMzk4NDI0NiMxNzAwMTc5Mzk1-j%252ftBtPAUc%252fM%253d&_yTrackReqDT=35391520261009,2026-09-10,
2895746,Windsor West Plano,2100 Legacy Dr,Plano,75023,363,2022,COLUMBIA LEGACY SQUARE LP,1,2895746,MFU,https://www.windsorcommunities.com/properties/windsor-west-plano/,high,Yardi,portal,https://windsorwestplano.securecafe.com/residentservices/windsor-west-plano/userlogin.aspx,2026-09-10,
1708628,Waterford On The Meadow Apartments,1414 Shiloh Rd,Plano,75074,350,1984,H20 WATERFORD 12C LLC,1,1708628,MFU,https://waterfordonthemeadow.com/,high,ResMan,portal,https://jpns.myresman.com/Portal/Access/SignIn/WOM,2026-09-10,
2924684,One 90 Gateway,3201 Wynwood Dr,Plano,75074,347,2021,PLANO HOUSING AUTHORITY,1,2924684,MFU,https://www.one90gateway.com/,high,RealPage,portal,https://one90gateway.loftliving.com/login,2026-09-10,
2058069,Legends At Chase Oaks Apartments,701 Legacy Dr,Plano,75023,346,1996,701 LEGACY DRIVE SPE LLC &,1,2058069,MFU,https://www.legendsatchaseoaks.com/,high,Yardi,portal,https://sitemanager.rentcafe.com/residentservices/legends-at-chase-oaks-2/userlogin.aspx,2026-09-10,
2053077,Brooks On Preston Apartments,7200 Preston Rd,Plano,75024,342,1995,JANRIC ENTERPRISES LTD,1,2053077,MFU,https://www.briggsfreeman.com/neighborhoods/brooks-on-preston-apartments/plano/texas/,high,unknown,none,,2026-09-10,no-portal-link
2006888,Colonnade At Willow Bend Apartments,1101 Meredith Ln,Plano,75093,338,1993,1100 MEREDITH LANE INC,2,2006888;2006889,MFU,,none,unknown,none,,,no-website
2929495,The Buckley,600 Kissimmee Dr,Plano,75075,338,2024,HERITAGE CREEKSIDE BLOCK A1 OWNER LLC,1,2929495,MFU,https://thebuckleyplano.com/,high,RealPage,hop-portal,https://thebuckleytx.loftliving.com/login,2026-09-10,
2097508,Villas At Legacy Apartments,5301 W Spring Creek Pkwy,Plano,75024,328,1999,JLLX VILLAS AT LEGACY DST,1,2097508,MFU,https://villasatlegacy-plano.com/,high,RealPage,hop-portal,https://villasatlegacyapts.activebuilding.com/login,2026-09-10,
2805254,Lvl 29 Apartments,6000 Columbus Ave,Plano,75024,328,2017,NE WEST LEGACY LP,1,2805254,MFU,https://www.viprealtyinfo.com/lvl-29.php,high,unknown,none,,2026-09-10,no-portal-link
2002288,Avalon At Chase Oaks Apartments,801 Legacy Dr,Plano,75023,326,1991,PLANO PUBLIC FACILITY CORPORATION,1,2002288,MFU,https://www.avalonatchaseoaksapts.com/,high,Entrata,portal,https://avalonatchaseoaksapts.residentportal.com/auth,2026-09-10,
2908642,The Ludlow,601 Belpree Dr,Plano,75075,326,2022,HERITAGE CREEKSIDE BLOCK B OWNER LLC,1,2908642,MFU,https://theludlowplano.com/,high,RealPage,portal,https://9033774.onlineleasing.realpage.com/,2026-09-10,
356947,Aura Northline,541 J Pl,Plano,75074,325,2024,TRG NORTHLINE LP,2,356947;356965,MFU,https://www.auranorthline.com/,high,Yardi,portal,https://auranorthline.securecafenet.com/residentservices/aura-northline/userlogin,2026-09-10,
2069317,La Ventura Apartments,2600 Ventura Dr,Plano,75093,324,1998,LA VENTURA PLANO LLC,1,2069317,MFU,,none,unknown,none,,,no-website
2504520,Mcdermott Place Apartments,8900 Independence Pkwy,Plano,75025,324,2000,HEITMAN CREDIT ACQUISITION XL LP,1,2504520,MFU,https://www.mcdermottplace.com/gallery/,high,Yardi,portal,https://www.rentcafe.com/onlineleasing/mcdermott-place1/guestlogin.aspx,2026-09-10,
2543479,Cottonwood Ridgeview,9100 Independence Pkwy,Plano,75025,322,2004,COTTONWOOD COURTNEY MANOR H LLC &,1,2543479,MFU,https://www.cottonwoodridgeview.com/,high,Entrata,portal,https://courtneymanor.residentportal.com/resident_portal/?module=authentication&action=view_login,2026-09-10,
2672947,Gateway Crossing Apts,380 Vistacourt Dr,Plano,75074,322,2014,BELL VALUE-ADD FUND VIII GATEWAY LP,1,2672947,MFU,https://www.renterinsights.com/search/Texas/Plano/Gateway-Crossing-Apartments/,high,unknown,none,,2026-09-10,no-portal-link
2628294,Huntington Apartments,4925 Rasor Blvd,Plano,75024,320,2016,FAIRFIELD HUNTINGTON LP,1,2628294,MFU,,none,unknown,none,,,no-website
2571968,Maa At Market Center Ii Apartments,440 Coit Rd,Plano,75075,318,2014,MID-AMERICA APARTMENTS LP,1,2571968,MFU,,none,unknown,none,,,no-website
2945424,Park Residences Plano,1109 Park Vista Rd,Plano,75094,318,2019,PARK RESIDENCES PLANO WEST LLC,2,2945424;2945425,MFUSE,https://www.parkresidences-plano.com/,high,Yardi,portal,https://parkresidences-plano.securecafenet.com/residentservices/park-residences-plano-properties/userlogin,2026-09-10,
1963481,Collin Creek Apartments,2301 Pebble Vale Dr,Plano,75075,314,1988,PLANO PUBLIC FACILITY CORPORATION,1,1963481,MFU,https://www.affordablehousing.com/plano-tx/collin-creek-851899/,high,unknown,none,,2026-09-10,no-portal-link
2666205,Parkside At Legacy V Apts,5745 Bozeman Dr,Plano,75024,310,2011,5765 BOZEMAN (TX) OWNER LP,1,2666205,MFU,https://www.dallasapartmentsuptown.com/estate/parkside-at-legacy-apartments/,high,unknown,none,,2026-09-10,no-portal-link
2763842,Opal Legacy Central Apartments,6500 Excellence Way,Plano,75023,310,2019,PLANO PUBLIC FACILITY CORPORATION,1,2763842,MFU,,none,unknown,none,,,no-website
2787666,Latitude Apartments,601 Patton Blvd,Plano,75075,304,2019,PLANO PUBLIC FACILITY CORPORATION,1,2787666,MFU,https://www.latitudeplano.com/,high,Entrata,portal,https://latitudeplano.residentportal.com/,2026-09-10,
1976049,Lakeshore At Preston Apartments,3700 Preston Rd,Plano,75093,302,1991,SIMFA LAKESHORE FEE SIMPLE LLC,1,1976049,MFU,https://www.lakeshoreatpreston.com/,high,Yardi,portal,https://lakeshoreatpreston.securecafe.com/onlineleasing/lakeshore-at-preston0/guestlogin.aspx,2026-09-10,
2070489,Sheridan Park At Spring Creek Apartments,2001 E Spring Creek Pkwy,Plano,75074,300,1997,SPRING CREEK FEE OWNER LLC,1,2070489,MFU,https://www.furnishedhousing.com/property/50180/tx/plano/sheridan-park-at-spring-creek,high,unknown,none,,2026-09-10,no-portal-link
2073802,Waters Edge Apartments,5000 Whitestone Ln,Plano,75024,300,1997,SAGAR EDGE MASTER LLC,1,2073802,MFU,https://watersedgeplano.com/,high,Yotta,portal,https://adaraportal.yottareal.com/dba/dba-amenities?dbaid=94,2026-09-10,
2560139,Axis 3700,3700 Mapleshade Ln,Plano,75075,300,2014,APARTMENTS AXIS SPE LLC &,1,2560139,MFU,https://www.markethaus3700.com/,high,Yardi,portal,https://markethaus3700.securecafe.com/residentservices/markethaus-3700/userlogin.aspx?PropLeadSource_2154047=portal&_yTrackUser=NDQ3MzIzODAzNSM5NTUwNjY1NzM%253d-bwa4pWtdXCo%253d&_yTrackVisit=NzIxMzk4NTk5OCM1OTUwMjYxMzE%253d-VEIDU5SWhdE%253d&_yTrackReqDT=10401520261009&ssid=d26ecb10372957e96d466b3cb42636c4,2026-09-10,
2786868,Kincaid At Legacy Apartments,7200 Dallas Pkwy,Plano,75024,300,2017,KINCAID AT LEGACY TEXAS LLC,1,2786868,MFU,https://www.greystar.com/the-kincaid-at-legacy-plano-tx/p_16816,high,Yardi,portal,https://thekincaidlegacyplano.securecafe.com/residentservices/the-kincaid-at-legacy/userlogin.aspx,2026-09-10,
1824574,Summers Crossing Apartments,1500 Preston Rd,Plano,75093,294,1985,PLANO PUBLIC FACILITY CORPORATION,1,1824574,MFU,,none,unknown,none,,,no-website
2843992,Legacy North,5765 Bozeman Dr,Plano,75024,293,2009,5765 BOZEMAN (TX) OWNER LP,1,2843992,MFU,https://www.legacynorthapts.com/,high,unknown,none,,2026-09-10,no-portal-link
1571757,Cross Creek Apartments,7401 Alma Dr,Plano,75025,290,1983,ANNE MAYA - PLANO LLC &,1,1571757,MFU,https://thecrosscreek.com/,high,Yotta,portal,https://adaraportal.yottareal.com/dba/dba-amenities?dbaid=42&dbaid=42,2026-09-10,
2084407,Ranch At Ridgeview Apartments,2901 Ridgeview Dr,Plano,75025,288,1998,RAR PLANO LLC,1,2084407,MFU,https://www.theranchatridgeview.com/,high,RealPage,hop-portal,https://property.onesite.realpage.com/welcomehome?siteId=4395751,2026-09-10,
2818383,Windsor Preston,7950 Preston Rd,Plano,75024,288,2018,ALTA 289 LLC,1,2818383,MFU,https://www.windsorcommunities.com/properties/windsor-preston/,high,Yardi,portal,https://windsorpreston.securecafe.com/residentservices/windsor-preston/userlogin.aspx,2026-09-10,
1268247,Fox Trails Apartments,6300 Roundrock Trl,Plano,75023,286,1981,FOX PARTNERS LLC,1,1268247,MFU,https://www.irtliving.com/Apartments/Texas/Plano/Fox-Trails,high,Entrata,portal,https://foxtrailsapts.residentportal.com/auth,2026-09-10,
2712754,Junction 15 Apartments,930 E 15Th St,Plano,75074,279,2013,TR JUNCTION 15 LLC,1,2712754,MFU,https://members.planochamber.org/members/member/junction-15-apartments-10856,high,unknown,none,,2026-09-10,no-portal-link
1503117,Bellevue At Spring Creek Apartments,2401 W Spring Creek Pkwy,Plano,75023,278,1982,SPRING CREEK 278 LLC,1,1503117,MFU,https://www.dfwapartmentspecials.com/apartment-specials/city/plano/,low,unknown,none,,,no-website
113282,Hunters Glen Apartments,6400 Independence Pkwy,Plano,75023,276,1980,6400 INDEPENDENCE PLANO LLC,1,113282,MFU,https://www.greystar.com/hunters-glen-plano-tx/p_22869,high,Yardi,portal,https://thehuntersglen.securecafe.com/residentservices/hunters-glen2/userlogin.aspx,2026-09-10,
2039198,Camden Legacy Park Apartments,6600 Preston Rd,Plano,75024,276,1995,2009 COLP COMMUNITY OWNER LLC,1,2039198,MFU,https://www.camdenliving.com/apartments/plano-tx/camden-legacy-park,high,in-house:Camden,portal,https://www.mycamden.com/,2026-09-10,
2047307,Prestonwood Hills Apartments,6601 W Plano Pkwy,Plano,75093,272,1996,RJW PRESTONWOOD HILLS LP,1,2047307,MFU,https://www.prestonwoodhillsapts.com/,high,Yardi,portal,https://prestonwoodhillsapts.securecafe.com/residentservices/prestonwood-hills/userlogin.aspx?PropLeadSource_511793=portal&_yTrackUser=NDQ3MzIzODYxNSMxNDIwNTY1ODQ0-zrQb%252bz47jDw%253d&_yTrackVisit=NzIxMzk4NjkwOSM1MDI3Nzg5MTA%253d-uBupDjVa6YA%253d&_yTrackReqDT=29401520261009,2026-09-10,
2091841,Windsor At Legacy,6400 Windcrest Dr,Plano,75024,270,1998,MAINSTAY LEGACY PLANO LP,1,2091841,MFU,https://www.windsorcommunities.com/properties/legacy-at-windsor/,high,Yardi,portal,https://windsoratlegacy.securecafe.com/residentservices/windsor-at-legacy/userlogin.aspx,2026-09-10,
2932770,The Emory,1345 14Th St,Plano,75074,270,2023,GRAYCO PLANO INVESTMENT 2022 LP,1,2932770,MFU,https://www.theemoryplano.com/,high,Entrata,portal,https://theemoryplano.residentportal.com/,2026-09-10,
1971215,Marquis At Legacy Apartments,6820 Preston Rd,Plano,75024,268,1990,CWS BELL LP & CWS WWL LEGACY LP,1,1971215,MFU,https://www.mqlegacy.com/featuring/apartments-near-legacy-town-center-plano-marquis,high,Yardi,hop-portal,https://mqlegacy.securecafe.com/residentservices/marquis-at-legacy/userlogin.aspx,2026-09-10,
1971235,Cottages At Tulane Apartments,2600 Preston Rd,Plano,75093,268,1990,BRISTLECONE TEXAS LTD,1,1971235,MFU,,none,unknown,none,,,no-website
179611,Evana Grove,3500 Hillridge Dr,Plano,75074,266,1970,LURIN REAL ESTATE HOLDINGS LXIII LLC,1,179611,MFU,http://evanagrove.com/,high,unknown,none,,2026-09-10,no-portal-link
2041713,Ellington,4701 Preston Park Blvd,Plano,75093,266,1995,S2 PRESTON PARK LP,1,2041713,MFU,https://www.liveellington.com/,high,Yardi,portal,https://liveellington.securecafe.com/onlineleasing/the-ellington5/guestlogin.aspx,2026-09-10,
2071041,Parker Apartments,4701 Charles Pl,Plano,75093,264,1997,PLANO GFPG LLC,1,2071041,MFU,https://parkerplano.com/,high,unknown,none,,2026-09-10,no-portal-link
2686924,Amli West Plano,5961 W Parkwood Blvd,Plano,75093,264,2014,PPF AMLI WEST PLANO VILLAGE LP,1,2686924,MFU,https://www.amli.com/apartments/dallas/north-dallas-apartments/amli-west-plano,high,Entrata,portal,https://amliwestplano-prospectportal.amli.com/Apartments/module/application_authentication,2026-09-10,
2858142,Residences At Promontory,4700 W Spring Creek Pkwy,Plano,75093,264,2023,PROMONTORY RESIDENTIAL LP,1,2858142,MFU,https://www.theresidencesatpromontory.com/,high,Yardi,portal,https://theresidencesatpromontory.securecafe.com/onlineleasing/the-residences-at-promontory/register.aspx,2026-09-10,
94855,Fairway Apartments,1705 Coit Rd,Plano,75075,256,1979,FAIRWAY GARDENS LP,1,94855,MFU,https://www.harborgroupmanagement.com/apartments/tx/plano/fairway,high,MRI/RentManager,hop-portal,https://www.mrisoftware.com/portalprivacypolicy/,2026-09-10,
2116704,Lakeside At Legacy Village Apartments I & Ii,7001 Parkwood Blvd,Plano,75024,255,2003,UDR LEGACY VILLAGE LLC,1,2116704,MFU,,none,unknown,none,,,no-website
2672946,Park At Gateway Apartments,355 Vistaglen Dr,Plano,75074,255,2016,BELL VALUE-ADD FUND VIII GATEWAY LP,1,2672946,MFU,https://www.dfwapartmentspecials.com/apartment-specials/city/plano/,low,unknown,none,,,no-website
2672945,Bell Gateway Village,350 Vista Court Dr,Plano,75074,254,2012,BELL VALUE-ADD FUND VIII GATEWAY LP,1,2672945,MFU,https://www.bellgatewayvillage.com/,high,Yardi,portal,https://bellgatewayvillage.securecafe.com/onlineleasing/bell-gateway-village/guestlogin.aspx?ssid=8eebf7115d04c789d1c82cd0138d6b64,2026-09-10,
2544000,Bel Air Downtown,1404 Vontress St,Plano,75074,253,2001,BEL AIR MULTI 50 LLC &,2,2544000;2544001,MFU,https://content.civicplus.com/api/assets/79f632ea-a920-4f1a-ba02-3280b1ba54a0,low,unknown,none,,,no-website
1935918,Villas At Chase Oaks Apartments,600 Legacy Dr,Plano,75023,250,1986,WWC CHASE OAKS LP,1,1935918,MFU,https://www.showmelocal.com/profile.aspx?bid=35715530,high,unknown,none,,2026-09-10,no-portal-link
2556799,Evergreen At Plano Apts Senior Chodo,600 Independence Pkwy,Plano,75075,250,2004,PWA-PLANO INDEPENDENCE SENIOR COMMUNITY LP,1,2556799,MFUSU,,none,unknown,none,,,no-website
2595347,Kia Ora Park Apartments,9300 Coit Rd,Plano,75025,250,2006,EQR-KIA ORA PARK LP,1,2595347,MFU,https://www.apartmentsearch.com/apartments/texas/plano/kia-ora-park-apartments,high,unknown,none,,2026-09-10,no-portal-link
1623283,Legacy Apartments,6909 Custer Rd,Plano,75023,244,1984,CORNERSTONE LEGACY LP,1,1623283,MFU,https://legacy.anterra.com/,high,Yardi,portal,https://legacy-anterra.securecafenet.com/residentservices/legacy-0/userlogin,2026-09-10,
1972919,Old Shepard Place Apartments,1520 Preston Rd,Plano,75093,244,1990,PROPERTY RESERVE INC,1,1972919,MFU,,none,unknown,none,,,no-website
2031654,Garden Gate Apartments Chodo,1201 Legacy Dr,Plano,75023,240,1994,GARDEN GATE PL ACQUISITION LP,1,2031654,MFUSU,,none,unknown,none,,,no-website
2031655,Camden Legacy Creek Apartments,6400 Ohio Dr,Plano,75024,240,1994,CAMDEN OPERATING LP,1,2031655,MFU,https://www.camdenliving.com/apartments/plano-tx/camden-legacy-creek,high,in-house:Camden,portal,https://www.mycamden.com/,2026-09-10,
2084397,Point At Deerfield Apartments,4640 Hedgcoxe Rd,Plano,75024,240,1998,PASKIN PROPERTIES - 4640 HEDGECOXE LLC &,1,2084397,MFU,https://www.thepointatdeerfield.com/,high,Yardi,portal,https://thepointatdeerfield.securecafe.com/onlineleasing/the-point-at-deerfield-apartments/guestlogin.aspx,2026-09-10,
2582787,Plaza At Chase Oaks Senior Chodo,7100 Chase Oaks Blvd,Plano,75025,240,2005,UNIFIED HOUSING OF CHASE OAKS LLC,1,2582787,MFUSU,,none,unknown,none,,,no-website
2614632,Encore Apartments,4700 Tribeca Ln,Plano,75024,240,2011,KV ENCORE APARTMENTS LLC,1,2614632,MFU,https://encore.rcreachpm.com/,high,Yardi,portal,https://encore-rcreachpm.securecafe.com/residentservices/the-encore-apartments1/userlogin.aspx?PropLeadSource_1353294=portal&_yTrackUser=NDQ3MzIzOTM5MCMyNjQ3NzM5NTI%253d-XFSdRRRKyNM%253d&_yTrackVisit=NzIxMzk4ODE1MSM0MTI0ODQwNDc%253d-eCWmpMVHpvs%253d&_yTrackReqDT=54401520261009,2026-09-10,
92688,Custer Park Apartments,3400 Custer Rd,Plano,75023,232,1978,PRICEBLU CUSTER LLC,1,92688,MFU,https://www.student.com/us/tx/richardson/p/the-custer-apartments-a6dd58,high,unknown,none,,2026-09-10,no-portal-link
365483,Woodlands Of Plano Apartments Tc,1300 Rigsbee Dr,Plano,75074,232,1968,CLOVER WOODLANDS PLANO OWNER LLC,1,365483,MFUSU,,none,unknown,none,,,no-website
2120057,Towns Of Chapel Hill Apartments,6201 Chapel Hill Blvd,Plano,75093,232,1997,TOWNS OF CHAPEL HILL APTS LP,1,2120057,MFU,https://townsofchapelhill.com/floorplans/,high,Yardi,hop-portal,https://townsofchapelhill.securecafenet.com/residentservices/towns-of-chapel-hill/userlogin?ssid=1d39b883428a4408449d2c9708ebab16,2026-09-10,
1716655,Hathaway At Willow Bend,2525 Preston Rd,Plano,75093,229,1984,WINSTON GT HOLDINGS LP &,1,1716655,MFU,https://therealdeal.com/texas/2026/07/31/s2-capital-sells-plano-apartments-flagged-for-foreclosure/,low,unknown,none,,,no-website
2900849,K Avenue Lofts,2505 K Ave,Plano,75074,226,2022,PLANO HOUSING AUTHORITY,1,2900849,MFU,https://www.pivotal-communities.com/properties/k-avenue-lofts,high,Yardi,portal,https://pivotal-communities.securecafe.com/residentservices/apartmentsforrent/userlogin.aspx,2026-09-10,
1989159,The Oaks At Plano,5000 Old Shepard Pl,Plano,75093,224,1991,PRESTON OLD SHEPARD TITLEHOLDER LLC,1,1989159,MFUSE,https://www.trueconnectioncommunities.com/texas-senior-living/the-oaks-at-plano/,high,Yardi,portal,https://the-oaks-at-plano-rentcafewebsite.securecafe.com/residentservices/the-oaks-at-plano/userlogin.aspx,2026-09-10,
2632167,Conservatory At Plano Senior Apartments,6401 Ohio Dr,Plano,75024,222,2006,CONSERVATORY SENIOR HOUSING AT CHAMPION FOREST LP & ETAL,1,2632167,MFUSE,,none,unknown,none,,,no-website
1747603,Birchstone Residential,2523 Ohio Dr,Plano,75093,220,1984,HOP BORROWER LLC,1,1747603,MFU,https://www.birchstonewestplano.com/,high,Entrata,portal,https://birchstonewestplano.residentportal.com/auth,2026-09-10,
2116749,Maa Legacy Apartments,5741 Martin Rd,Plano,75024,213,1999,MAA WWARRS LLC,1,2116749,MFU,https://www.maac.com/texas/dallas/maa-legacy/propertytour/,high,Yardi,portal,https://maac.securecafe.com/residentservices/apartmentsforrent/userlogin.aspx,2026-09-10,
2631255,Atria Canyon Creek Senior Apts,440 Independence Pkwy,Plano,75075,213,2007,VTR PLANO LLC,1,2631255,MFUSE,,none,unknown,none,,,no-website
2846017,Luxia Preston,4950 Broadway Dr,Plano,75024,212,2020,LUXIA PRESTON LLC,1,2846017,MFU,https://www.luxiapreston.com/,high,Yardi,portal,https://luxiapreston.securecafenet.com/residentservices/luxia-preston0/userlogin,2026-09-10,
2843990,Legacy Town North Phase Iv Apts,7840 Clara Dr,Plano,75024,210,2010,5765 BOZEMAN (TX) OWNER LP,1,2843990,MFU,,none,unknown,none,,,no-website
287594,Leighton Apartments,1717 Independence Pkwy,Plano,75075,208,1978,INDEPENDENCE RES LLC,3,287594;287601;287610,MFU,https://www.willowbridgepc.com/properties/the-leighton-apartments-plano-texas,high,unknown,none,,2026-09-10,no-portal-link
2097518,Reserve At Pebble Creek Apartments,3800 Pebble Creek Ct,Plano,75023,208,1998,PEBBLE CREEK GARDENS LP,1,2097518,MFU,https://www.harborgroupmanagement.com/apartments/tx/plano/reserve-at-pebble-creek,high,MRI/RentManager,hop-portal,https://www.mrisoftware.com/portalprivacypolicy/,2026-09-10,
2109636,Somerset At Spring Creek Apartments,3801 W Spring Creek Pkwy,Plano,75023,208,1999,SPRING CREEK GARDENS LP,1,2109636,MFU,https://www.harborgroupmanagement.com/apartments/tx/plano/somerset-at-spring-creek/amenities,high,MRI/RentManager,hop-portal,https://www.mrisoftware.com/portalprivacypolicy/,2026-09-10,
1511233,The Wexley,5401 Independence Pkwy,Plano,75023,204,1983,HARVESTREE OWNER LLC,1,1511233,MFU,https://www.thewexleyplano.com/,high,Yardi,portal,https://thewexleyplano.securecafenet.com/residentservices/harvestree-apartments-llc/userlogin,2026-09-10,
1515006,Maa Highwood Apartments,2401 Ohio Dr,Plano,75093,196,1983,MID-AMERICA APARTMENTS LP,1,1515006,MFU,https://offcampushousing.twu.edu/housing/property/maa-highwood/f35kq3v,high,unknown,none,,2026-09-10,no-portal-link
1974850,Wellington At Willow Bend Apartments,3200 Parkwood Blvd,Plano,75093,194,1991,WELLINGTON APARTMENTS UI LLC & DEMING CENTRAL WELLINGTON LLC &,1,1974850,MFU,https://www.wellingtonplano.com/,high,Yardi,portal,https://wellingtonplano.securecafe.com/residentservices/wellington-at-willow-bend/userlogin.aspx?PropLeadSource_290974=portal&_yTrackUser=NDQ3MzI0MDEwMSMxMjIwODQyOTI5-6QrtaQncghs%253d&_yTrackVisit=NzIxMzk4OTI1MiMxMzAzNjQ5MDQ0-vDkKNFvAbrU%253d&_yTrackReqDT=16411520261009,2026-09-10,
134633,Grove Park Apartments,1705 Jupiter Rd,Plano,75074,188,1975,BUMPUS DONALD R GRANTOR TRUST THE,1,134633,MFU,https://groveparkplano.com/,high,AppFolio,asset,https://bumpus.appfolio.com/connect/users/sign_in,2026-09-10,
2802245,Morada Plano Apartments,1009 14Th St,Plano,75074,183,2017,TIMBERS PLANO PARTNERS LLC - ETAL,2,2802245;2802246,MFU,https://www.moradaplano.com/,high,Yardi,portal,https://moradaplano.securecafenet.com/residentservices/morada-plano1/userlogin,2026-09-10,
1580300,Greenbriar Apartments,1901 W Spring Creek Pkwy,Plano,75023,182,1983,PRICE GREENBRIAR PLANO LLC,1,1580300,MFU,https://www.greenbriar-plano.com/greenbriar-plano-tx,high,RealPage,portal,https://1737725.onlineleasing.realpage.com/,2026-09-10,
2132903,Heritage At Lakeside Apartments,5900 Baywater Dr,Plano,75093,181,1999,HERITAGE AT LAKESIDE PROPERTY OWNER LLC,1,2132903,MFU,https://www.heritageatlakeside.com/,high,Entrata,portal,https://heritageatlakeside.residentportal.com/auth,2026-09-10,
2092539,Livingston Apartments,6301 Windhaven Pkwy,Plano,75093,180,1998,GP-RPC LIVINGSTON LLC,1,2092539,MFU,https://www.liveatthelivingston.com/,high,Entrata,asset,https://medialibrarycfo.entrata.com/16362/MLv3/4/22/2025/11/12/083646/71226_100120043_68360540afa5b2.08208209790.jpg,2026-09-10,
2779499,Bridge At Heritage Creek Apartments,1550 W Plano Pkwy,Plano,75075,180,2015,BRIDGE AT HERITAGE CREEKSIDE I LLC THE,1,2779499,MFU,,none,unknown,none,,,no-website
2953639,Mariposa At Communications Parkway Senior - Tc,6820 Communications Pkwy,Plano,75024,180,2022,MARIPOSA COMMUNICATIONS PARKWAY LP,1,2953639,MFUSU,,none,unknown,none,,,no-website
2820374,Orchards Market Plaza Senior Apts,3640 Mapleshade Ln,Plano,75075,178,2019,CSH PLANO ACT LLC,1,2820374,MFUSE,,none,unknown,none,,,no-website
2734943,The Holland,8020 Windrose Ave,Plano,75024,175,2025,LW RESIDENTIAL PARTNERS LP,1,2734943,MFU,https://thehollandlegacywest.com/,high,Yardi,hop-portal,https://thehollandlegacywest.securecafe.com/residentservices/the-holland/userlogin.aspx,2026-09-10,
2116750,Post Legacy Apartments,5721 Henry Cook Blvd,Plano,75024,171,1999,MAA WWARRS LLC,1,2116750,MFU,https://dreamindemon.com/community/threads/christina-morris-missing-from-n-texas-since-saturday.72296/post-843057,medium,unknown,none,,2026-09-10,no-portal-link
2710065,Overture Plano Senior Apartments,500 Coit Rd,Plano,75075,168,2015,DHC HYB SLC PROPERTIES LLC,1,2710065,MFUSE,,none,unknown,none,,,no-website
2027278,The Calvin,2501 Ohio Dr,Plano,75093,167,1995,RC CALVIN LLC,1,2027278,MFU,https://www.livecalvin.com/,high,AppFolio,asset,https://reapmgt.appfolio.com/connect/users/sign_in?portfolio_uuid=8ead78e2-b996-11ef-a8d3-0af44ebe6ded,2026-09-10,
2808931,Instrata At Legacy West,7850 Communications Pkwy,Plano,75024,161,2019,LW OWNER 2 LLC,1,2808931,MFU,https://www.instratalegacywest.com/,high,Yardi,portal,https://instratalegacywest.securecafe.com/onlineleasing/instrata-at-legacy-west/guestlogin.aspx,2026-09-10,
26251,Lydian Apartments,2821 Townbluff Dr,Plano,75075,160,1976,TOWNBLUFF RES LLC,1,26251,MFU,https://www.willowbridgepc.com/properties/the-lydian-apartments-plano-texas,high,unknown,none,,2026-09-10,no-portal-link
1747612,Preserve At Preston,2525 Ohio Dr,Plano,75093,160,1985,HOP BORROWER LLC,1,1747612,MFU,https://www.birchstonewestplano.com/,low,unknown,none,,,no-website
269792,Bel Air On 16Th,651 W 16Th St,Plano,75075,152,1965,PLANO PUBLIC FACILITY CORPORATION,1,269792,MFU,https://www.belairon16th.com/,high,Yardi,portal,https://belairon16th.securecafenet.com/residentservices/bel-air-on-16th/userlogin?dropdownlangid=999,2026-09-10,
1708744,Park Springs Townhomes Apartments,900 S Medalist Cir,Plano,75023,148,1985,PARK SPRINGS TEXAS LLC,1,1708744,MFU,,none,unknown,none,,,no-website
2936294,Novum Independent Living,8120 Preston Rd,Plano,75024,147,2024,PLANO OWNER LLC,1,2936294,MFUSE,,none,unknown,none,,,no-website
2779500,Bridge At Heritage Creekside,1550 W Plano Pkwy,Plano,75075,146,2015,BRIDGE AT HERITAGE CREEKSIDE I LLC THE,1,2779500,MFU,https://www.thebridgeplano.com/,high,RealPage,portal,https://7613495.onlineleasing.realpage.com/,2026-09-10,
2545145,Mcdermott Park/55,8312 Angels Dr,Plano,75024,144,2017,PECAN PUBLIC FACILITY CORPORATION,1,2545145,MFUSE,,none,unknown,none,,,no-website
21924,Chisholm Place Apartments,1001 W Park Blvd,Plano,75075,142,1981,1001 CHISHOLM LLC,1,21924,MFU,https://www.chisholmplace.com/,high,Yardi,portal,https://chisholmplace.securecafenet.com/residentservices/chisholm-place-1/userlogin,2026-09-10,
2122987,Link At Plano,1013 15Th Pl,Plano,75074,142,2000,COVEY PLANO LP,1,2122987,MFU-IMPO,https://linkatplano.com/,high,RealPage,portal,https://9251208.onlineleasing.realpage.com/?OLL-source-attribution=Property%20Website,2026-09-10,
21157,Highpoint Townhomes,6500 E Medalist Cir,Plano,75023,140,1985,URBAN HIGH POINT LP,1,21157,MFU,https://www.highpointplano.com/,high,ResMan,portal,https://uswc.myresman.com/Portal/Access/SignIn/HP,2026-09-10,
1640889,Windsor Place Apts,3535 14Th St,Plano,75074,140,1983,WINDSOR PLACE EQUITY ENTERPRISES LLC,1,1640889,MFU,https://texas.realest-us.org/page-663.htm,low,unknown,none,,,no-website
2654207,Plano Park Townhomes,2253 Ashley Park Dr,Plano,75074,140,1985,ASHLEY PARK TOWNHOMES LLC,1,2654207,MFU,,none,unknown,none,,,no-website
2843129,Patriot Park Apartments Chodo,701 13Th 14Th Connector,Plano,75074,139,2019,PLANO FAMILY 001 LP,1,2843129,MFUSU,,none,unknown,none,,,no-website
2115198,Waterford At Plano A Senior Apartments,3401 Premier Dr,Plano,75023,136,1999,TRIAD SENIOR LIVING II LP,1,2115198,MFUSE,,none,unknown,none,,,no-website
2873065,Twin Rivers At Collin Creek Senior Living,1717 Alma Dr,Plano,75075,136,2021,TWIN RIVERS AT COLLIN CREEK LTD,1,2873065,MFUSE,https://twinriversatcollincreek.com/plano-neighborhoods/,high,unknown,none,,2026-09-10,no-portal-link
2107914,Villas Of Mission Bend Senior Apartments Tc,1201 Medical Ave,Plano,75075,135,1999,M N PLANO LTD,1,2107914,MFUSU,,none,unknown,none,,,no-website
148646,Alta Vista Apartments,700 18Th St,Plano,75074,133,1962,ALTA VISTA APARTMENTS & TJFL LEGACY LP,1,148646,MFU,https://thealtavistaapts.com/,high,RealPage,hop-portal,https://altavistaapartments.activebuilding.com/,2026-09-10,
2107892,Langdon At Spring Creek,6501 Independence Pkwy,Plano,75023,124,1999,NEVADA VI GD LLC,1,2107892,MFU,https://www.langdonatspringcreek.com/,high,Yardi,portal,https://langdonatspringcreek.securecafenet.com/residentservices/langdon-at-spring-creek/userlogin,2026-09-10,
2572901,Mcdermott Crossing,8400 Angels Dr,Plano,75024,123,2011,PECAN PUBLIC FACILITY CORPORATION,1,2572901,MFUSE,https://www.familyassets.com/independent-living/texas/plano/mcdermott-crossing,high,unknown,none,,2026-09-10,no-portal-link
2721330,Horizon At Premier,3409 Premier Dr,Plano,75023,122,2016,STARBOARD PREMIER DST,1,2721330,BTR,https://www.horizonatpremier.com/,high,Yardi,portal,https://tours-horizonatpremier.securecafe.com/residentservices/avilla-premier0/userlogin.aspx,2026-09-10,
2069471,Solstice Senior Living,1940 W Spring Creek Pkwy,Plano,75023,115,1999,WINTERFELL COTTONWOOD (TX) OWNER LLC,1,2069471,MFUSE,https://solsticeseniorlivingplano.com/,high,unknown,none,,2026-09-10,no-portal-link
2122988,Bel Air K Station,1013 15Th Pl,Plano,75074,103,2000,COVEY PLANO LP,1,2122988,MFU-IMPO,https://www.nctcog.org/getmedia/565c0b4f-05ff-4dd3-b5f2-a423a362d489/TOD_InventorySummary_Methodology.pdf,low,unknown,none,,,no-website
2873533,Gala At Premier Senior Tc,2425 Premier Dr,Plano,75075,97,2021,GALA AT PREMIER LP,1,2873533,MFUSU,,none,unknown,none,,,no-website
148655,Villas Apartments,659 E 16Th St,Plano,75074,96,1971,VDS EAT LLC,1,148655,MFU,https://valiantresidential.reslisting.com/searchlisting.aspx,high,Yardi,portal,https://valiantresidential-reslisting.securecafe.com/onlineleasing/apartmentsforrent/oleapplication.aspx?utm_nooverride=1&propleadsource_0=portal&stepname=Floorplan&myOlePropertyId=1832122,2026-09-10,
2683019,Tuscany Villas At Chase Oaks Senior Chodo,7112 Chase Oaks Blvd,Plano,75025,90,2011,UHF TUSCANY VILLAS HOUSING LP,1,2683019,MFUSU,,none,unknown,none,,,no-website
2803398,Amber Vista Apartments,1901 E 15Th St,Plano,75074,88,1970,TTEP AMBER VISTA LLC,1,2803398,MFU,,none,unknown,none,,,no-website
13310,Shiloh Park,3500 E Park Blvd,Plano,75074,73,1999,SHILOH PARK TOWNHOMES LLC,1,13310,MFU,https://www.shilohparkapts.com/,high,unknown,none,,2026-09-10,no-portal-link
1524318,Cobblestone Condos,3140 Devonshire Dr 248,Plano,75075,71,1984,COBBLESTONE CONDOS 71 LP,1,1524318,MFU,https://thebauergrouprealty.com/home-search/listings/v2/tx/plano/cobblestone/condos,high,unknown,none,,2026-09-10,no-portal-link
1808832,Aspen Court Apartments,1600 Amelia Ct,Plano,75075,70,1985,AMELIA 77 LLC,1,1808832,MFU,https://www.aspencourt.com/,high,ResMan,portal,https://valcap.myresman.com/Portal/Access/SignIn/ASPN,2026-09-10,
2567179,Acqua At Legacy Village Apartments,5760 Daniel Rd,Plano,75024,64,2006,UDR LEGACY VILLAGE LLC,1,2567179,MFU,,none,unknown,none,,,no-website
769,Villas Del Sol I & Ii Apartments,1809 G Ave,Plano,75074,60,1950,VDS EAT LLC,1,769,MFU,https://data.texas.gov/views/hkzz-rrn8/rows.rdf?accessType=DOWNLOAD,low,unknown,none,,,no-website
2856761,@ 15Th St Apartments,1200 E 15Th St,Plano,75074,52,2020,2016 OLD TOWN PLANO EAST LTD,1,2856761,MFU,,none,unknown,none,,,no-website
2986934,Ridgeview Park Townhomes,3520 Maxwell Dr,Plano,75025,48,2006,MFREVF V - PLANO LP,1,2986934,MFU,,none,unknown,none,,,no-website
354556,Pleasant Park Apartments,2301 K Ave,Plano,75074,32,1962,PLEASANT PARK APTS LLC,1,354556,MFU,https://magicpin.com/usa/Plano/Downtown-Plano/Other/Pleasant-Park-Apartments/store/246a066,high,unknown,none,,2026-09-10,no-portal-link
180271,Courtyard Apartments,1600 E 15Th St,Plano,75074,28,1960,HIH COURTYARD LLC,1,180271,MFU,https://www.avail.com/l/60017556,high,unknown,none,,2026-09-10,no-portal-link
1764969,Silverwood Village Townhomes,1842 Silverwood Ln,Plano,75075,28,1986,SILVERWOOD TOWNHOUSES INC,1,1764969,MFU,,none,unknown,none,,,no-website
163325,Belleview West Apartments,1403 15Th Pl,Plano,75074,24,1967,BELLEVIEW PLACE LLC,1,163325,MFU,,none,unknown,none,,,no-website
2820598,Touraine Apartments,1514 E 15Th St,Plano,75074,24,2019,BLESSINGS HOME LLC,1,2820598,MFU,https://moovitapp.com/index/es-419/transporte_p%C3%BAblico-Touraine_Apartments-DallasFort_Worth_TX-site_323202169-743,high,unknown,none,,2026-09-10,no-portal-link
84143,Grindstone Ii Apartments,1604 L Ave,Plano,75074,22,1968,OHIO PLAZA LLC,1,84143,MFU,,none,unknown,none,,,no-website
163334,Belleview East Apartments,1407 15Th Pl,Plano,75074,21,1972,BELLEVIEW PLACE LLC,1,163334,MFU,,none,unknown,none,,,no-website
84125,Magnolia On 16Th,1201 E 16Th St,Plano,75074,20,1965,OHIO PLAZA LLC,1,84125,MFU,,none,unknown,none,,,no-website
1571819,Texas Star Apartments,1504 E 15Th St,Plano,75074,20,1983,CY TOWNHOMES LLC,1,1571819,MFU,,none,unknown,none,,,no-website
2039505,Marquis At Waterview Apartments,800 W Renner Rd,Richardson,75080,528,1996,WATERVIEW MARQUIS LP &,1,2039505,MFU,https://amberstudent.com/places/marquis-at-waterview-1607141029266,high,unknown,none,,2026-09-10,no-portal-link
2751130,Reserve At Spring Creek Apartments,2710 Routh Creek Pkwy,Richardson,75082,458,2017,JDFW (RESERVE) LLC,1,2751130,MFU,https://www.liveatreserve.com/,high,Yardi,portal,https://liveatreserve.securecafenet.com/residentservices/reserve-at-spring-creek-apartments/userlogin,2026-09-10,
2117157,Clearwater Creek Apartments,4000 E Renner Rd,Richardson,75082,442,2000,SOUTHWEST CLEARWATER CREEK PARTNERS LP,2,2117157;2117158,MFU,,none,unknown,none,,,no-website
2748103,Vantage At Spring Creek,2810 Routh Creek Pkwy,Richardson,75082,420,2017,TREA ROUTH CREEK TX OWNER LP,1,2748103,MFU,https://www.vantagespringcreek.com/,high,Yardi,portal,https://vantagespringcreek.securecafenet.com/residentservices/vantage-at-spring-creek0/userlogin,2026-09-10,
2770320,James At Canyon Creek,850 Greenside Dr,Richardson,75080,415,2018,CF JAMES MULTIFAMILY DST,1,2770320,MFU,https://www.thejamesatcanyoncreek.com/,high,Yardi,portal,https://thejamesatcanyoncreek.securecafenet.com/residentservices/cortland-canyon-creek/userlogin,2026-09-10,
2018601,Homes Of Prairie Springs Apartments,280 W Renner Rd,Richardson,75080,408,1995,OTR,1,2018601,MFU,https://www.thehomesofprairiesprings.com/homes-of-prairie-springs-richardson-tx/,high,MRI/RentManager,hop-portal,https://www.mrisoftware.com/portalprivacypolicy/,2026-09-10,
2832628,Northside Phase 4,800 Cecil Dr,Richardson,75080,387,2020,NORTHSIDE CAMPUS PARTNERS 4,1,2832628,MFU-IMPO,https://gisyaliny.github.io/notes/Data-Analyst/09-Web-Crawling/,low,unknown,none,,,no-website
2645564,Pradera Apartments,851 Greenside Dr,Richardson,75080,360,2008,PBONE PRADERA LLC,1,2645564,MFU,https://thepradera.com/floorplans/,high,Yardi,portal,https://thepradera.securecafe.com/onlineleasing/the-pradera-0/guestlogin.aspx,2026-09-10,
2696110,Estates Of Richardson,905 W President George Bush Hwy,Richardson,75080,360,2013,FRANKEL FAMILY TRUST,1,2696110,MFU,https://www.rentanapt.com/apartments/tx/richardson/estates-of-richardson/,high,RealPage,portal,https://property.onesite.realpage.com/welcomehome?siteId=3835684#url=%23login,2026-09-10,
2726690,Sync Cityline,120 W Cityline Dr,Richardson,75082,354,2016,SYNC CITYLINE LP,1,2726690,MFU,https://www.synccityline.com/,high,ResMan,portal,https://sync.myresman.com/Portal/Access/SignIn/CL,2026-09-10,
2721394,Axis 110,110 W Cityline Dr,Richardson,75082,351,2015,AREIT DALLAS CITYLINE LLC,1,2721394,MFU,https://axis110.com/,high,Yardi,hop-portal,https://axis110.securecafe.com/residentservices/axis-1100/userlogin.aspx?ssid=80e7ef0e09932df2f7a1ed3fa3a3d2c3,2026-09-10,
2725292,Lofts At Palisades,2525 Empire Dr,Richardson,75080,343,2016,LOFTS AT PALISADES LLC,1,2725292,MFU,https://www.steadfastmanagement.com/apartments/tx/richardson/the-lofts-at-palisades-apartments/default,high,Yardi,portal,https://steadfastmanagement.securecafe.com/residentservices/apartmentsforrent/userlogin.aspx?_yTrackUser=NDQ3MzI0MjM0NiM2NTAwMzc5MTY%253d-HTbhhq4tP2M%253d&_yTrackVisit=NzIxMzk5Mjc0MiMxMTU4NDEwMjE3-4WrbsfX5G6E%253d&_yTrackReqDT=23421520261009,2026-09-10,
2758568,Northside I,3000 Northside Blvd,Richardson,75080,313,2016,NORTHSIDE CAMPUS PARTNERS LP,1,2758568,MFU-IMPO,https://wanderboat.ai/attractions/united-states/richardson/northside-apartments/-y_Bc6gWRoKF5sXdeY9_cQ,high,unknown,none,,2026-09-10,no-portal-link
2786866,Register Apartments,3520 Wilshire Way,Richardson,75082,306,2019,REGISTER RICHARDSON LLC THE,1,2786866,MFU,https://www.theregisterapts.com/interactivepropertymap,high,Yardi,portal,https://theregisterapts.securecafenet.com/residentservices/the-register1/userlogin,2026-09-10,
2725278,Windsor Cityline,1250 Hunt St,Richardson,75082,299,2015,IMP CITYLINE LLC,1,2725278,MFU,https://www.windsorcommunities.com/properties/windsor-cityline/,high,Yardi,portal,https://windsorcityline.securecafe.com/residentservices/windsor-cityline/userlogin.aspx,2026-09-10,
2693848,Standard At Cityline Apartments Ph 1,1125 E Renner Rd,Richardson,75082,276,2014,PRICE STANDARD AT CITYLINE LP,1,2693848,MFU,,none,unknown,none,,,no-website
2776050,Northside Phase 2,3100 Northside Blvd,Richardson,75080,275,2017,NORTHSIDE CAMPUS PARTNERS 2 LP,1,2776050,MFU-IMPO,https://www.liveatnorthside.com/floor-plans/,high,Entrata,portal,https://northside.prospectportal.com/Apartments/module/application_authentication/property[id]/181581/show_in_popup/false/kill_session/1/,2026-09-10,
2924643,The Riley,3551 Wilshire Way 1,Richardson,75082,269,2016,GARLAND HOUSING FINANCE CORPORATION,1,2924643,MFU,https://www.citylineriley.com/,high,Yardi,portal,https://citylineriley.rentcafe.com/resident/the-riley3/login?_yTrackUser=NDQ3MzI0Mjc3MiM4NDQ0MDA2MDM%253d-gj6S%252b58D0o0%253d&_yTrackVisit=NzIxMzk5MzM5MiMxMDg5NzMwMjYy-z81JhmvVX%252bs%253d&_yTrackReqDT=36421520261009,2026-09-10,
2811014,Northside Phase 3,750 Synergy Park Blvd,Richardson,75080,246,2019,NORTHSIDE CAMPUS PARTNERS 3 LP,1,2811014,MFU-IMPO,https://bbcampussolutions.com/northside-phase-3-and-4/,high,unknown,none,,2026-09-10,no-portal-link
1865440,Canterbury Courts Apartments,2600 E Renner Rd,Richardson,75082,240,1992,D CANTERBURY LLC,1,1865440,MFU,https://www.canterburycourts.com/,high,unknown,none,,2026-09-10,no-portal-link
2739599,Lyla Apartments,3521 Wilshire Way,Richardson,75082,237,2016,LYLA OWNER LLC,1,2739599,MFU,,none,unknown,none,,,no-website
2039698,Cortland Prairie Creek Apartments,3560 Alma Rd,Richardson,75080,236,1996,PRAIRIE CREEK APTS LLC,1,2039698,MFU,,none,unknown,none,,,no-website
2784362,Bell Cityline,1230 E Cityline Dr,Richardson,75082,236,2017,BCF I CITYLINE LLC,1,2784362,MFU,https://www.bellcityline.com/,high,Yardi,portal,https://bellcityline.securecafe.com/onlineleasing/bell-cityline/guestlogin.aspx?ssid=20ee3bdc778aa4d2e8e9593559c58118,2026-09-10,
2707424,Anthem Cityline,1250 State St,Richardson,75082,233,2014,ANTHEM AT CITYLINE/PT-SPE LLC,1,2707424,MFU,https://www.anthemcityline.com/,high,RealPage,hop-portal,https://anthematcityline.activebuilding.com/login,2026-09-10,
2725294,Flats At Palisades,2625 Empire Dr,Richardson,75080,232,2016,FLATS AT PALISADES LLC,1,2725294,MFU,https://www.udr.com/dallas-apartments/richardson/the-flats-at-palisades/,high,in-house:UDR,portal,https://residents.udr.com/,2026-09-10,
2039699,Cortland Prairie Creek Villas Ii Apartments,3560 Alma Rd,Richardson,75080,228,1998,PRAIRIE CREEK APTS LLC,1,2039699,MFU,,none,unknown,none,,,no-website
2058066,Breckinridge Point Apartments,4250 E Renner Rd,Richardson,75082,226,1998,BRECKINRIDGE POINT TX LLC,1,2058066,MFU,https://www.breckinridgepoint.com/,high,Yardi,hop-portal,https://breckinridgepoint.securecafenet.com/residentservices/breckinridge-point0/userlogin,2026-09-10,
2058065,Breckenridge Point Apartments,3500 North Star Rd,Richardson,75082,214,1998,BRECKINRIDGE POINT TX LLC,1,2058065,MFU,https://fr.yelp.ca/biz/breckenridge-point-richardson-3,high,unknown,none,,2026-09-10,no-portal-link
1615274,Spring Pointe Apartments,3501 N Jupiter Rd,Richardson,75082,208,1985,THE CAMERON COUNTY HOUSING FINANCE CORPORATION,1,1615274,MFU,,none,unknown,none,,,no-website
2784361,Cityline Park,1130 E Cityline Dr,Richardson,75082,199,2017,BCF I CITYLINE LLC,1,2784361,MFU,https://www.bellcityline.com/,high,Yardi,portal,https://bellcityline.securecafe.com/onlineleasing/bell-cityline/guestlogin.aspx?ssid=20ee3bdc778aa4d2e8e9593559c58118,2026-09-10,
2667180,Evergreen At Richardson Senior Chodo,3551 North Star Rd,Richardson,75082,170,2011,EVERGREEN RICHARDSON SENIOR COMMUNITY LP,1,2667180,MFUSU,,none,unknown,none,,,no-website
2692418,Creekside Townhomes,3650 Custer Pkwy,Richardson,75080,162,2012,CUSTER CREEKSIDE LLC,1,2692418,MFU,https://www.lifeatcreekside.com/,high,RealPage,asset,https://lifeatcreekside.activebuilding.com/,2026-09-10,
2054151,Villages At Clear Springs Apartments,2600 Clear Springs Dr,Richardson,75082,160,1997,VILLAGES RESIDENCES LP,1,2054151,MFU,https://www.villagesatclearsprings.com/,high,RealPage,portal,https://1368520v3.onlineleasing.realpage.com/#k=61706,2026-09-10,
155691,Royal Arms Apartments,2811 Custer Pkwy,Richardson,75080,129,1970,ROLLING CASH ROYAL ARMS LP,1,155691,MFU,https://www.theroyalarmsapts.com/apartments/tx/richardson/lifestyle/discover-the-favorite-amenities-at-royal-arms-apartments-in-richardson-tx,high,RealPage,hop-portal,https://smgroyalarms.loftliving.com/login,2026-09-10,
2693849,Standard At Cityline  Apartments Ph 2,1225 E Renner Rd,Richardson,75082,127,2013,PRICE STANDARD AT CITYLINE LP,1,2693849,MFU,,none,unknown,none,,,no-website
220291,Foundation At Cityline Apartments,601 W Renner Rd,Richardson,75080,88,1979,FOUNDATION APARTMENTS WAGERMAN LLC &,1,220291,MFU,https://www.foundationatcityline.com/,high,ResMan,portal,https://richmark.myresman.com/Portal/Applicants/New/FACL?a=1054,2026-09-10,
2686978,Yorkshire Apartment Homes,3601 Shire Blvd,Richardson,75082,56,2013,MIYAMA USA DUCK CREEK INC,1,2686978,MFU,https://www.theyorkshireliving.com/the-yorkshire-apartment-homes,high,AppFolio,portal,https://miyamausaduckcreek.appfolio.com/connect/users/sign_in?a=cw&utm_source=apmsites_v3&utm_campaign=pay_rent_button,2026-09-10,
