area,name,city,address,units,stage,signal,why,permit_date,opening_date,sale_date,buyer,developer,office_phone,website,software,permit_link,news_link,website_link,agenda_link,map_link
az,La Victoria Commons On Apache,Tempe,2320 E APACHE BLVD,104,leasing,Opens: not public yet,Leasing · opens: not public yet · 104 units · software not picked yet,2024-09-27,,,,TEMPE CITY OF,,,,https://services.arcgis.com/lQySeXwbBg53XWDi/arcgis/rest/services/building_permits/FeatureServer/0/query?where=HousingUnits%3E%3D20&outFields=%2A&f=json&resultRecordCount=500&orderByFields=IssuedDate+DESC,,,,
az,1020 Apache,Tempe,1020 E APACHE BLVD,289,leasing,Opens: not public yet,Leasing · opens: not public yet · 289 units · software not picked yet,2024-09-30,,,,APACHE 1020 PROPERTIES KP6 LLC,,,,https://services.arcgis.com/lQySeXwbBg53XWDi/arcgis/rest/services/building_permits/FeatureServer/0/query?where=HousingUnits%3E%3D20&outFields=%2A&f=json&resultRecordCount=500&orderByFields=IssuedDate+DESC,,,,
az,Greenprint On 3Rd Apartments,Phoenix,629 N 3RD AVE,,permitted,Opens: not public yet,Permitted · opens: not public yet · software not picked yet,2024-10-01,,,,OZ15 OPPORTUNITY FUND LLC,,,,https://maps.phoenix.gov/pub/rest/services/Public/Planning_Permit/MapServer/1/query?where=SCOPE_DESC%3D%27COMMERCIAL+NEW%27+AND+%28PERMIT_NAME+LIKE+%27%25APART%25%27+OR+PERMIT_NAME+LIKE+%27%25APT%25%27+OR+PERMIT_NAME+LIKE+%27%25MULTI%25%27+OR+PERMIT_NAME+LIKE+%27%25MF%25%27%29&outFields=%2A&f=json&resultRecordCount=500&orderByFields=PER_ISSUE_DATE+DESC,,,,
az,South Pier Lot 6,Tempe,1314 E VISTA DEL LAGO DR,232,permitted,Opens: not public yet,Permitted · opens: not public yet · 232 units · software not picked yet,2024-10-09,,,,CITY OF TEMPE,,,,https://services.arcgis.com/lQySeXwbBg53XWDi/arcgis/rest/services/building_permits/FeatureServer/0/query?where=HousingUnits%3E%3D20&outFields=%2A&f=json&resultRecordCount=500&orderByFields=IssuedDate+DESC,,,,
az,Multifamily,Phoenix,13000 N TATUM BLVD,,permitted,Opens: not public yet,Permitted · opens: not public yet · software not picked yet,2024-10-25,,,,TDC GRIFFIN PV APT OWNER L L C,,,,https://maps.phoenix.gov/pub/rest/services/Public/Planning_Permit/MapServer/1/query?where=SCOPE_DESC%3D%27COMMERCIAL+NEW%27+AND+%28PERMIT_NAME+LIKE+%27%25APART%25%27+OR+PERMIT_NAME+LIKE+%27%25APT%25%27+OR+PERMIT_NAME+LIKE+%27%25MULTI%25%27+OR+PERMIT_NAME+LIKE+%27%25MF%25%27%29&outFields=%2A&f=json&resultRecordCount=500&orderByFields=PER_ISSUE_DATE+DESC,,,,
az,Commercial Multi-Family,Gilbert,1225 N ARIZONA AVE,,permitted,Opens: not public yet,Permitted · opens: not public yet · software not picked yet,2024-11-06,,,,ALDI ARIZONA LLC,,,,https://maps.gilbertaz.gov/arcgis/rest/services/OD/Growth_Development_Tables_1/MapServer/3/query?where=PermitType%3D%27Commercial+Multi-Family%27+AND+WorkClass%3D%27New%27&outFields=%2A&f=json&resultRecordCount=500&orderByFields=IssuedDate+DESC,,,,
az,8336 E Quality Ave,Mesa,8336 E QUALITY AVE,236,permitted,Opens: not public yet,Permitted · opens: not public yet · 236 units · software not picked yet,2024-11-12,,,,HAWES CROSSING APARTMENTS LLC,,,,https://data.mesaaz.gov/resource/dzpk-hxfb.json?type_of_work=Multi-Family+Residential&%24order=issued_date+DESC&%24limit=500,,,,
az,7961 E Elliot Rd,Mesa,7961 E ELLIOT RD,419,permitted,Opens: not public yet,Permitted · opens: not public yet · 419 units · software not picked yet,2024-11-14,,,,,,,,https://data.mesaaz.gov/resource/dzpk-hxfb.json?type_of_work=Multi-Family+Residential&%24order=issued_date+DESC&%24limit=500,,,,
az,3380 N Scottsdale Rd,Scottsdale,3380 N SCOTTSDALE RD,,permitted,Opens: not public yet,Permitted · opens: not public yet · software not picked yet,2024-11-22,,,,Empire Group,,,,https://maps.scottsdaleaz.gov/arcgis/rest/services/OpenData_Tabular/MapServer/12/query?where=PermitType+IN+%28%27APARTMENTS%27%2C%27MULTI-FAMILY+DWELLING%27%29&outFields=%2A&f=json&resultRecordCount=500&orderByFields=IssueDate+DESC,,,,
az,Commercial Multi-Family,Gilbert,3340 E WARNER RD,,permitted,Opens: not public yet,Permitted · opens: not public yet · software not picked yet,2024-11-25,,,,LG MORRISON RANCH LLC,,,,https://maps.gilbertaz.gov/arcgis/rest/services/OD/Growth_Development_Tables_1/MapServer/3/query?where=PermitType%3D%27Commercial+Multi-Family%27+AND+WorkClass%3D%27New%27&outFields=%2A&f=json&resultRecordCount=500&orderByFields=IssuedDate+DESC,,,,
az,6733 E Main St,Mesa,6733 E MAIN ST,,permitted,Opens: not public yet,Permitted · opens: not public yet · software not picked yet,2024-12-03,,,,MESA CITY OF,,,,https://data.mesaaz.gov/resource/dzpk-hxfb.json?type_of_work=Multi-Family+Residential&%24order=issued_date+DESC&%24limit=500,,,,
az,13870 N Frank Lloyd Wright Bl Unit 1070,Scottsdale,13870 N FRANK LLOYD WRIGHT BL UNIT 1070,,permitted,Opens: not public yet,Permitted · opens: not public yet · software not picked yet,2024-12-04,,,,Jeff Hoffman,,,,https://maps.scottsdaleaz.gov/arcgis/rest/services/OpenData_Tabular/MapServer/12/query?where=PermitType+IN+%28%27APARTMENTS%27%2C%27MULTI-FAMILY+DWELLING%27%29&outFields=%2A&f=json&resultRecordCount=500&orderByFields=IssueDate+DESC,,,,
az,Commercial Multi-Family,Gilbert,4343 E WARNER RD,,permitted,Opens: not public yet,Permitted · opens: not public yet · software not picked yet,2025-01-30,,,,,,,,https://maps.gilbertaz.gov/arcgis/rest/services/OD/Growth_Development_Tables_1/MapServer/3/query?where=PermitType%3D%27Commercial+Multi-Family%27+AND+WorkClass%3D%27New%27&outFields=%2A&f=json&resultRecordCount=500&orderByFields=IssuedDate+DESC,,,,
az,10200 E Dynamite Bl Bldg 7,Scottsdale,10200 E DYNAMITE BL BLDG 7,,permitted,Opens: not public yet,Permitted · opens: not public yet · software not picked yet,2025-02-03,,,,"Mike Anderson with MBA Development Partners, LLC",,,,https://maps.scottsdaleaz.gov/arcgis/rest/services/OpenData_Tabular/MapServer/12/query?where=PermitType+IN+%28%27APARTMENTS%27%2C%27MULTI-FAMILY+DWELLING%27%29&outFields=%2A&f=json&resultRecordCount=500&orderByFields=IssueDate+DESC,,,,
az,Verve Tempe,Tempe,1047 S TERRACE RD,240,permitted,Opens: not public yet,Permitted · opens: not public yet · 240 units · software not picked yet,2025-02-19,,,,,,,,https://services.arcgis.com/lQySeXwbBg53XWDi/arcgis/rest/services/building_permits/FeatureServer/0/query?where=HousingUnits%3E%3D20&outFields=%2A&f=json&resultRecordCount=500&orderByFields=IssuedDate+DESC,,,,
az,8137 E Brown Rd,Mesa,8137 E BROWN RD,36,permitted,Opens: not public yet,Permitted · opens: not public yet · 36 units · software not picked yet,2025-03-03,,,,ELEVATED LIVING AT RED MOUNTAIN MESA LLC,,,,https://data.mesaaz.gov/resource/dzpk-hxfb.json?type_of_work=Multi-Family+Residential&%24order=issued_date+DESC&%24limit=500,,,,
az,Multi-Family Dwelling,Scottsdale,6824 E INDIAN SCHOOL RD,,permitted,Opens: not public yet,Permitted · opens: not public yet · software not picked yet,2025-03-04,,,,"MPC Indian School, LLC",,,,https://maps.scottsdaleaz.gov/arcgis/rest/services/OpenData_Tabular/MapServer/12/query?where=PermitType+IN+%28%27APARTMENTS%27%2C%27MULTI-FAMILY+DWELLING%27%29&outFields=%2A&f=json&resultRecordCount=500&orderByFields=IssueDate+DESC,,,,
az,812 E Speedway Bl,Tucson,812 E SPEEDWAY BL,165,permitted,Opens: not public yet,Permitted · opens: not public yet · 165 units · software not picked yet,2025-03-12,,,,,,,,https://gis.tucsonaz.gov/public/rest/services/PublicMaps/PermitsCode/MapServer/84/query?where=StructureType%3D%27Apartment+Building%27+AND+WORKCLASS+LIKE+%27%25New%25%27&outFields=%2A&f=json&resultRecordCount=500&orderByFields=ISSUEDATE+DESC,,,,
az,818 E Speedway BL,Tucson,818 E Speedway BL,165,permitted,Opens: not public yet,Permitted · opens: not public yet · 165 units · software not picked yet,2025-03-12,,,,,,,,https://gis.tucsonaz.gov/public/rest/services/PublicMaps/PermitsCode/MapServer/84/query?where=StructureType%3D%27Apartment+Building%27+AND+WORKCLASS+LIKE+%27%25New%25%27&outFields=%2A&f=json&resultRecordCount=500&orderByFields=ISSUEDATE+DESC,,,,
az,North Valley Apartments Bldg F,Phoenix,32400 N 29TH AVE,,permitted,Opens: not public yet,Permitted · opens: not public yet · software not picked yet,2025-03-13,,,,B/A NORTH VALLEY LLC,,,,https://maps.phoenix.gov/pub/rest/services/Public/Planning_Permit/MapServer/1/query?where=SCOPE_DESC%3D%27COMMERCIAL+NEW%27+AND+%28PERMIT_NAME+LIKE+%27%25APART%25%27+OR+PERMIT_NAME+LIKE+%27%25APT%25%27+OR+PERMIT_NAME+LIKE+%27%25MULTI%25%27+OR+PERMIT_NAME+LIKE+%27%25MF%25%27%29&outFields=%2A&f=json&resultRecordCount=500&orderByFields=PER_ISSUE_DATE+DESC,,,,
az,Cabana Kyrene Apartments,Tempe,515 W GUADALUPE RD,57,permitted,Opens: not public yet,Permitted · opens: not public yet · 57 units · software not picked yet,2025-03-26,,,,CABANA KYRENE LLC,,,,https://services.arcgis.com/lQySeXwbBg53XWDi/arcgis/rest/services/building_permits/FeatureServer/0/query?where=HousingUnits%3E%3D20&outFields=%2A&f=json&resultRecordCount=500&orderByFields=IssuedDate+DESC,,,,
az,Ben Bar On 3Rd Apartments Bldg 2,Phoenix,4110 S 3RD AVE,,permitted,Opens: not public yet,Permitted · opens: not public yet · software not picked yet,2025-03-27,,,,KC 2 LLC/EDEE HOLDINGS LLC,,,,https://maps.phoenix.gov/pub/rest/services/Public/Planning_Permit/MapServer/1/query?where=SCOPE_DESC%3D%27COMMERCIAL+NEW%27+AND+%28PERMIT_NAME+LIKE+%27%25APART%25%27+OR+PERMIT_NAME+LIKE+%27%25APT%25%27+OR+PERMIT_NAME+LIKE+%27%25MULTI%25%27+OR+PERMIT_NAME+LIKE+%27%25MF%25%27%29&outFields=%2A&f=json&resultRecordCount=500&orderByFields=PER_ISSUE_DATE+DESC,,,,
az,Multi-Family Dwelling,Scottsdale,8080 E CAMELBACK RD,,permitted,Opens: not public yet,Permitted · opens: not public yet · software not picked yet,2025-03-27,,,,Spectrum Retirement Communities LLC,,,,https://maps.scottsdaleaz.gov/arcgis/rest/services/OpenData_Tabular/MapServer/12/query?where=PermitType+IN+%28%27APARTMENTS%27%2C%27MULTI-FAMILY+DWELLING%27%29&outFields=%2A&f=json&resultRecordCount=500&orderByFields=IssueDate+DESC,,,,
az,Taylor Street Downtown Apartments 1,Phoenix,1435 E TAYLOR ST,,permitted,Opens: not public yet,Permitted · opens: not public yet · software not picked yet,2025-04-28,,,,1435 E TAYLOR STREET LLC,,,,https://maps.phoenix.gov/pub/rest/services/Public/Planning_Permit/MapServer/1/query?where=SCOPE_DESC%3D%27COMMERCIAL+NEW%27+AND+%28PERMIT_NAME+LIKE+%27%25APART%25%27+OR+PERMIT_NAME+LIKE+%27%25APT%25%27+OR+PERMIT_NAME+LIKE+%27%25MULTI%25%27+OR+PERMIT_NAME+LIKE+%27%25MF%25%27%29&outFields=%2A&f=json&resultRecordCount=500&orderByFields=PER_ISSUE_DATE+DESC,,,,
az,Sidney P Osborn Multifamily Building 2,Phoenix,225 N 17TH ST,,permitted,Opens: not public yet,Permitted · opens: not public yet · software not picked yet,2025-05-08,,,,,,,,https://maps.phoenix.gov/pub/rest/services/Public/Planning_Permit/MapServer/1/query?where=SCOPE_DESC%3D%27COMMERCIAL+NEW%27+AND+%28PERMIT_NAME+LIKE+%27%25APART%25%27+OR+PERMIT_NAME+LIKE+%27%25APT%25%27+OR+PERMIT_NAME+LIKE+%27%25MULTI%25%27+OR+PERMIT_NAME+LIKE+%27%25MF%25%27%29&outFields=%2A&f=json&resultRecordCount=500&orderByFields=PER_ISSUE_DATE+DESC,,,,
az,1817 M View Apartment-Gazebo Permit,Phoenix,1817 W MOUNTAIN VIEW RD,,permitted,Opens: not public yet,Permitted · opens: not public yet · software not picked yet,2025-05-09,,,,LONG MOUNTAIN INVESTMENTS LLC,,,,https://maps.phoenix.gov/pub/rest/services/Public/Planning_Permit/MapServer/1/query?where=SCOPE_DESC%3D%27COMMERCIAL+NEW%27+AND+%28PERMIT_NAME+LIKE+%27%25APART%25%27+OR+PERMIT_NAME+LIKE+%27%25APT%25%27+OR+PERMIT_NAME+LIKE+%27%25MULTI%25%27+OR+PERMIT_NAME+LIKE+%27%25MF%25%27%29&outFields=%2A&f=json&resultRecordCount=500&orderByFields=PER_ISSUE_DATE+DESC,,,,
az,7550 E Legacy Bl Bldg 6,Scottsdale,7550 E LEGACY BL BLDG 6,,permitted,Opens: not public yet,Permitted · opens: not public yet · software not picked yet,2025-05-12,,,,RA2 - Garden Apartments at Legacy LLC,,,,https://maps.scottsdaleaz.gov/arcgis/rest/services/OpenData_Tabular/MapServer/12/query?where=PermitType+IN+%28%27APARTMENTS%27%2C%27MULTI-FAMILY+DWELLING%27%29&outFields=%2A&f=json&resultRecordCount=500&orderByFields=IssueDate+DESC,,,,
az,Multi-Family Dwelling,Scottsdale,19670 N 76TH ST BLDG 21,,permitted,Opens: not public yet,Permitted · opens: not public yet · software not picked yet,2025-05-14,,,,RA2 -TOWNHOMES AT LEGACY LLC,,,,https://maps.scottsdaleaz.gov/arcgis/rest/services/OpenData_Tabular/MapServer/12/query?where=PermitType+IN+%28%27APARTMENTS%27%2C%27MULTI-FAMILY+DWELLING%27%29&outFields=%2A&f=json&resultRecordCount=500&orderByFields=IssueDate+DESC,,,,
az,Multi-Family Dwelling,Scottsdale,19544 N 76TH ST BLDG 8,,permitted,Opens: not public yet,Permitted · opens: not public yet · software not picked yet,2025-05-14,,,,RA2 -TOWNHOMES AT LEGACY LLC,,,,https://maps.scottsdaleaz.gov/arcgis/rest/services/OpenData_Tabular/MapServer/12/query?where=PermitType+IN+%28%27APARTMENTS%27%2C%27MULTI-FAMILY+DWELLING%27%29&outFields=%2A&f=json&resultRecordCount=500&orderByFields=IssueDate+DESC,,,,
az,Multi-Family Dwelling,Scottsdale,19562 N 76TH ST BLDG 10,,permitted,Opens: not public yet,Permitted · opens: not public yet · software not picked yet,2025-05-14,,,,RA2 -TOWNHOMES AT LEGACY LLC,,,,https://maps.scottsdaleaz.gov/arcgis/rest/services/OpenData_Tabular/MapServer/12/query?where=PermitType+IN+%28%27APARTMENTS%27%2C%27MULTI-FAMILY+DWELLING%27%29&outFields=%2A&f=json&resultRecordCount=500&orderByFields=IssueDate+DESC,,,,
az,Multi-Family Dwelling,Scottsdale,19580 N 76TH ST BLDG 12,,permitted,Opens: not public yet,Permitted · opens: not public yet · software not picked yet,2025-05-14,,,,RA2 -TOWNHOMES AT LEGACY LLC,,,,https://maps.scottsdaleaz.gov/arcgis/rest/services/OpenData_Tabular/MapServer/12/query?where=PermitType+IN+%28%27APARTMENTS%27%2C%27MULTI-FAMILY+DWELLING%27%29&outFields=%2A&f=json&resultRecordCount=500&orderByFields=IssueDate+DESC,,,,
az,Multi-Family Dwelling,Scottsdale,19616 N 76TH ST BLDG 16,,permitted,Opens: not public yet,Permitted · opens: not public yet · software not picked yet,2025-05-14,,,,RA2 -TOWNHOMES AT LEGACY LLC,,,,https://maps.scottsdaleaz.gov/arcgis/rest/services/OpenData_Tabular/MapServer/12/query?where=PermitType+IN+%28%27APARTMENTS%27%2C%27MULTI-FAMILY+DWELLING%27%29&outFields=%2A&f=json&resultRecordCount=500&orderByFields=IssueDate+DESC,,,,
az,Multi-Family Dwelling,Scottsdale,19652 N 76TH ST BLDG 20,,permitted,Opens: not public yet,Permitted · opens: not public yet · software not picked yet,2025-05-14,,,,RA2 -TOWNHOMES AT LEGACY LLC,,,,https://maps.scottsdaleaz.gov/arcgis/rest/services/OpenData_Tabular/MapServer/12/query?where=PermitType+IN+%28%27APARTMENTS%27%2C%27MULTI-FAMILY+DWELLING%27%29&outFields=%2A&f=json&resultRecordCount=500&orderByFields=IssueDate+DESC,,,,
az,Multi-Family Dwelling,Scottsdale,19672 N 76TH ST BLDG 22,,permitted,Opens: not public yet,Permitted · opens: not public yet · software not picked yet,2025-05-14,,,,RA2 -TOWNHOMES AT LEGACY LLC,,,,https://maps.scottsdaleaz.gov/arcgis/rest/services/OpenData_Tabular/MapServer/12/query?where=PermitType+IN+%28%27APARTMENTS%27%2C%27MULTI-FAMILY+DWELLING%27%29&outFields=%2A&f=json&resultRecordCount=500&orderByFields=IssueDate+DESC,,,,
az,Multi-Family Dwelling,Scottsdale,19690 N 76TH ST BLDG 24,,permitted,Opens: not public yet,Permitted · opens: not public yet · software not picked yet,2025-05-14,,,,RA2 -TOWNHOMES AT LEGACY LLC,,,,https://maps.scottsdaleaz.gov/arcgis/rest/services/OpenData_Tabular/MapServer/12/query?where=PermitType+IN+%28%27APARTMENTS%27%2C%27MULTI-FAMILY+DWELLING%27%29&outFields=%2A&f=json&resultRecordCount=500&orderByFields=IssueDate+DESC,,,,
az,Multi-Family Dwelling,Scottsdale,19596 N 76TH ST BLDG 13,,permitted,Opens: not public yet,Permitted · opens: not public yet · software not picked yet,2025-05-14,,,,RA2 -TOWNHOMES AT LEGACY LLC,,,,https://maps.scottsdaleaz.gov/arcgis/rest/services/OpenData_Tabular/MapServer/12/query?where=PermitType+IN+%28%27APARTMENTS%27%2C%27MULTI-FAMILY+DWELLING%27%29&outFields=%2A&f=json&resultRecordCount=500&orderByFields=IssueDate+DESC,,,,
az,Multi-Family Dwelling,Scottsdale,19488 N 76TH ST BLDG 1,,permitted,Opens: not public yet,Permitted · opens: not public yet · software not picked yet,2025-05-14,,,,RA2 -TOWNHOMES AT LEGACY LLC,,,,https://maps.scottsdaleaz.gov/arcgis/rest/services/OpenData_Tabular/MapServer/12/query?where=PermitType+IN+%28%27APARTMENTS%27%2C%27MULTI-FAMILY+DWELLING%27%29&outFields=%2A&f=json&resultRecordCount=500&orderByFields=IssueDate+DESC,,,,
az,Multi-Family Dwelling,Scottsdale,19506 N 76TH ST BLDG 3,,permitted,Opens: not public yet,Permitted · opens: not public yet · software not picked yet,2025-05-14,,,,RA2 -TOWNHOMES AT LEGACY LLC,,,,https://maps.scottsdaleaz.gov/arcgis/rest/services/OpenData_Tabular/MapServer/12/query?where=PermitType+IN+%28%27APARTMENTS%27%2C%27MULTI-FAMILY+DWELLING%27%29&outFields=%2A&f=json&resultRecordCount=500&orderByFields=IssueDate+DESC,,,,
az,Multi-Family Dwelling,Scottsdale,19524 N 76TH ST BLDG 5,,permitted,Opens: not public yet,Permitted · opens: not public yet · software not picked yet,2025-05-14,,,,RA2 -TOWNHOMES AT LEGACY LLC,,,,https://maps.scottsdaleaz.gov/arcgis/rest/services/OpenData_Tabular/MapServer/12/query?where=PermitType+IN+%28%27APARTMENTS%27%2C%27MULTI-FAMILY+DWELLING%27%29&outFields=%2A&f=json&resultRecordCount=500&orderByFields=IssueDate+DESC,,,,
az,Multi-Family Dwelling,Scottsdale,19542 N 76TH ST BLDG 7,,permitted,Opens: not public yet,Permitted · opens: not public yet · software not picked yet,2025-05-14,,,,RA2 -TOWNHOMES AT LEGACY LLC,,,,https://maps.scottsdaleaz.gov/arcgis/rest/services/OpenData_Tabular/MapServer/12/query?where=PermitType+IN+%28%27APARTMENTS%27%2C%27MULTI-FAMILY+DWELLING%27%29&outFields=%2A&f=json&resultRecordCount=500&orderByFields=IssueDate+DESC,,,,
az,Multi-Family Dwelling,Scottsdale,19614 N 76TH ST BLDG 15,,permitted,Opens: not public yet,Permitted · opens: not public yet · software not picked yet,2025-05-14,,,,RA2 -TOWNHOMES AT LEGACY LLC,,,,https://maps.scottsdaleaz.gov/arcgis/rest/services/OpenData_Tabular/MapServer/12/query?where=PermitType+IN+%28%27APARTMENTS%27%2C%27MULTI-FAMILY+DWELLING%27%29&outFields=%2A&f=json&resultRecordCount=500&orderByFields=IssueDate+DESC,,,,
az,Multi-Family Dwelling,Scottsdale,19632 N 76TH ST BLDG 17,,permitted,Opens: not public yet,Permitted · opens: not public yet · software not picked yet,2025-05-14,,,,RA2 -TOWNHOMES AT LEGACY LLC,,,,https://maps.scottsdaleaz.gov/arcgis/rest/services/OpenData_Tabular/MapServer/12/query?where=PermitType+IN+%28%27APARTMENTS%27%2C%27MULTI-FAMILY+DWELLING%27%29&outFields=%2A&f=json&resultRecordCount=500&orderByFields=IssueDate+DESC,,,,
az,Multi-Family Dwelling,Scottsdale,19688 N 76TH ST BLDG 23,,permitted,Opens: not public yet,Permitted · opens: not public yet · software not picked yet,2025-05-14,,,,RA2 -TOWNHOMES AT LEGACY LLC,,,,https://maps.scottsdaleaz.gov/arcgis/rest/services/OpenData_Tabular/MapServer/12/query?where=PermitType+IN+%28%27APARTMENTS%27%2C%27MULTI-FAMILY+DWELLING%27%29&outFields=%2A&f=json&resultRecordCount=500&orderByFields=IssueDate+DESC,,,,
az,Multi-Family Dwelling,Scottsdale,19526 N 76TH ST BLDG 6,,permitted,Opens: not public yet,Permitted · opens: not public yet · software not picked yet,2025-05-14,,,,RA2 -TOWNHOMES AT LEGACY LLC,,,,https://maps.scottsdaleaz.gov/arcgis/rest/services/OpenData_Tabular/MapServer/12/query?where=PermitType+IN+%28%27APARTMENTS%27%2C%27MULTI-FAMILY+DWELLING%27%29&outFields=%2A&f=json&resultRecordCount=500&orderByFields=IssueDate+DESC,,,,
az,Multi-Family Dwelling,Scottsdale,19634 N 76TH ST BLDG 18,,permitted,Opens: not public yet,Permitted · opens: not public yet · software not picked yet,2025-05-14,,,,RA2 -TOWNHOMES AT LEGACY LLC,,,,https://maps.scottsdaleaz.gov/arcgis/rest/services/OpenData_Tabular/MapServer/12/query?where=PermitType+IN+%28%27APARTMENTS%27%2C%27MULTI-FAMILY+DWELLING%27%29&outFields=%2A&f=json&resultRecordCount=500&orderByFields=IssueDate+DESC,,,,
az,Multi-Family Dwelling,Scottsdale,19560 N 76TH ST BLDG 9,,permitted,Opens: not public yet,Permitted · opens: not public yet · software not picked yet,2025-05-14,,,,RA2 -TOWNHOMES AT LEGACY LLC,,,,https://maps.scottsdaleaz.gov/arcgis/rest/services/OpenData_Tabular/MapServer/12/query?where=PermitType+IN+%28%27APARTMENTS%27%2C%27MULTI-FAMILY+DWELLING%27%29&outFields=%2A&f=json&resultRecordCount=500&orderByFields=IssueDate+DESC,,,,
az,Multi-Family Dwelling,Scottsdale,19578 N 76TH ST BLDG 11,,permitted,Opens: not public yet,Permitted · opens: not public yet · software not picked yet,2025-05-14,,,,RA2 -TOWNHOMES AT LEGACY LLC,,,,https://maps.scottsdaleaz.gov/arcgis/rest/services/OpenData_Tabular/MapServer/12/query?where=PermitType+IN+%28%27APARTMENTS%27%2C%27MULTI-FAMILY+DWELLING%27%29&outFields=%2A&f=json&resultRecordCount=500&orderByFields=IssueDate+DESC,,,,
az,Multi-Family Dwelling,Scottsdale,19650 N 76TH ST BLDG 19,,permitted,Opens: not public yet,Permitted · opens: not public yet · software not picked yet,2025-05-14,,,,RA2 -TOWNHOMES AT LEGACY LLC,,,,https://maps.scottsdaleaz.gov/arcgis/rest/services/OpenData_Tabular/MapServer/12/query?where=PermitType+IN+%28%27APARTMENTS%27%2C%27MULTI-FAMILY+DWELLING%27%29&outFields=%2A&f=json&resultRecordCount=500&orderByFields=IssueDate+DESC,,,,
az,Multi-Family Dwelling,Scottsdale,19598 N 76TH ST BLDG 14,,permitted,Opens: not public yet,Permitted · opens: not public yet · software not picked yet,2025-05-14,,,,RA2 -TOWNHOMES AT LEGACY LLC,,,,https://maps.scottsdaleaz.gov/arcgis/rest/services/OpenData_Tabular/MapServer/12/query?where=PermitType+IN+%28%27APARTMENTS%27%2C%27MULTI-FAMILY+DWELLING%27%29&outFields=%2A&f=json&resultRecordCount=500&orderByFields=IssueDate+DESC,,,,
az,Multi-Family Dwelling,Scottsdale,19490 N 76TH ST BLDG 2,,permitted,Opens: not public yet,Permitted · opens: not public yet · software not picked yet,2025-05-14,,,,RA2 -TOWNHOMES AT LEGACY LLC,,,,https://maps.scottsdaleaz.gov/arcgis/rest/services/OpenData_Tabular/MapServer/12/query?where=PermitType+IN+%28%27APARTMENTS%27%2C%27MULTI-FAMILY+DWELLING%27%29&outFields=%2A&f=json&resultRecordCount=500&orderByFields=IssueDate+DESC,,,,
az,Multi-Family Dwelling,Scottsdale,19508 N 76TH ST BLDG 4,,permitted,Opens: not public yet,Permitted · opens: not public yet · software not picked yet,2025-05-14,,,,RA2 -TOWNHOMES AT LEGACY LLC,,,,https://maps.scottsdaleaz.gov/arcgis/rest/services/OpenData_Tabular/MapServer/12/query?where=PermitType+IN+%28%27APARTMENTS%27%2C%27MULTI-FAMILY+DWELLING%27%29&outFields=%2A&f=json&resultRecordCount=500&orderByFields=IssueDate+DESC,,,,
az,Sidney P Osborn Multifamily Phase 2,Phoenix,100 N 18TH ST,,permitted,Opens: not public yet,Permitted · opens: not public yet · software not picked yet,2025-05-20,,,,,,,,https://maps.phoenix.gov/pub/rest/services/Public/Planning_Permit/MapServer/1/query?where=SCOPE_DESC%3D%27COMMERCIAL+NEW%27+AND+%28PERMIT_NAME+LIKE+%27%25APART%25%27+OR+PERMIT_NAME+LIKE+%27%25APT%25%27+OR+PERMIT_NAME+LIKE+%27%25MULTI%25%27+OR+PERMIT_NAME+LIKE+%27%25MF%25%27%29&outFields=%2A&f=json&resultRecordCount=500&orderByFields=PER_ISSUE_DATE+DESC,,,,
az,Apt Bldg,Phoenix,19000 N 66TH ST,,permitted,Opens: not public yet,Permitted · opens: not public yet · software not picked yet,2025-05-28,,,,JLB 64TH AND MAYO PHASE I LLC,,,,https://maps.phoenix.gov/pub/rest/services/Public/Planning_Permit/MapServer/1/query?where=SCOPE_DESC%3D%27COMMERCIAL+NEW%27+AND+%28PERMIT_NAME+LIKE+%27%25APART%25%27+OR+PERMIT_NAME+LIKE+%27%25APT%25%27+OR+PERMIT_NAME+LIKE+%27%25MULTI%25%27+OR+PERMIT_NAME+LIKE+%27%25MF%25%27%29&outFields=%2A&f=json&resultRecordCount=500&orderByFields=PER_ISSUE_DATE+DESC,,,,
az,Commercial Multi-Family,Gilbert,460 N GILBERT RD,,permitted,Opens: not public yet,Permitted · opens: not public yet · software not picked yet,2025-06-05,,,,,,,,https://maps.gilbertaz.gov/arcgis/rest/services/OD/Growth_Development_Tables_1/MapServer/3/query?where=PermitType%3D%27Commercial+Multi-Family%27+AND+WorkClass%3D%27New%27&outFields=%2A&f=json&resultRecordCount=500&orderByFields=IssuedDate+DESC,,,,
az,Apartments & Garage Bldg,Phoenix,4235 N 24TH ST,,permitted,Opens: not public yet,Permitted · opens: not public yet · software not picked yet,2025-06-09,,,,4235 NORTH 24TH STREET LLC,,,,https://maps.phoenix.gov/pub/rest/services/Public/Planning_Permit/MapServer/1/query?where=SCOPE_DESC%3D%27COMMERCIAL+NEW%27+AND+%28PERMIT_NAME+LIKE+%27%25APART%25%27+OR+PERMIT_NAME+LIKE+%27%25APT%25%27+OR+PERMIT_NAME+LIKE+%27%25MULTI%25%27+OR+PERMIT_NAME+LIKE+%27%25MF%25%27%29&outFields=%2A&f=json&resultRecordCount=500&orderByFields=PER_ISSUE_DATE+DESC,,,,
az,8 Unit Multi-Family Apt.,Phoenix,13400 N 22ND ST,,permitted,Opens: not public yet,Permitted · opens: not public yet · software not picked yet,2025-06-09,,,,LIFT 22 LLC,,,,https://maps.phoenix.gov/pub/rest/services/Public/Planning_Permit/MapServer/1/query?where=SCOPE_DESC%3D%27COMMERCIAL+NEW%27+AND+%28PERMIT_NAME+LIKE+%27%25APART%25%27+OR+PERMIT_NAME+LIKE+%27%25APT%25%27+OR+PERMIT_NAME+LIKE+%27%25MULTI%25%27+OR+PERMIT_NAME+LIKE+%27%25MF%25%27%29&outFields=%2A&f=json&resultRecordCount=500&orderByFields=PER_ISSUE_DATE+DESC,,,,
az,4605 N Scottsdale Rd Bldg A,Scottsdale,4605 N SCOTTSDALE RD BLDG A,,permitted,Opens: not public yet,Permitted · opens: not public yet · software not picked yet,2025-06-30,,,,"ZT Scottsdale Owner, LLC",,,,https://maps.scottsdaleaz.gov/arcgis/rest/services/OpenData_Tabular/MapServer/12/query?where=PermitType+IN+%28%27APARTMENTS%27%2C%27MULTI-FAMILY+DWELLING%27%29&outFields=%2A&f=json&resultRecordCount=500&orderByFields=IssueDate+DESC,,,,
az,140 S Pomeroy,Mesa,140 S POMEROY,110,permitted,Opens: not public yet,Permitted · opens: not public yet · 110 units · software not picked yet,2025-07-03,,,,LEGACY SQUARE OPZONE LLC,,,,https://data.mesaaz.gov/resource/dzpk-hxfb.json?type_of_work=Multi-Family+Residential&%24order=issued_date+DESC&%24limit=500,,,,
az,Emory Heights Apartments,Phoenix,5307 N 17TH AVE,,permitted,Opens: not public yet,Permitted · opens: not public yet · software not picked yet,2025-07-08,,,,PHOENIX NORTH 17TH AVENUE LP,,,,https://maps.phoenix.gov/pub/rest/services/Public/Planning_Permit/MapServer/1/query?where=SCOPE_DESC%3D%27COMMERCIAL+NEW%27+AND+%28PERMIT_NAME+LIKE+%27%25APART%25%27+OR+PERMIT_NAME+LIKE+%27%25APT%25%27+OR+PERMIT_NAME+LIKE+%27%25MULTI%25%27+OR+PERMIT_NAME+LIKE+%27%25MF%25%27%29&outFields=%2A&f=json&resultRecordCount=500&orderByFields=PER_ISSUE_DATE+DESC,,,,
az,Bldg 1,Phoenix,14559 S 50TH ST,,permitted,Opens: not public yet,Permitted · opens: not public yet · software not picked yet,2025-07-08,,,,,,,,https://maps.phoenix.gov/pub/rest/services/Public/Planning_Permit/MapServer/1/query?where=SCOPE_DESC%3D%27COMMERCIAL+NEW%27+AND+%28PERMIT_NAME+LIKE+%27%25APART%25%27+OR+PERMIT_NAME+LIKE+%27%25APT%25%27+OR+PERMIT_NAME+LIKE+%27%25MULTI%25%27+OR+PERMIT_NAME+LIKE+%27%25MF%25%27%29&outFields=%2A&f=json&resultRecordCount=500&orderByFields=PER_ISSUE_DATE+DESC,,,,
az,Commercial Multi-Family,Gilbert,3844 S VAL VISTA DR,,permitted,Opens: not public yet,Permitted · opens: not public yet · software not picked yet,2025-07-15,,,,,,,,https://maps.gilbertaz.gov/arcgis/rest/services/OD/Growth_Development_Tables_1/MapServer/3/query?where=PermitType%3D%27Commercial+Multi-Family%27+AND+WorkClass%3D%27New%27&outFields=%2A&f=json&resultRecordCount=500&orderByFields=IssuedDate+DESC,,,,
az,Unnamed project,Mesa,,36,permitted,Opens: not public yet,Permitted · opens: not public yet · 36 units · software not picked yet,2025-07-30,,,,,,,,https://data.mesaaz.gov/resource/dzpk-hxfb.json?type_of_work=Multi-Family+Residential&%24order=issued_date+DESC&%24limit=500,,,,
az,Unnamed project,Mesa,,36,permitted,Opens: not public yet,Permitted · opens: not public yet · 36 units · software not picked yet,2025-08-07,,,,,,,,https://data.mesaaz.gov/resource/dzpk-hxfb.json?type_of_work=Multi-Family+Residential&%24order=issued_date+DESC&%24limit=500,,,,
az,Multi-Family 2 New Buildings,Phoenix,7101 N 27TH AVE,,permitted,Opens: not public yet,Permitted · opens: not public yet · software not picked yet,2025-08-07,,,,COVACIU JACOB,,,,https://maps.phoenix.gov/pub/rest/services/Public/Planning_Permit/MapServer/1/query?where=SCOPE_DESC%3D%27COMMERCIAL+NEW%27+AND+%28PERMIT_NAME+LIKE+%27%25APART%25%27+OR+PERMIT_NAME+LIKE+%27%25APT%25%27+OR+PERMIT_NAME+LIKE+%27%25MULTI%25%27+OR+PERMIT_NAME+LIKE+%27%25MF%25%27%29&outFields=%2A&f=json&resultRecordCount=500&orderByFields=PER_ISSUE_DATE+DESC,,,,
az,515 N Mesa Dr,Mesa,515 N MESA DR,60,permitted,Opens: not public yet,Permitted · opens: not public yet · 60 units · software not picked yet,2025-09-08,,,,EPP/GC CABANA MESA LLC,,,,https://data.mesaaz.gov/resource/dzpk-hxfb.json?type_of_work=Multi-Family+Residential&%24order=issued_date+DESC&%24limit=500,,,,
az,32Nd & Baseline Multi-Family Bld 1,Phoenix,7500 S 32ND ST,,permitted,Opens: not public yet,Permitted · opens: not public yet · software not picked yet,2025-09-08,,,,PHOENIX NATIVE ON BASELINE LP,,,,https://maps.phoenix.gov/pub/rest/services/Public/Planning_Permit/MapServer/1/query?where=SCOPE_DESC%3D%27COMMERCIAL+NEW%27+AND+%28PERMIT_NAME+LIKE+%27%25APART%25%27+OR+PERMIT_NAME+LIKE+%27%25APT%25%27+OR+PERMIT_NAME+LIKE+%27%25MULTI%25%27+OR+PERMIT_NAME+LIKE+%27%25MF%25%27%29&outFields=%2A&f=json&resultRecordCount=500&orderByFields=PER_ISSUE_DATE+DESC,,,,
az,Multi-Family Dwelling,Scottsdale,7000 E SHEA BL,,permitted,Opens: not public yet,Permitted · opens: not public yet · software not picked yet,2025-10-06,,,,High Street Residential,,,,https://maps.scottsdaleaz.gov/arcgis/rest/services/OpenData_Tabular/MapServer/12/query?where=PermitType+IN+%28%27APARTMENTS%27%2C%27MULTI-FAMILY+DWELLING%27%29&outFields=%2A&f=json&resultRecordCount=500&orderByFields=IssueDate+DESC,,,,
az,1145 S Rowen,Mesa,1145 S ROWEN,,permitted,Opens: not public yet,Permitted · opens: not public yet · software not picked yet,2025-10-09,,,,,,,,https://data.mesaaz.gov/resource/dzpk-hxfb.json?type_of_work=Multi-Family+Residential&%24order=issued_date+DESC&%24limit=500,,,,
az,2261 E Mcdowell Rd,Mesa,2261 E MCDOWELL RD,222,permitted,Opens: not public yet,Permitted · opens: not public yet · 222 units · software not picked yet,2025-10-14,,,,EVERGREEN 202 MCDOWELL L L C,,,,https://data.mesaaz.gov/resource/dzpk-hxfb.json?type_of_work=Multi-Family+Residential&%24order=issued_date+DESC&%24limit=500,,,,
az,Astria,Tempe,217 E 7TH ST,380,permitted,Opens: not public yet,Permitted · opens: not public yet · 380 units · software not picked yet,2025-10-22,,,,AZ-TEMPE HOLDINGS LLC,,,,https://services.arcgis.com/lQySeXwbBg53XWDi/arcgis/rest/services/building_permits/FeatureServer/0/query?where=HousingUnits%3E%3D20&outFields=%2A&f=json&resultRecordCount=500&orderByFields=IssuedDate+DESC,,,,
az,Lot B,Phoenix,8927 N 10TH ST,,permitted,Opens: not public yet,Permitted · opens: not public yet · software not picked yet,2025-10-27,,,,THADANI VINAY/KAREN,,,,https://maps.phoenix.gov/pub/rest/services/Public/Planning_Permit/MapServer/1/query?where=SCOPE_DESC%3D%27COMMERCIAL+NEW%27+AND+%28PERMIT_NAME+LIKE+%27%25APART%25%27+OR+PERMIT_NAME+LIKE+%27%25APT%25%27+OR+PERMIT_NAME+LIKE+%27%25MULTI%25%27+OR+PERMIT_NAME+LIKE+%27%25MF%25%27%29&outFields=%2A&f=json&resultRecordCount=500&orderByFields=PER_ISSUE_DATE+DESC,,,,
az,52Nd St Apartments,Phoenix,2328 N 52ND ST,,permitted,Opens: not public yet,Permitted · opens: not public yet · software not picked yet,2025-10-28,,,,2328 N 52ND LLC,,,,https://maps.phoenix.gov/pub/rest/services/Public/Planning_Permit/MapServer/1/query?where=SCOPE_DESC%3D%27COMMERCIAL+NEW%27+AND+%28PERMIT_NAME+LIKE+%27%25APART%25%27+OR+PERMIT_NAME+LIKE+%27%25APT%25%27+OR+PERMIT_NAME+LIKE+%27%25MULTI%25%27+OR+PERMIT_NAME+LIKE+%27%25MF%25%27%29&outFields=%2A&f=json&resultRecordCount=500&orderByFields=PER_ISSUE_DATE+DESC,,,,
az,Wolsiffer Residence,Tempe,1036 E BISHOP CIR,57,permitted,Opens: not public yet,Permitted · opens: not public yet · 57 units · software not picked yet,2025-11-03,,,,WOLSIFFER CHRISTOPH K,,,,https://services.arcgis.com/lQySeXwbBg53XWDi/arcgis/rest/services/building_permits/FeatureServer/0/query?where=HousingUnits%3E%3D20&outFields=%2A&f=json&resultRecordCount=500&orderByFields=IssuedDate+DESC,,,,
az,10136 E Southern Ave,Mesa,10136 E SOUTHERN AVE,,permitted,Opens: not public yet,Permitted · opens: not public yet · software not picked yet,2025-11-05,,,,COYOTE LANDING CONDOS LLC,,,,https://data.mesaaz.gov/resource/dzpk-hxfb.json?type_of_work=Multi-Family+Residential&%24order=issued_date+DESC&%24limit=500,,,,
az,144 S 90Th St 123,Mesa,144 S 90TH ST 123,29,permitted,Opens: not public yet,Permitted · opens: not public yet · 29 units · software not picked yet,2025-11-13,,,,,,,,https://data.mesaaz.gov/resource/dzpk-hxfb.json?type_of_work=Multi-Family+Residential&%24order=issued_date+DESC&%24limit=500,,,,
az,144 S 90Th St 103,Mesa,144 S 90TH ST 103,29,permitted,Opens: not public yet,Permitted · opens: not public yet · 29 units · software not picked yet,2025-11-13,,,,,,,,https://data.mesaaz.gov/resource/dzpk-hxfb.json?type_of_work=Multi-Family+Residential&%24order=issued_date+DESC&%24limit=500,,,,
az,144 S 90Th St 107,Mesa,144 S 90TH ST 107,29,permitted,Opens: not public yet,Permitted · opens: not public yet · 29 units · software not picked yet,2025-11-13,,,,,,,,https://data.mesaaz.gov/resource/dzpk-hxfb.json?type_of_work=Multi-Family+Residential&%24order=issued_date+DESC&%24limit=500,,,,
az,144 S 90Th St 119,Mesa,144 S 90TH ST 119,29,permitted,Opens: not public yet,Permitted · opens: not public yet · 29 units · software not picked yet,2025-11-13,,,,,,,,https://data.mesaaz.gov/resource/dzpk-hxfb.json?type_of_work=Multi-Family+Residential&%24order=issued_date+DESC&%24limit=500,,,,
az,144 S 90Th St 108,Mesa,144 S 90TH ST 108,29,permitted,Opens: not public yet,Permitted · opens: not public yet · 29 units · software not picked yet,2025-11-13,,,,,,,,https://data.mesaaz.gov/resource/dzpk-hxfb.json?type_of_work=Multi-Family+Residential&%24order=issued_date+DESC&%24limit=500,,,,
az,144 S 90Th St 115,Mesa,144 S 90TH ST 115,29,permitted,Opens: not public yet,Permitted · opens: not public yet · 29 units · software not picked yet,2025-11-13,,,,,,,,https://data.mesaaz.gov/resource/dzpk-hxfb.json?type_of_work=Multi-Family+Residential&%24order=issued_date+DESC&%24limit=500,,,,
az,Unnamed project,Mesa,,29,permitted,Opens: not public yet,Permitted · opens: not public yet · 29 units · software not picked yet,2025-11-13,,,,,,,,https://data.mesaaz.gov/resource/dzpk-hxfb.json?type_of_work=Multi-Family+Residential&%24order=issued_date+DESC&%24limit=500,,,,
az,144 S 90Th St 102,Mesa,144 S 90TH ST 102,29,permitted,Opens: not public yet,Permitted · opens: not public yet · 29 units · software not picked yet,2025-11-13,,,,,,,,https://data.mesaaz.gov/resource/dzpk-hxfb.json?type_of_work=Multi-Family+Residential&%24order=issued_date+DESC&%24limit=500,,,,
az,144 S 90Th St 129,Mesa,144 S 90TH ST 129,29,permitted,Opens: not public yet,Permitted · opens: not public yet · 29 units · software not picked yet,2025-11-13,,,,,,,,https://data.mesaaz.gov/resource/dzpk-hxfb.json?type_of_work=Multi-Family+Residential&%24order=issued_date+DESC&%24limit=500,,,,
az,144 S 90Th St 106,Mesa,144 S 90TH ST 106,29,permitted,Opens: not public yet,Permitted · opens: not public yet · 29 units · software not picked yet,2025-11-13,,,,,,,,https://data.mesaaz.gov/resource/dzpk-hxfb.json?type_of_work=Multi-Family+Residential&%24order=issued_date+DESC&%24limit=500,,,,
az,144 S 90Th St 109,Mesa,144 S 90TH ST 109,29,permitted,Opens: not public yet,Permitted · opens: not public yet · 29 units · software not picked yet,2025-11-13,,,,,,,,https://data.mesaaz.gov/resource/dzpk-hxfb.json?type_of_work=Multi-Family+Residential&%24order=issued_date+DESC&%24limit=500,,,,
az,144 S 90Th St 104,Mesa,144 S 90TH ST 104,29,permitted,Opens: not public yet,Permitted · opens: not public yet · 29 units · software not picked yet,2025-11-13,,,,,,,,https://data.mesaaz.gov/resource/dzpk-hxfb.json?type_of_work=Multi-Family+Residential&%24order=issued_date+DESC&%24limit=500,,,,
az,144 S 90Th St 128,Mesa,144 S 90TH ST 128,29,permitted,Opens: not public yet,Permitted · opens: not public yet · 29 units · software not picked yet,2025-11-13,,,,,,,,https://data.mesaaz.gov/resource/dzpk-hxfb.json?type_of_work=Multi-Family+Residential&%24order=issued_date+DESC&%24limit=500,,,,
az,144 S 90Th St 101,Mesa,144 S 90TH ST 101,29,permitted,Opens: not public yet,Permitted · opens: not public yet · 29 units · software not picked yet,2025-11-13,,,,,,,,https://data.mesaaz.gov/resource/dzpk-hxfb.json?type_of_work=Multi-Family+Residential&%24order=issued_date+DESC&%24limit=500,,,,
az,144 S 90Th St 127,Mesa,144 S 90TH ST 127,29,permitted,Opens: not public yet,Permitted · opens: not public yet · 29 units · software not picked yet,2025-11-13,,,,,,,,https://data.mesaaz.gov/resource/dzpk-hxfb.json?type_of_work=Multi-Family+Residential&%24order=issued_date+DESC&%24limit=500,,,,
az,144 S 90Th St 105,Mesa,144 S 90TH ST 105,29,permitted,Opens: not public yet,Permitted · opens: not public yet · 29 units · software not picked yet,2025-11-13,,,,,,,,https://data.mesaaz.gov/resource/dzpk-hxfb.json?type_of_work=Multi-Family+Residential&%24order=issued_date+DESC&%24limit=500,,,,
az,144 S 90Th St 112,Mesa,144 S 90TH ST 112,29,permitted,Opens: not public yet,Permitted · opens: not public yet · 29 units · software not picked yet,2025-11-13,,,,,,,,https://data.mesaaz.gov/resource/dzpk-hxfb.json?type_of_work=Multi-Family+Residential&%24order=issued_date+DESC&%24limit=500,,,,
az,7370 E Henkel Wy,Scottsdale,7370 E HENKEL WY,,permitted,Opens: not public yet,Permitted · opens: not public yet · software not picked yet,2025-11-17,,,,"MAA SCOTTSDALE EXCHANGE, LLC.",,,,https://maps.scottsdaleaz.gov/arcgis/rest/services/OpenData_Tabular/MapServer/12/query?where=PermitType+IN+%28%27APARTMENTS%27%2C%27MULTI-FAMILY+DWELLING%27%29&outFields=%2A&f=json&resultRecordCount=500&orderByFields=IssueDate+DESC,,,,
az,The Samuel,Tempe,712 S COLLEGE AVE,226,permitted,Opens: not public yet,Permitted · opens: not public yet · 226 units · software not picked yet,2025-11-20,,,,,,,,https://services.arcgis.com/lQySeXwbBg53XWDi/arcgis/rest/services/building_permits/FeatureServer/0/query?where=HousingUnits%3E%3D20&outFields=%2A&f=json&resultRecordCount=500&orderByFields=IssuedDate+DESC,,,,
az,Friendship Village,Tempe,2645 E SOUTHERN AVE,71,permitted,Opens: not public yet,Permitted · opens: not public yet · 71 units · software not picked yet,2025-12-03,,,,TEMPE LIFE CARE VILLAGE INC,,,,https://services.arcgis.com/lQySeXwbBg53XWDi/arcgis/rest/services/building_permits/FeatureServer/0/query?where=HousingUnits%3E%3D20&outFields=%2A&f=json&resultRecordCount=500&orderByFields=IssuedDate+DESC,,,,
az,12180 W Frier Rd,Maricopa County unincorporated,12180 W FRIER RD,144,permitted,Opens: not public yet,Permitted · opens: not public yet · 144 units · software not picked yet,2025-12-09,,,,,,,,https://services.arcgis.com/ykpntM6e3tHvzKRJ/arcgis/rest/services/Building_Permits_(view)/FeatureServer/0/query?where=WorkClass%3D%27New+Construction%27+AND+%28PermitDescription+LIKE+%27%25MULTI-FAMILY%25%27+OR+PermitDescription+LIKE+%27%25MULTI+FAMILY%25%27+OR+PermitDescription+LIKE+%27%25APARTMENT%25%27%29&outFields=%2A&f=json&resultRecordCount=500&orderByFields=IssuedDate+DESC,,,,
az,12180 N Frier Dr,Maricopa County unincorporated,12180 N FRIER DR,144,permitted,Opens: not public yet,Permitted · opens: not public yet · 144 units · software not picked yet,2025-12-09,,,,,,,,https://services.arcgis.com/ykpntM6e3tHvzKRJ/arcgis/rest/services/Building_Permits_(view)/FeatureServer/0/query?where=WorkClass%3D%27New+Construction%27+AND+%28PermitDescription+LIKE+%27%25MULTI-FAMILY%25%27+OR+PermitDescription+LIKE+%27%25MULTI+FAMILY%25%27+OR+PermitDescription+LIKE+%27%25APARTMENT%25%27%29&outFields=%2A&f=json&resultRecordCount=500&orderByFields=IssuedDate+DESC,,,,
az,12180 W Frier Dr,Maricopa County unincorporated,12180 W FRIER DR,144,permitted,Opens: not public yet,Permitted · opens: not public yet · 144 units · software not picked yet,2025-12-09,,,,,,,,https://services.arcgis.com/ykpntM6e3tHvzKRJ/arcgis/rest/services/Building_Permits_(view)/FeatureServer/0/query?where=WorkClass%3D%27New+Construction%27+AND+%28PermitDescription+LIKE+%27%25MULTI-FAMILY%25%27+OR+PermitDescription+LIKE+%27%25MULTI+FAMILY%25%27+OR+PermitDescription+LIKE+%27%25APARTMENT%25%27%29&outFields=%2A&f=json&resultRecordCount=500&orderByFields=IssuedDate+DESC,,,,
az,25840 S Power Rd Bldg 1,Maricopa County unincorporated,25840 S POWER RD BLDG 1,24,permitted,Opens: not public yet,Permitted · opens: not public yet · 24 units · software not picked yet,2025-12-09,,,,,,,,https://services.arcgis.com/ykpntM6e3tHvzKRJ/arcgis/rest/services/Building_Permits_(view)/FeatureServer/0/query?where=WorkClass%3D%27New+Construction%27+AND+%28PermitDescription+LIKE+%27%25MULTI-FAMILY%25%27+OR+PermitDescription+LIKE+%27%25MULTI+FAMILY%25%27+OR+PermitDescription+LIKE+%27%25APARTMENT%25%27%29&outFields=%2A&f=json&resultRecordCount=500&orderByFields=IssuedDate+DESC,,,,
az,Embrey Multifamily-Bldg. Type I Permit,Phoenix,1010 E GREENWAY PKWY,,permitted,Opens: not public yet,Permitted · opens: not public yet · software not picked yet,2025-12-12,,,,,,,,https://maps.phoenix.gov/pub/rest/services/Public/Planning_Permit/MapServer/1/query?where=SCOPE_DESC%3D%27COMMERCIAL+NEW%27+AND+%28PERMIT_NAME+LIKE+%27%25APART%25%27+OR+PERMIT_NAME+LIKE+%27%25APT%25%27+OR+PERMIT_NAME+LIKE+%27%25MULTI%25%27+OR+PERMIT_NAME+LIKE+%27%25MF%25%27%29&outFields=%2A&f=json&resultRecordCount=500&orderByFields=PER_ISSUE_DATE+DESC,,,,
az,Garage 3 @ Desert Sky Apartments,Phoenix,6939 W THOMAS RD,,permitted,Opens: not public yet,Permitted · opens: not public yet · software not picked yet,2025-12-15,,,,,,,,https://maps.phoenix.gov/pub/rest/services/Public/Planning_Permit/MapServer/1/query?where=SCOPE_DESC%3D%27COMMERCIAL+NEW%27+AND+%28PERMIT_NAME+LIKE+%27%25APART%25%27+OR+PERMIT_NAME+LIKE+%27%25APT%25%27+OR+PERMIT_NAME+LIKE+%27%25MULTI%25%27+OR+PERMIT_NAME+LIKE+%27%25MF%25%27%29&outFields=%2A&f=json&resultRecordCount=500&orderByFields=PER_ISSUE_DATE+DESC,,,,
az,Building #14 Sihi Bell 17 Apartments,Phoenix,16400 N 19TH AVE,,permitted,Opens: not public yet,Permitted · opens: not public yet · software not picked yet,2026-02-24,,,,,,,,https://maps.phoenix.gov/pub/rest/services/Public/Planning_Permit/MapServer/1/query?where=SCOPE_DESC%3D%27COMMERCIAL+NEW%27+AND+%28PERMIT_NAME+LIKE+%27%25APART%25%27+OR+PERMIT_NAME+LIKE+%27%25APT%25%27+OR+PERMIT_NAME+LIKE+%27%25MULTI%25%27+OR+PERMIT_NAME+LIKE+%27%25MF%25%27%29&outFields=%2A&f=json&resultRecordCount=500&orderByFields=PER_ISSUE_DATE+DESC,,,,
az,7515 E 1St St,Scottsdale,7515 E 1ST ST,,permitted,Opens: not public yet,Permitted · opens: not public yet · software not picked yet,2026-03-10,,,,"Scottsdale Holdings, LLC",,,,https://maps.scottsdaleaz.gov/arcgis/rest/services/OpenData_Tabular/MapServer/12/query?where=PermitType+IN+%28%27APARTMENTS%27%2C%27MULTI-FAMILY+DWELLING%27%29&outFields=%2A&f=json&resultRecordCount=500&orderByFields=IssueDate+DESC,,,,
az,Unnamed project,Mesa,,260,permitted,Opens: not public yet,Permitted · opens: not public yet · 260 units · software not picked yet,2026-03-18,,,,,,,,https://data.mesaaz.gov/resource/dzpk-hxfb.json?type_of_work=Multi-Family+Residential&%24order=issued_date+DESC&%24limit=500,,,,
az,3961 N 75Th St,Scottsdale,3961 N 75TH ST,,permitted,Opens: not public yet,Permitted · opens: not public yet · software not picked yet,2026-03-18,,,,Robert  Miranda,,,,https://maps.scottsdaleaz.gov/arcgis/rest/services/OpenData_Tabular/MapServer/12/query?where=PermitType+IN+%28%27APARTMENTS%27%2C%27MULTI-FAMILY+DWELLING%27%29&outFields=%2A&f=json&resultRecordCount=500&orderByFields=IssueDate+DESC,,,,
az,Modera Paradise Valley Multifamily,Phoenix,4580 E CACTUS RD,,permitted,Opens: not public yet,Permitted · opens: not public yet · software not picked yet,2026-03-27,,,,,,,,https://maps.phoenix.gov/pub/rest/services/Public/Planning_Permit/MapServer/1/query?where=SCOPE_DESC%3D%27COMMERCIAL+NEW%27+AND+%28PERMIT_NAME+LIKE+%27%25APART%25%27+OR+PERMIT_NAME+LIKE+%27%25APT%25%27+OR+PERMIT_NAME+LIKE+%27%25MULTI%25%27+OR+PERMIT_NAME+LIKE+%27%25MF%25%27%29&outFields=%2A&f=json&resultRecordCount=500&orderByFields=PER_ISSUE_DATE+DESC,,,,
az,4638 E Banner Gateway Dr,Mesa,4638 E BANNER GATEWAY DR,260,permitted,Opens: not public yet,Permitted · opens: not public yet · 260 units · software not picked yet,2026-04-02,,,,EVERGREEN-US 60 GREENFIELD L L C,,,,https://data.mesaaz.gov/resource/dzpk-hxfb.json?type_of_work=Multi-Family+Residential&%24order=issued_date+DESC&%24limit=500,,,,
az,2102 E Broadway Rd,Mesa,2102 E BROADWAY RD,,permitted,Opens: not public yet,Permitted · opens: not public yet · software not picked yet,2026-04-02,,,,AZ MESA GROVES LLC,,,,https://data.mesaaz.gov/resource/dzpk-hxfb.json?type_of_work=Multi-Family+Residential&%24order=issued_date+DESC&%24limit=500,,,,
az,6833 E Hobart St,Mesa,6833 E HOBART ST,61,permitted,Opens: not public yet,Permitted · opens: not public yet · 61 units · software not picked yet,2026-04-27,,,,JACKSON JOINT VENTURE LLC,,,,https://data.mesaaz.gov/resource/dzpk-hxfb.json?type_of_work=Multi-Family+Residential&%24order=issued_date+DESC&%24limit=500,,,,
az,10941 E Southern Ave,Mesa,10941 E SOUTHERN AVE,353,permitted,Opens: not public yet,Permitted · opens: not public yet · 353 units · software not picked yet,2026-05-05,,,,MEDINA STATION APARTMENTS LLC,,,,https://data.mesaaz.gov/resource/dzpk-hxfb.json?type_of_work=Multi-Family+Residential&%24order=issued_date+DESC&%24limit=500,,,,
az,311 W Main St,Mesa,311 W MAIN ST,161,permitted,Opens: not public yet,Permitted · opens: not public yet · 161 units · software not picked yet,2026-05-05,,,,OZ16 QOZB LLC,,,,https://data.mesaaz.gov/resource/dzpk-hxfb.json?type_of_work=Multi-Family+Residential&%24order=issued_date+DESC&%24limit=500,,,,
az,1410 S Country Club Dr,Mesa,1410 S COUNTRY CLUB DR,120,permitted,Opens: not public yet,Permitted · opens: not public yet · 120 units · software not picked yet,2026-05-11,,,,VENTURE ON COUNTRY CLUB LLC,,,,https://data.mesaaz.gov/resource/dzpk-hxfb.json?type_of_work=Multi-Family+Residential&%24order=issued_date+DESC&%24limit=500,,,,
az,Avenue 5/Trovita Rio,Tempe,701 W RIO SALADO PKWY,206,permitted,Opens: not public yet,Permitted · opens: not public yet · 206 units · software not picked yet,2026-05-15,,,,GWL DIRECT 701 RIO SALADO LLC,,,,https://services.arcgis.com/lQySeXwbBg53XWDi/arcgis/rest/services/building_permits/FeatureServer/0/query?where=HousingUnits%3E%3D20&outFields=%2A&f=json&resultRecordCount=500&orderByFields=IssuedDate+DESC,,,,
az,Bogue Multifamily,Phoenix,10222 N 12TH AVE,,permitted,Opens: not public yet,Permitted · opens: not public yet · software not picked yet,2026-05-19,,,,BOGUE INVESON LLC,,,,https://maps.phoenix.gov/pub/rest/services/Public/Planning_Permit/MapServer/1/query?where=SCOPE_DESC%3D%27COMMERCIAL+NEW%27+AND+%28PERMIT_NAME+LIKE+%27%25APART%25%27+OR+PERMIT_NAME+LIKE+%27%25APT%25%27+OR+PERMIT_NAME+LIKE+%27%25MULTI%25%27+OR+PERMIT_NAME+LIKE+%27%25MF%25%27%29&outFields=%2A&f=json&resultRecordCount=500&orderByFields=PER_ISSUE_DATE+DESC,,,,
az,Ikonic Multifamily,Phoenix,16640 N SCOTTSDALE RD,,permitted,Opens: not public yet,Permitted · opens: not public yet · software not picked yet,2026-05-27,,,,IKONIC SCOTTSDALE LLC,,,,https://maps.phoenix.gov/pub/rest/services/Public/Planning_Permit/MapServer/1/query?where=SCOPE_DESC%3D%27COMMERCIAL+NEW%27+AND+%28PERMIT_NAME+LIKE+%27%25APART%25%27+OR+PERMIT_NAME+LIKE+%27%25APT%25%27+OR+PERMIT_NAME+LIKE+%27%25MULTI%25%27+OR+PERMIT_NAME+LIKE+%27%25MF%25%27%29&outFields=%2A&f=json&resultRecordCount=500&orderByFields=PER_ISSUE_DATE+DESC,,,,
az,"Multifamily, Building 3",Phoenix,25200 N 17TH AVE,,permitted,Opens: not public yet,Permitted · opens: not public yet · software not picked yet,2026-06-17,,,,,,,,https://maps.phoenix.gov/pub/rest/services/Public/Planning_Permit/MapServer/1/query?where=SCOPE_DESC%3D%27COMMERCIAL+NEW%27+AND+%28PERMIT_NAME+LIKE+%27%25APART%25%27+OR+PERMIT_NAME+LIKE+%27%25APT%25%27+OR+PERMIT_NAME+LIKE+%27%25MULTI%25%27+OR+PERMIT_NAME+LIKE+%27%25MF%25%27%29&outFields=%2A&f=json&resultRecordCount=500&orderByFields=PER_ISSUE_DATE+DESC,,,,
az,Bask Apartment Fitness Center,Phoenix,26800 N 27TH AVE,,permitted,Opens: not public yet,Permitted · opens: not public yet · software not picked yet,2026-06-24,,,,,,,,https://maps.phoenix.gov/pub/rest/services/Public/Planning_Permit/MapServer/1/query?where=SCOPE_DESC%3D%27COMMERCIAL+NEW%27+AND+%28PERMIT_NAME+LIKE+%27%25APART%25%27+OR+PERMIT_NAME+LIKE+%27%25APT%25%27+OR+PERMIT_NAME+LIKE+%27%25MULTI%25%27+OR+PERMIT_NAME+LIKE+%27%25MF%25%27%29&outFields=%2A&f=json&resultRecordCount=500&orderByFields=PER_ISSUE_DATE+DESC,,,,
az,Central And Mcdowell Apartments,Phoenix,1500 N CENTRAL AVE,,permitted,Opens: not public yet,Permitted · opens: not public yet · software not picked yet,2026-06-24,,,,THE WHITNEY ON CENTRAL LLC,,,,https://maps.phoenix.gov/pub/rest/services/Public/Planning_Permit/MapServer/1/query?where=SCOPE_DESC%3D%27COMMERCIAL+NEW%27+AND+%28PERMIT_NAME+LIKE+%27%25APART%25%27+OR+PERMIT_NAME+LIKE+%27%25APT%25%27+OR+PERMIT_NAME+LIKE+%27%25MULTI%25%27+OR+PERMIT_NAME+LIKE+%27%25MF%25%27%29&outFields=%2A&f=json&resultRecordCount=500&orderByFields=PER_ISSUE_DATE+DESC,,,,
az,Commercial Multi-Family,Gilbert,245 N NEELY ST,,permitted,Opens: not public yet,Permitted · opens: not public yet · software not picked yet,2026-06-30,,,,CH REALTY XI-JLB MF ARIZONA LUMBERYARD L L C,,,,https://maps.gilbertaz.gov/arcgis/rest/services/OD/Growth_Development_Tables_1/MapServer/3/query?where=PermitType%3D%27Commercial+Multi-Family%27+AND+WorkClass%3D%27New%27&outFields=%2A&f=json&resultRecordCount=500&orderByFields=IssuedDate+DESC,,,,
az,24Th Street Apartments,Phoenix,1314 N 24TH ST,,permitted,Opens: not public yet,Permitted · opens: not public yet · software not picked yet,2026-06-30,,,,,,,,https://maps.phoenix.gov/pub/rest/services/Public/Planning_Permit/MapServer/1/query?where=SCOPE_DESC%3D%27COMMERCIAL+NEW%27+AND+%28PERMIT_NAME+LIKE+%27%25APART%25%27+OR+PERMIT_NAME+LIKE+%27%25APT%25%27+OR+PERMIT_NAME+LIKE+%27%25MULTI%25%27+OR+PERMIT_NAME+LIKE+%27%25MF%25%27%29&outFields=%2A&f=json&resultRecordCount=500&orderByFields=PER_ISSUE_DATE+DESC,,,,
az,Studio Apartment,Phoenix,4312 N 12TH ST,,permitted,Opens: not public yet,Permitted · opens: not public yet · software not picked yet,2026-07-02,,,,CAPRI ON 12TH LLC,,,,https://maps.phoenix.gov/pub/rest/services/Public/Planning_Permit/MapServer/1/query?where=SCOPE_DESC%3D%27COMMERCIAL+NEW%27+AND+%28PERMIT_NAME+LIKE+%27%25APART%25%27+OR+PERMIT_NAME+LIKE+%27%25APT%25%27+OR+PERMIT_NAME+LIKE+%27%25MULTI%25%27+OR+PERMIT_NAME+LIKE+%27%25MF%25%27%29&outFields=%2A&f=json&resultRecordCount=500&orderByFields=PER_ISSUE_DATE+DESC,,,,
az,9705 E Main St,Mesa,9705 E MAIN ST,144,permitted,Opens: not public yet,Permitted · opens: not public yet · 144 units · software not picked yet,2026-07-06,,,,BFH HOLDINGS LLC,,,,https://data.mesaaz.gov/resource/dzpk-hxfb.json?type_of_work=Multi-Family+Residential&%24order=issued_date+DESC&%24limit=500,,,,
az,1431 E Knoll Cir,Mesa,1431 E KNOLL CIR,,permitted,Opens: not public yet,Permitted · opens: not public yet · software not picked yet,2026-07-09,,,,HUAI JIE JESSICA,,,,https://data.mesaaz.gov/resource/dzpk-hxfb.json?type_of_work=Multi-Family+Residential&%24order=issued_date+DESC&%24limit=500,,,,
az,6147 E Main St,Mesa,6147 E MAIN ST,132,permitted,Opens: not public yet,Permitted · opens: not public yet · 132 units · software not picked yet,2026-07-15,,,,RECKER GARDENS APARTMENTS LLC,,,,https://data.mesaaz.gov/resource/dzpk-hxfb.json?type_of_work=Multi-Family+Residential&%24order=issued_date+DESC&%24limit=500,,,,
az,6210 E Oak St Unit 3 & 4,Scottsdale,6210 E OAK ST UNIT 3 & 4,,permitted,Opens: not public yet,Permitted · opens: not public yet · software not picked yet,2026-07-17,,,,MODUS HOLDINGS INC,,,,https://maps.scottsdaleaz.gov/arcgis/rest/services/OpenData_Tabular/MapServer/12/query?where=PermitType+IN+%28%27APARTMENTS%27%2C%27MULTI-FAMILY+DWELLING%27%29&outFields=%2A&f=json&resultRecordCount=500&orderByFields=IssueDate+DESC,,,,
az,8264 E Elliot Rd,Mesa,8264 E ELLIOT RD,84,permitted,Opens: not public yet,Permitted · opens: not public yet · 84 units · software not picked yet,2026-08-06,,,,,,,,https://data.mesaaz.gov/resource/dzpk-hxfb.json?type_of_work=Multi-Family+Residential&%24order=issued_date+DESC&%24limit=500,,,,
az,Revelry,Tempe,965 E UNIVERSITY DR,533,permitted,Opens: not public yet,Permitted · opens: not public yet · 533 units · software not picked yet,2026-08-07,,,,RURAL & UNIVERSITY LLC,,,,https://services.arcgis.com/lQySeXwbBg53XWDi/arcgis/rest/services/building_permits/FeatureServer/0/query?where=HousingUnits%3E%3D20&outFields=%2A&f=json&resultRecordCount=500&orderByFields=IssuedDate+DESC,,,,
az,1345 S Signal Butte Rd,Mesa,1345 S SIGNAL BUTTE RD,276,permitted,Opens: not public yet,Permitted · opens: not public yet · 276 units · software not picked yet,2026-08-11,,,,SIMONCRE BUDDY LLC,,,,https://data.mesaaz.gov/resource/dzpk-hxfb.json?type_of_work=Multi-Family+Residential&%24order=issued_date+DESC&%24limit=500,,,,
az,Multi-Family Dwelling,Scottsdale,7117 N SCOTTSDALE RD,,permitted,Opens: not public yet,Permitted · opens: not public yet · software not picked yet,2026-08-13,,,,"Artesia Multifamily Owner, LLC",,,,https://maps.scottsdaleaz.gov/arcgis/rest/services/OpenData_Tabular/MapServer/12/query?where=PermitType+IN+%28%27APARTMENTS%27%2C%27MULTI-FAMILY+DWELLING%27%29&outFields=%2A&f=json&resultRecordCount=500&orderByFields=IssueDate+DESC,,,,
az,Multi-Family Dwelling,Scottsdale,4251 N MARSHALL WY,,permitted,Opens: not public yet,Permitted · opens: not public yet · software not picked yet,2026-08-20,,,,MREG 101 Bell LLC / Mack Real Estate Group,,,,https://maps.scottsdaleaz.gov/arcgis/rest/services/OpenData_Tabular/MapServer/12/query?where=PermitType+IN+%28%27APARTMENTS%27%2C%27MULTI-FAMILY+DWELLING%27%29&outFields=%2A&f=json&resultRecordCount=500&orderByFields=IssueDate+DESC,,,,
az,109 N Alma School Rd,Mesa,109 N ALMA SCHOOL RD,,permitted,Opens: not public yet,Permitted · opens: not public yet · software not picked yet,2026-08-24,,,,,,,,https://data.mesaaz.gov/resource/dzpk-hxfb.json?type_of_work=Multi-Family+Residential&%24order=issued_date+DESC&%24limit=500,,,,
az,Garage 3 Crescent Norterra Multifamily,Phoenix,26000 N NORTERRA PKWY,,permitted,Opens: not public yet,Permitted · opens: not public yet · software not picked yet,2026-08-24,,,,,,,,https://maps.phoenix.gov/pub/rest/services/Public/Planning_Permit/MapServer/1/query?where=SCOPE_DESC%3D%27COMMERCIAL+NEW%27+AND+%28PERMIT_NAME+LIKE+%27%25APART%25%27+OR+PERMIT_NAME+LIKE+%27%25APT%25%27+OR+PERMIT_NAME+LIKE+%27%25MULTI%25%27+OR+PERMIT_NAME+LIKE+%27%25MF%25%27%29&outFields=%2A&f=json&resultRecordCount=500&orderByFields=PER_ISSUE_DATE+DESC,,,,
az,539 S Williams,Mesa,539 S WILLIAMS,36,permitted,Opens: not public yet,Permitted · opens: not public yet · 36 units · software not picked yet,2026-08-26,,,,SES 091 LLC,,,,https://data.mesaaz.gov/resource/dzpk-hxfb.json?type_of_work=Multi-Family+Residential&%24order=issued_date+DESC&%24limit=500,,,,
az,5135 S Power Rd,Mesa,5135 S POWER RD,305,permitted,Opens: not public yet,Permitted · opens: not public yet · 305 units · software not picked yet,2026-09-01,,,,,,,,https://data.mesaaz.gov/resource/dzpk-hxfb.json?type_of_work=Multi-Family+Residential&%24order=issued_date+DESC&%24limit=500,,,,
az,944 W Main St 2025,Mesa,944 W MAIN ST 2025,,permitted,Opens: not public yet,Permitted · opens: not public yet · software not picked yet,2026-09-01,,,,,,,,https://data.mesaaz.gov/resource/dzpk-hxfb.json?type_of_work=Multi-Family+Residential&%24order=issued_date+DESC&%24limit=500,,,,
az,4030 N 44Th Ave,Phoenix,4030 N 44TH AVE,256,sold,Sold 2026-08-01,Sold 2026-08-01 · to LEGACY MULTIFAMILY HOLDINGS LLC · 256 units · new owner may re-pick software,,,2026-08-01,LEGACY MULTIFAMILY HOLDINGS LLC,4030 PHOENIX APARTMENTS LLC,,,,,,,,
az,1 W Campbell Ave,Phoenix,1 W CAMPBELL AVE,254,sold,Sold 2026-07-01,Sold 2026-07-01 · to 1 WEST CAMPBELL AVENUE LLC · 254 units · new owner may re-pick software,,,2026-07-01,1 WEST CAMPBELL AVENUE LLC,PAVILIONS ON CENTRAL OWNER LLC,,,,,,,,
az,5727 N  7Th Street St,Phoenix,5727 N  7TH STREET ST,258,sold,Sold 2026-06-01,Sold 2026-06-01 · to SEVENTH STREET OWNER LLC · 258 units · new owner may re-pick software,,,2026-06-01,SEVENTH STREET OWNER LLC,CRP/AR 7TH STREET OWNER LLC,,,,,,,,
az,4620 W Mcdowell Rd,Phoenix,4620 W MCDOWELL RD,274,sold,Sold 2026-06-01,Sold 2026-06-01 · to MCDOWELL 4620 LLC · 274 units · new owner may re-pick software,,,2026-06-01,MCDOWELL 4620 LLC,TIDES ON MCDOWELL OWNER LLC,,,,,,,,
az,17840 N Black Canyon Hwy,Phoenix,17840 N BLACK CANYON HWY,108,sold,Sold 2026-06-01,Sold 2026-06-01 · to RISE NORTHERN LLC/RISE NORTHERN WENZEL 1031 L · 108 units · new owner may re-pick software,,,2026-06-01,RISE NORTHERN LLC/RISE NORTHERN WENZEL 1031 L,ORBIS SOLANO PINES LLC/OSDIP SOLANO PINES LLC,,,,,,,,
az,1530 S Higley Rd,Gilbert,1530 S HIGLEY RD,320,sold,Sold 2026-06-01,Sold 2026-06-01 · to CAMDEN GILBERT LLC · 320 units · new owner may re-pick software,,,2026-06-01,CAMDEN GILBERT LLC,EPICENTER RESIDENTIAL OWNER,,,,,,,,
az,2354 W University Dr,Mesa,2354 W UNIVERSITY DR,266,sold,Sold 2026-06-01,Sold 2026-06-01 · to CR AVIA 266 COMMUNITIES LLC · 266 units · new owner may re-pick software,,,2026-06-01,CR AVIA 266 COMMUNITIES LLC,GC AVIA LLC,,,,,,,,
az,2950 N Recker Rd,Mesa,2950 N RECKER RD,339,sold,Sold 2026-05-01,Sold 2026-05-01 · to LONGBOW APARTMENTS SPE LLC/LBNB APARTMENTS SP · 339 units · new owner may re-pick software,,,2026-05-01,LONGBOW APARTMENTS SPE LLC/LBNB APARTMENTS SP,DHIC-LONGBOW LLC,,,,,,,,
az,Unnamed project,Maricopa County,,290,sold,Sold 2026-05-01,Sold 2026-05-01 · to KIERLAND PARTNERS LLC · 290 units · new owner may re-pick software,,,2026-05-01,KIERLAND PARTNERS LLC,LMV II KIERLAND HOLDINGS LP,,,,,,,,
az,80 N Mcqueen Rd,Gilbert,80 N MCQUEEN RD,278,sold,Sold 2026-05-01,Sold 2026-05-01 · to CPRF 80 NORTH MCQUEEN ROAD LLC · 278 units · new owner may re-pick software,,,2026-05-01,CPRF 80 NORTH MCQUEEN ROAD LLC,CRP/WP ALTA ELLIOT IX OWNER LLC,,,,,,,,
az,18330 N 79Th Ave,Glendale,18330 N 79TH AVE,412,sold,Sold 2026-04-01,Sold 2026-04-01 · to NALS ARROWHEAD SUMMIT-109 LP · 412 units · new owner may re-pick software,,,2026-04-01,NALS ARROWHEAD SUMMIT-109 LP,18330 N 79TH AZ OWNER LLC,,,,,,,,
az,Unnamed project,Maricopa County,,140,sold,Sold 2026-04-01,Sold 2026-04-01 · to MSFR GRANDSTONE OWNER LLC · 140 units · new owner may re-pick software,,,2026-04-01,MSFR GRANDSTONE OWNER LLC,WATERMARK AT PEORIA AZ LLC,,,,,,,,
az,710 S Hardy Dr,Tempe,710 S HARDY DR,239,sold,Sold 2026-04-01,Sold 2026-04-01 · to 710 S HARDY DRIVE LLC · 239 units · new owner may re-pick software,,,2026-04-01,710 S HARDY DRIVE LLC,STUDIO 710 PARTNERS LLC,,,,,,,,
az,5343 E Taylor St,Phoenix,5343 E TAYLOR ST,47,sold,Sold 2026-04-01,Sold 2026-04-01 · to LGL CAPITAL ON PAPAGO FAIRWAYS LLC · 47 units · new owner may re-pick software,,,2026-04-01,LGL CAPITAL ON PAPAGO FAIRWAYS LLC,CASTOR FAIRWAYS LLC,,,,,,,,
az,1855 E Don Carlos Ave,Tempe,1855 E DON CARLOS AVE,56,sold,Sold 2026-04-01,Sold 2026-04-01 · to STARMARK ARIZONA VIII LLC · 56 units · new owner may re-pick software,,,2026-04-01,STARMARK ARIZONA VIII LLC,ELEMENT AT TEMPE NORTH LLC,,,,,,,,
az,3015 N Hayden Rd,Scottsdale,3015 N HAYDEN RD,182,sold,Sold 2026-04-01,Sold 2026-04-01 · to HAYDEN PROPERTY OWNER LLC/HAYDEN PROPERTY OWN · 182 units · new owner may re-pick software,,,2026-04-01,HAYDEN PROPERTY OWNER LLC/HAYDEN PROPERTY OWN,HAYDEN PARK APARTMENTS LLC,,,,,,,,
az,2747 E Camelback Rd,Phoenix,2747 E CAMELBACK RD,253,sold,Sold 2026-03-01,Sold 2026-03-01 · to 2727 LLC · 253 units · new owner may re-pick software,,,2026-03-01,2727 LLC,CAMELBACK AZ PARTNERS LLC,,,,,,,,
az,16485 N Stadium Way,Surprise,16485 N STADIUM WAY,382,sold,Sold 2026-02-01,Sold 2026-02-01 · to PX STADIUM VILLAGE OWNER LLC · 382 units · new owner may re-pick software,,,2026-02-01,PX STADIUM VILLAGE OWNER LLC,BREIT MF STADIUM VILLAGE LLC,,,,,,,,
az,577 E Baseline Rd,Tempe,577 E BASELINE RD,224,sold,Sold 2026-02-01,Sold 2026-02-01 · to RW EASTGATE LLC/REL EASTGATE LLC/WJC EASTGATE · 224 units · new owner may re-pick software,,,2026-02-01,RW EASTGATE LLC/REL EASTGATE LLC/WJC EASTGATE,RW EASTGATE LLC/WJC EASTGATE LLC/REL EASTGATE,,,,,,,,
az,25 E Eva St,Phoenix,25 E EVA ST,22,sold,Sold 2026-02-01,Sold 2026-02-01 · to TROVIL SIERRA LLC · 22 units · new owner may re-pick software,,,2026-02-01,TROVIL SIERRA LLC,B & H ENTERPRISES I LLC,,,,,,,,
az,1055 W Baseline Rd,Mesa,1055 W BASELINE RD,200,sold,Sold 2026-01-01,Sold 2026-01-01 · to PHOENIX 2026 ONE PARTNERS LLC · 200 units · new owner may re-pick software,,,2026-01-01,PHOENIX 2026 ONE PARTNERS LLC,RW WATERFORD LLC/REL WATERFORD LLC/ETAL,,,,,,,,
az,180 N Apache Rd 17,Buckeye,180 N APACHE RD 17,24,sold,Sold 2026-01-01,Sold 2026-01-01 · to 3500 HILLSIDE LLC · 24 units · new owner may re-pick software,,,2026-01-01,3500 HILLSIDE LLC,180 APACHE OWNER LLC,,,,,,,,
az,180 N Apache Rd 13,Buckeye,180 N APACHE RD 13,24,sold,Sold 2026-01-01,Sold 2026-01-01 · to 3500 HILLSIDE LLC · 24 units · new owner may re-pick software,,,2026-01-01,3500 HILLSIDE LLC,180 APACHE OWNER LLC,,,,,,,,
az,180 N Apache Rd 1,Buckeye,180 N APACHE RD 1,24,sold,Sold 2026-01-01,Sold 2026-01-01 · to 3500 HILLSIDE LLC · 24 units · new owner may re-pick software,,,2026-01-01,3500 HILLSIDE LLC,180 APACHE OWNER LLC,,,,,,,,
az,180 N Apache Rd 5,Buckeye,180 N APACHE RD 5,24,sold,Sold 2026-01-01,Sold 2026-01-01 · to 3500 HILLSIDE LLC · 24 units · new owner may re-pick software,,,2026-01-01,3500 HILLSIDE LLC,180 APACHE OWNER LLC,,,,,,,,
az,180 N Apache Rd 9,Buckeye,180 N APACHE RD 9,24,sold,Sold 2026-01-01,Sold 2026-01-01 · to 3500 HILLSIDE LLC · 24 units · new owner may re-pick software,,,2026-01-01,3500 HILLSIDE LLC,180 APACHE OWNER LLC,,,,,,,,
az,180 N Apache Rd 21,Buckeye,180 N APACHE RD 21,24,sold,Sold 2026-01-01,Sold 2026-01-01 · to 3500 HILLSIDE LLC · 24 units · new owner may re-pick software,,,2026-01-01,3500 HILLSIDE LLC,180 APACHE OWNER LLC,,,,,,,,
az,Unnamed project,Maricopa County,,24,sold,Sold 2026-01-01,Sold 2026-01-01 · to BENDER-ARCADIA 24 LLC · 24 units · new owner may re-pick software,,,2026-01-01,BENDER-ARCADIA 24 LLC,3622 N 38TH STREET LLC,,,,,,,,
az,1835 E Don Carlos Ave,Tempe,1835 E DON CARLOS AVE,39,sold,Sold 2026-01-01,Sold 2026-01-01 · to RED SEA GROVE HOLDINGS LLC · 39 units · new owner may re-pick software,,,2026-01-01,RED SEA GROVE HOLDINGS LLC,KELLOGG HOLDINGS LLC,,,,,,,,
az,4747 N 99Th Ave,Phoenix,4747 N 99TH AVE,334,sold,Sold 2026-01-01,Sold 2026-01-01 · to MERRICK EP LLC/MERRICK ON CAMELBACK LLC/MERRI · 334 units · new owner may re-pick software,,,2026-01-01,MERRICK EP LLC/MERRICK ON CAMELBACK LLC/MERRI,BUNGALOWS ON CAMELBACK SPE LLC,,,,,,,,
az,4848 E Roosevelt St,Phoenix,4848 E ROOSEVELT ST,368,sold,Sold 2025-12-01,Sold 2025-12-01 · to GL SAGELEAF RED MOUNTAIN LLC/GL RED MOUNTAIN · 368 units · new owner may re-pick software,,,2025-12-01,GL SAGELEAF RED MOUNTAIN LLC/GL RED MOUNTAIN,ROOSEVELT AZ PARTNERS LLC,,,,,,,,
az,3875 W Dobbins Rd,Phoenix,3875 W DOBBINS RD,360,sold,Sold 2025-12-01,Sold 2025-12-01 · to RG LIV LAVEEN LLC/ETAL · 360 units · new owner may re-pick software,,,2025-12-01,RG LIV LAVEEN LLC/ETAL,RG LAVEEN MEMBER LLC/RG LIV LAVEEN LLC,,,,,,,,
az,3940 W Mcdowell Rd,Phoenix,3940 W MCDOWELL RD,41,sold,Sold 2025-12-01,Sold 2025-12-01 · to RCS OWNER LLC · 41 units · new owner may re-pick software,,,2025-12-01,RCS OWNER LLC,RANCHO CIELO SENIOR APARTMENTS LP,,,,,,,,
az,2625 E Camelback Rd,Phoenix,2625 E CAMELBACK RD,270,sold,Sold 2025-12-01,Sold 2025-12-01 · to BC PROPERTY OWNER LLC · 270 units · new owner may re-pick software,,,2025-12-01,BC PROPERTY OWNER LLC,HART CAMELBACK LLC,,,,,,,,
az,555 S Galleria,Chandler,555 S GALLERIA,335,sold,Sold 2025-12-01,Sold 2025-12-01 · to SCP II 555 S GALLERIA WAY LLC · 335 units · new owner may re-pick software,,,2025-12-01,SCP II 555 S GALLERIA WAY LLC,FASHION CENTER ACQUISITION LLC,,,,,,,,
az,1735 W Cortez St,Phoenix,1735 W CORTEZ ST,26,sold,Sold 2025-12-01,Sold 2025-12-01 · to RRRDT PROPERTIES LLC · 26 units · new owner may re-pick software,,,2025-12-01,RRRDT PROPERTIES LLC,M3 CAPITAL GROUP ACQUISITION COMPANY 4 LLC,,,,,,,,
az,2121 N Grace Blvd,Chandler,2121 N GRACE BLVD,194,sold,Sold 2025-11-01,Sold 2025-11-01 · to CHANDLER BELLA GRACE LLC/CHANDLER BELLA GRACE · 194 units · new owner may re-pick software,,,2025-11-01,CHANDLER BELLA GRACE LLC/CHANDLER BELLA GRACE,CHANDLER MULTIFAMILY DST,,,,,,,,
az,6201 N 16Th St,Phoenix,6201 N 16TH ST,92,sold,Sold 2025-11-01,Sold 2025-11-01 · to SORA ON ROSE APARTMENTS LLC · 92 units · new owner may re-pick software,,,2025-11-01,SORA ON ROSE APARTMENTS LLC,N 16TH ST LLC,,,,,,,,
az,14014 N 32Nd St,Phoenix,14014 N 32ND ST,116,sold,Sold 2025-11-01,Sold 2025-11-01 · to VILLAGE SQUARE OWNER LLC · 116 units · new owner may re-pick software,,,2025-11-01,VILLAGE SQUARE OWNER LLC,VILLAGE SQUARE HOUSING INVESTORS LP,,,,,,,,
az,901 E Van Buren St,Phoenix,901 E VAN BUREN ST,332,sold,Sold 2025-11-01,Sold 2025-11-01 · to CR KONRAD COMMUNITIES LLC/KONRAD KFT LLC · 332 units · new owner may re-pick software,,,2025-11-01,CR KONRAD COMMUNITIES LLC/KONRAD KFT LLC,CAMDEN USA INC,,,,,,,,
az,835 N 6Th Ave,Phoenix,835 N 6TH AVE,32,sold,Sold 2025-11-01,Sold 2025-11-01 · to RC OWNER LLC · 32 units · new owner may re-pick software,,,2025-11-01,RC OWNER LLC,ROOSEVELT HISTORIC HOUSING LP,,,,,,,,
az,1890 S Country Club,Tempe,1890 S COUNTRY CLUB,90,sold,Sold 2025-11-01,Sold 2025-11-01 · to CVG V ON BROADWAY LLC · 90 units · new owner may re-pick software,,,2025-11-01,CVG V ON BROADWAY LLC,VIRTUA BROADWAY TEMPE LLC,,,,,,,,
az,708 N Country Club Dr,Mesa,708 N COUNTRY CLUB DR,92,sold,Sold 2025-11-01,Sold 2025-11-01 · to MARK AT 87 LLC · 92 units · new owner may re-pick software,,,2025-11-01,MARK AT 87 LLC,RED KITE VENTURES LLC/ETAL,,,,,,,,
az,278 S Tegner St,Wickenburg,278 S TEGNER ST,31,sold,Sold 2025-11-01,Sold 2025-11-01 · to KKN WICKENBURG LLC · 31 units · new owner may re-pick software,,,2025-11-01,KKN WICKENBURG LLC,KOKOPELLI OWNER LLC,,,,,,,,
az,560 N Penn Ln,Wickenburg,560 N PENN LN,48,sold,Sold 2025-11-01,Sold 2025-11-01 · to TSN WICKENBURG LLC · 48 units · new owner may re-pick software,,,2025-11-01,TSN WICKENBURG LLC,BRADSHAW OWNER LLC,,,,,,,,
az,6901 E Main St,Scottsdale,6901 E MAIN ST,121,sold,Sold 2025-10-01,Sold 2025-10-01 · to SCOTTSDALE OWNER LLC/GRE VIBE LLC · 121 units · new owner may re-pick software,,,2025-10-01,SCOTTSDALE OWNER LLC/GRE VIBE LLC,MAIN STREET SCOTTSDALE LLLP,,,,,,,,
az,15826 N Scottsdale Rd,Scottsdale,15826 N SCOTTSDALE RD,266,sold,Sold 2025-10-01,Sold 2025-10-01 · to SCP II 15826 SCOTTSDALE RD LLC · 266 units · new owner may re-pick software,,,2025-10-01,SCP II 15826 SCOTTSDALE RD LLC,KIERLAND SDL LP,,,,,,,,
az,1317 S Terrace Rd,Tempe,1317 S TERRACE RD,285,sold,Sold 2025-10-01,Sold 2025-10-01 · to SP CARDINAL TEMPE OWNER LLC · 285 units · new owner may re-pick software,,,2025-10-01,SP CARDINAL TEMPE OWNER LLC,CD PARK7 TEMPE OWNER LLC,,,,,,,,
az,1720 E Camelback Rd,Phoenix,1720 E CAMELBACK RD,215,sold,Sold 2025-10-01,Sold 2025-10-01 · to ECHO BILTMORE APARTMENTS SPE LLC · 215 units · new owner may re-pick software,,,2025-10-01,ECHO BILTMORE APARTMENTS SPE LLC,ALTA BLUEWATER LLC,,,,,,,,
az,4441 W Bethany Home Rd,Glendale,4441 W BETHANY HOME RD,164,sold,Sold 2025-09-01,Sold 2025-09-01 · to RN BETHANY LLC · 164 units · new owner may re-pick software,,,2025-09-01,RN BETHANY LLC,WREF SUMMER LP,,,,,,,,
az,4231 N 27Th St,Phoenix,4231 N 27TH ST,20,sold,Sold 2025-09-01,Sold 2025-09-01 · to WLC HOLDINGS LLC/KAT HOLDINGS LLC · 20 units · new owner may re-pick software,,,2025-09-01,WLC HOLDINGS LLC/KAT HOLDINGS LLC,MANSFIELD JEFFERY SCOTT,,,,,,,,
az,3722 E Mcdowell Rd,Phoenix,3722 E MCDOWELL RD,50,sold,Sold 2025-09-01,Sold 2025-09-01 · to PAPAGO VIEW APARTMENT LLC · 50 units · new owner may re-pick software,,,2025-09-01,PAPAGO VIEW APARTMENT LLC,AZ PAPAGO LLC,,,,,,,,
az,Unnamed project,Maricopa County,,44,sold,Sold 2025-09-01,Sold 2025-09-01 · to 1806 EAST CONCORDA DRIVE LLC · 44 units · new owner may re-pick software,,,2025-09-01,1806 EAST CONCORDA DRIVE LLC,DONOVAN JOHN H JR/CHER,,,,,,,,
az,1805 E Concorda Dr,Tempe,1805 E CONCORDA DR,44,sold,Sold 2025-09-01,Sold 2025-09-01 · to 1806 EAST CONCORDA DRIVE LLC · 44 units · new owner may re-pick software,,,2025-09-01,1806 EAST CONCORDA DRIVE LLC,DONOVAN JOHN H JR/CHER,,,,,,,,
az,4909 W Joshua Blvd,Chandler,4909 W JOSHUA BLVD,396,sold,Sold 2025-08-01,Sold 2025-08-01 · to COUNTRY BROOK PARTNERS LLC · 396 units · new owner may re-pick software,,,2025-08-01,COUNTRY BROOK PARTNERS LLC,MG COUNTRY BROOK APARTMENTS LLC,,,,,,,,
az,601 N Rita Ln,Chandler,601 N RITA LN,396,sold,Sold 2025-08-01,Sold 2025-08-01 · to COUNTRY BROOK PARTNERS LLC · 396 units · new owner may re-pick software,,,2025-08-01,COUNTRY BROOK PARTNERS LLC,MG COUNTRY BROOK APARTMENTS LLC,,,,,,,,
az,15608 N 71St St,Scottsdale,15608 N 71ST ST,276,sold,Sold 2025-08-01,Sold 2025-08-01 · to FAIRFIELD NINES LLC · 276 units · new owner may re-pick software,,,2025-08-01,FAIRFIELD NINES LLC,SUNROAD KIERLAND APARTMENTS LLC,,,,,,,,
az,1725 S Coronado Rd,Gilbert,1725 S CORONADO RD,366,sold,Sold 2025-08-01,Sold 2025-08-01 · to MFREVF V - VISTARA LLC · 366 units · new owner may re-pick software,,,2025-08-01,MFREVF V - VISTARA LLC,BREIT OLYMPUS MF VISTARA LLC,,,,,,,,
az,948 E Devonshire Ave,Phoenix,948 E DEVONSHIRE AVE,104,sold,Sold 2025-08-01,Sold 2025-08-01 · to MIDTOWN ON DEVONSHIRE LLC · 104 units · new owner may re-pick software,,,2025-08-01,MIDTOWN ON DEVONSHIRE LLC,FRINGE CAPITAL PARTNERS ACQUISITION COMPANY 1,,,,,,,,
az,2300 W Pecos Rd,Chandler,2300 W PECOS RD,163,sold,Sold 2025-08-01,Sold 2025-08-01 · to MSH CHANDLER LLC · 163 units · new owner may re-pick software,,,2025-08-01,MSH CHANDLER LLC,SRGMF III PECOS ROAD CHANDLER LLC,,,,,,,,
az,6730 N 17Th Ave,Phoenix,6730 N 17TH AVE,21,sold,Sold 2025-08-01,Sold 2025-08-01 · to WLC HOLDINGS LLC/KAT HOLDINGS LLC · 21 units · new owner may re-pick software,,,2025-08-01,WLC HOLDINGS LLC/KAT HOLDINGS LLC,ACI-FORTE LLLP,,,,,,,,
az,1505 N Country Club Dr,Mesa,1505 N COUNTRY CLUB DR,92,sold,Sold 2025-08-01,Sold 2025-08-01 · to IPG NCC OWNER LLC · 92 units · new owner may re-pick software,,,2025-08-01,IPG NCC OWNER LLC,NCC INVESTMENTS LLC,,,,,,,,
az,2402 W Devonshire Ave,Phoenix,2402 W DEVONSHIRE AVE,33,sold,Sold 2025-08-01,Sold 2025-08-01 · to WLC HOLDINGS LLC/KAT HOLDINGS LLC · 33 units · new owner may re-pick software,,,2025-08-01,WLC HOLDINGS LLC/KAT HOLDINGS LLC,SHINEON OASIS PROPERTIES LLC/J&J REALTY PARTN,,,,,,,,
az,302 E Monte Vista Rd,Phoenix,302 E MONTE VISTA RD,60,sold,Sold 2025-08-01,Sold 2025-08-01 · to STARLIGHT REALTY GROUP LLC · 60 units · new owner may re-pick software,,,2025-08-01,STARLIGHT REALTY GROUP LLC,,,,,,,,,
az,875 W Pecos Rd,Chandler,875 W PECOS RD,346,sold,Sold 2025-07-01,Sold 2025-07-01 · to FAIRFIELD LAZO LLC · 346 units · new owner may re-pick software,,,2025-07-01,FAIRFIELD LAZO LLC,SUNROAD LAZO APARTMENTS LLC,,,,,,,,
az,7455 N 95Th Ave,Glendale,7455 N 95TH AVE,308,sold,Sold 2025-07-01,Sold 2025-07-01 · to FAIRFIELD ZONE LLC · 308 units · new owner may re-pick software,,,2025-07-01,FAIRFIELD ZONE LLC,SUNROAD COURTNEY VISTA APARTMENTS LLC,,,,,,,,
az,9450 W Cabela Dr,Glendale,9450 W CABELA DR,253,sold,Sold 2025-07-01,Sold 2025-07-01 · to FAIRFIELD ZONE LUXE LLC · 253 units · new owner may re-pick software,,,2025-07-01,FAIRFIELD ZONE LUXE LLC,SUNROAD METRO AT ZANJERO APARTMENTS LLC,,,,,,,,
az,800 W Willis Rd,Chandler,800 W WILLIS RD,383,sold,Sold 2025-07-01,Sold 2025-07-01 · to FAIRFIELD LAUREL LLC · 383 units · new owner may re-pick software,,,2025-07-01,FAIRFIELD LAUREL LLC,SUNROAD PARCLAND APARTMENTS LLC,,,,,,,,
az,18220 N 68Th St,Phoenix,18220 N 68TH ST,278,sold,Sold 2025-07-01,Sold 2025-07-01 · to FAIRFIELD SLATE LLC · 278 units · new owner may re-pick software,,,2025-07-01,FAIRFIELD SLATE LLC,SUNROAD SLATE APARTMENTS LLC,,,,,,,,
az,1012 E Washington St 1112,Phoenix,1012 E WASHINGTON ST 1112,140,sold,Sold 2025-07-01,Sold 2025-07-01 · to CR MASON OLIVER COMMUNITIES LLC · 140 units · new owner may re-pick software,,,2025-07-01,CR MASON OLIVER COMMUNITIES LLC,KV MASON OLIVER APARTMENTS LP,,,,,,,,
az,11 S 12Th St,Phoenix,11 S 12TH ST,152,sold,Sold 2025-07-01,Sold 2025-07-01 · to CR MASON OLIVER COMMUNITIES LLC · 152 units · new owner may re-pick software,,,2025-07-01,CR MASON OLIVER COMMUNITIES LLC,KV MASON OLIVER APARTMENTS LP,,,,,,,,
az,1045 S San Jose,Mesa,1045 S SAN JOSE,112,sold,Sold 2025-07-01,Sold 2025-07-01 · to FLATS MESA OWNER LLC · 112 units · new owner may re-pick software,,,2025-07-01,FLATS MESA OWNER LLC,DISTRICT FLATS OWNER LLC,,,,,,,,
az,749 E Maryland Ave,Phoenix,749 E MARYLAND AVE,78,sold,Sold 2025-07-01,Sold 2025-07-01 · to VENTURE ON MARYLAND LLC · 78 units · new owner may re-pick software,,,2025-07-01,VENTURE ON MARYLAND LLC,MARYLAND GREEN MULTIFAMILY LLC/MARYLAND GREEN,,,,,,,,
az,132 E Brown Rd,Mesa,132 E BROWN RD,154,sold,Sold 2025-07-01,Sold 2025-07-01 · to RISE MOUNTAIN RIDGE LLC/NAMO EQUITY PARTNERS · 154 units · new owner may re-pick software,,,2025-07-01,RISE MOUNTAIN RIDGE LLC/NAMO EQUITY PARTNERS,EMP INVESTMENTS 2 LLC/TAMWOOD LIMITED PARTNER,,,,,,,,
az,5407 W Glenrosa Ave,Phoenix,5407 W GLENROSA AVE,36,sold,Sold 2025-07-01,Sold 2025-07-01 · to PARKWAY APTS LLC · 36 units · new owner may re-pick software,,,2025-07-01,PARKWAY APTS LLC,DORN PROPERTIES LLC/FAR WESTERN PROPERTIES LL,,,,,,,,
az,151 E 1St St,Mesa,151 E 1ST ST,210,sold,Sold 2025-07-01,Sold 2025-07-01 · to CIMARRON INVESTMENT PARTNERS I LLC/CIMARRON I · 210 units · new owner may re-pick software,,,2025-07-01,CIMARRON INVESTMENT PARTNERS I LLC/CIMARRON I,CIMARRON TWO LLC/CIMARRON ONE LLC/EMP INVESTM,,,,,,,,
az,157 S Roosevelt Rd,Mesa,157 S ROOSEVELT RD,336,sold,Sold 2025-07-01,Sold 2025-07-01 · to IPG CORAL POINT OWNER LLC · 336 units · new owner may re-pick software,,,2025-07-01,IPG CORAL POINT OWNER LLC,LWH CORAL POINT APARTMENTS LP,,,,,,,,
az,909 S Mcclintock Dr,Tempe,909 S MCCLINTOCK DR,56,sold,Sold 2025-07-01,Sold 2025-07-01 · to AZARA TEMPE HOLDINGS LLC · 56 units · new owner may re-pick software,,,2025-07-01,AZARA TEMPE HOLDINGS LLC,TMK INVESTMENTS LLC,,,,,,,,
az,2120 E Ray Rd,Gilbert,2120 E RAY RD,159,sold,Sold 2025-06-01,Sold 2025-06-01 · to CPT SAN TAN BTR LLC · 159 units · new owner may re-pick software,,,2025-06-01,CPT SAN TAN BTR LLC,BUNGALOWS AT SAN TAN VILLAGE SPE LLC,,,,,,,,
az,4404 W Bethany Home Rd,Glendale,4404 W BETHANY HOME RD,85,sold,Sold 2025-06-01,Sold 2025-06-01 · to 48 MGG PARK WEST AZ LLC/HIRSCH FAMILY TRUST C · 85 units · new owner may re-pick software,,,2025-06-01,48 MGG PARK WEST AZ LLC/HIRSCH FAMILY TRUST C,LSF GLENDALE 1 LLC,,,,,,,,
az,7119 N 67Th Ave,Glendale,7119 N 67TH AVE,22,sold,Sold 2025-06-01,Sold 2025-06-01 · to 2202 ROOSEVELT LLC · 22 units · new owner may re-pick software,,,2025-06-01,2202 ROOSEVELT LLC,ROCKIE LEE SUTTLE LIVING TRUST,,,,,,,,
az,7959 N 53Rd Ave,Glendale,7959 N 53RD AVE,71,sold,Sold 2025-06-01,Sold 2025-06-01 · to NWI AC OWNER LLC · 71 units · new owner may re-pick software,,,2025-06-01,NWI AC OWNER LLC,SHELLE COMPANY LLC,,,,,,,,
az,15333 N Hayden Rd,Scottsdale,15333 N HAYDEN RD,282,sold,Sold 2025-05-01,Sold 2025-05-01 · to SANTANA SMLLC LLC/EDGEWOOD SMLLC LLC/VFH SMLL · 282 units · new owner may re-pick software,,,2025-05-01,SANTANA SMLLC LLC/EDGEWOOD SMLLC LLC/VFH SMLL,NORTH SCOTTSDALE ACQUISITION LLC,,,,,,,,
az,2409 W Northern Ave,Phoenix,2409 W NORTHERN AVE,51,sold,Sold 2025-05-01,Sold 2025-05-01 · to HULIINVEST LLC/PEAK PULSE LLC/SUMMIT OAK INVE · 51 units · new owner may re-pick software,,,2025-05-01,HULIINVEST LLC/PEAK PULSE LLC/SUMMIT OAK INVE,NORTHERN WEST TERRACE APARTMENTS I LLC/NORTHE,,,,,,,,
az,1700 N 103Rd Ave,Avondale,1700 N 103RD AVE,240,sold,Sold 2025-05-01,Sold 2025-05-01 · to 1700 N 103RD AVE LLC · 240 units · new owner may re-pick software,,,2025-05-01,1700 N 103RD AVE LLC,29SC OCEANA OWNER LLC,,,,,,,,
az,280 W Mckinley St,Phoenix,280 W MCKINLEY ST,108,sold,Sold 2025-05-01,Sold 2025-05-01 · to W MCKINLEY INVESTMENT LLC · 108 units · new owner may re-pick software,,,2025-05-01,W MCKINLEY INVESTMENT LLC,MCKINLEY LAND DEVELOPMENT LLC,,,,,,,,
az,295 E Roosevelt St,Phoenix,295 E ROOSEVELT ST,104,sold,Sold 2025-05-01,Sold 2025-05-01 · to LINEAR INVESTMENT LLC · 104 units · new owner may re-pick software,,,2025-05-01,LINEAR INVESTMENT LLC,LINEAR APTS LLC,,,,,,,,
az,222 E Roosevelt St,Phoenix,222 E ROOSEVELT ST,111,sold,Sold 2025-05-01,Sold 2025-05-01 · to ILUMINATE INVESTMENT LLC · 111 units · new owner may re-pick software,,,2025-05-01,ILUMINATE INVESTMENT LLC,ILUMINATE APTS LLC,,,,,,,,
az,5145 N 7Th St,Phoenix,5145 N 7TH ST,286,sold,Sold 2025-05-01,Sold 2025-05-01 · to WMD SEVENTH LLC · 286 units · new owner may re-pick software,,,2025-05-01,WMD SEVENTH LLC,UC SEVENTH LP,,,,,,,,
az,2601 E Mckellips Rd,Mesa,2601 E MCKELLIPS RD,256,sold,Sold 2025-05-01,Sold 2025-05-01 · to RED MOUNTAIN REALTY COMPANY LLC · 256 units · new owner may re-pick software,,,2025-05-01,RED MOUNTAIN REALTY COMPANY LLC,RED MOUNTAIN MESA LLC,,,,,,,,
az,1250 W Grove Pkwy,Tempe,1250 W GROVE PKWY,356,sold,Sold 2025-05-01,Sold 2025-05-01 · to KW FUND VII GROVE PARKWAY LLC · 356 units · new owner may re-pick software,,,2025-05-01,KW FUND VII GROVE PARKWAY LLC,BREIT MF FINISTERRA LLC,,,,,,,,
az,1925 S Coronado Rd,Gilbert,1925 S CORONADO RD,382,sold,Sold 2025-05-01,Sold 2025-05-01 · to MFREVF V - REDSTONE LLC · 382 units · new owner may re-pick software,,,2025-05-01,MFREVF V - REDSTONE LLC,BREIT OLYMPUS MF REDSTONE LLC,,,,,,,,
az,8555 E Raintree Dr,Scottsdale,8555 E RAINTREE DR,192,sold,Sold 2025-05-01,Sold 2025-05-01 · to HUXLEY SCOTTSDALE APARTMENTS LLC · 192 units · new owner may re-pick software,,,2025-05-01,HUXLEY SCOTTSDALE APARTMENTS LLC,PR III/CROW RAINTREE RESIDENTIAL LLC,,,,,,,,
az,4917 E Holly St,Phoenix,4917 E HOLLY ST,22,sold,Sold 2025-05-01,Sold 2025-05-01 · to S&C BELL PROPERTIES LLC · 22 units · new owner may re-pick software,,,2025-05-01,S&C BELL PROPERTIES LLC,HOLLY PAPAGO LLC,,,,,,,,
az,1852 N 52Nd Dr,Phoenix,1852 N 52ND DR,24,sold,Sold 2025-05-01,Sold 2025-05-01 · to M&R REAL ESTATE VENTURES LLC · 24 units · new owner may re-pick software,,,2025-05-01,M&R REAL ESTATE VENTURES LLC,CASTOR PAPAGO LLC,,,,,,,,
az,4316 N 20Th Ave 3,Phoenix,4316 N 20TH AVE 3,21,sold,Sold 2025-05-01,Sold 2025-05-01 · to MULBERRY LIVING LIMITED LIABILITY COMPANY · 21 units · new owner may re-pick software,,,2025-05-01,MULBERRY LIVING LIMITED LIABILITY COMPANY,MULBERRY PLACE LLC,,,,,,,,
az,4316 N 20Th Ave,Phoenix,4316 N 20TH AVE,21,sold,Sold 2025-05-01,Sold 2025-05-01 · to MULBERRY LIVING LIMITED LIABILITY COMPANY · 21 units · new owner may re-pick software,,,2025-05-01,MULBERRY LIVING LIMITED LIABILITY COMPANY,MULBERRY PLACE LLC,,,,,,,,
az,1975 E Apache Blvd,Tempe,1975 E APACHE BLVD,84,sold,Sold 2025-05-01,Sold 2025-05-01 · to APACHE LA PALOMA LLC · 84 units · new owner may re-pick software,,,2025-05-01,APACHE LA PALOMA LLC,1975 E APACHE DRIVE LLC,,,,,,,,
az,11025 S 51St St,Phoenix,11025 S 51ST ST,183,sold,Sold 2025-05-01,Sold 2025-05-01 · to TRS SERAFINA APARTMENTS LLC/TRS SERAFINA BUTL · 183 units · new owner may re-pick software,,,2025-05-01,TRS SERAFINA APARTMENTS LLC/TRS SERAFINA BUTL,SERAFINA LP,,,,,,,,
az,11200 S 50Th St,Phoenix,11200 S 50TH ST,183,sold,Sold 2025-05-01,Sold 2025-05-01 · to TRS SERAFINA APARTMENTS LLC/TRS SERAFINA BUTL · 183 units · new owner may re-pick software,,,2025-05-01,TRS SERAFINA APARTMENTS LLC/TRS SERAFINA BUTL,SERAFINA LP,,,,,,,,
az,600 N 53Rd St,Phoenix,600 N 53RD ST,49,sold,Sold 2025-05-01,Sold 2025-05-01 · to VILLA FIFTY2 OWNER LLC · 49 units · new owner may re-pick software,,,2025-05-01,VILLA FIFTY2 OWNER LLC,VILLA FIFTY2 LP,,,,,,,,
az,1283 W Parklane Blvd,Chandler,1283 W PARKLANE BLVD,180,sold,Sold 2025-05-01,Sold 2025-05-01 · to TA PARKLANE COMMONS FEE OWNER LLC · 180 units · new owner may re-pick software,,,2025-05-01,TA PARKLANE COMMONS FEE OWNER LLC,PARK TOWER CHANDLER LLC,,,,,,,,
az,4802 N 19Th Ave,Phoenix,4802 N 19TH AVE,236,sold,Sold 2025-05-01,Sold 2025-05-01 · to NORTH 19TH AVE TNC LLC · 236 units · new owner may re-pick software,,,2025-05-01,NORTH 19TH AVE TNC LLC,BRSP U19 OWNER LLC,,,,,,,,
az,4221 W Dunlap Ave,Phoenix,4221 W DUNLAP AVE,137,sold,Sold 2025-04-01,Sold 2025-04-01 · to GC WEST DUNLAP LLC · 137 units · new owner may re-pick software,,,2025-04-01,GC WEST DUNLAP LLC,TIDES ON WEST DUNLAP TIC I LLC/VILLA SERENA S,,,,,,,,
az,502 W Camelback Rd,Phoenix,502 W CAMELBACK RD,280,sold,Sold 2025-04-01,Sold 2025-04-01 · to RENUE UPTOWN PHOENIX LLC · 280 units · new owner may re-pick software,,,2025-04-01,RENUE UPTOWN PHOENIX LLC,CRP/AR UPTOWN PHX OWNER LLC,,,,,,,,
az,7111 E Tierra Buena Ln,Scottsdale,7111 E TIERRA BUENA LN,202,sold,Sold 2025-04-01,Sold 2025-04-01 · to 7111 E TIERRA SOLTRA LLC · 202 units · new owner may re-pick software,,,2025-04-01,7111 E TIERRA SOLTRA LLC,LCG2MF KIERLAND LLC,,,,,,,,
az,1889 W Queen Creek Rd,Chandler,1889 W QUEEN CREEK RD,296,sold,Sold 2025-04-01,Sold 2025-04-01 · to TGM QUEEN CREEK LLC · 296 units · new owner may re-pick software,,,2025-04-01,TGM QUEEN CREEK LLC,PHX QUEEN CREEK 2012 LLC,,,,,,,,
az,2202 E Roosevelt St,Phoenix,2202 E ROOSEVELT ST,44,sold,Sold 2025-04-01,Sold 2025-04-01 · to 2202 ROOSEVELT LLC · 44 units · new owner may re-pick software,,,2025-04-01,2202 ROOSEVELT LLC,ROCKIE LEE SUTTLE LIVING TRUST,,,,,,,,
az,200 W Germann Rd,Chandler,200 W GERMANN RD,392,sold,Sold 2025-04-01,Sold 2025-04-01 · to AREIT ZATERRA LLC · 392 units · new owner may re-pick software,,,2025-04-01,AREIT ZATERRA LLC,ARDEN PARK OWNER LLC,,,,,,,,
az,850 N Meridian Rd,Apache Junction,850 N MERIDIAN RD,20,sold,Sold 2025-04-01,Sold 2025-04-01 · to AZ MERIDIAN 21 LLC · 20 units · new owner may re-pick software,,,2025-04-01,AZ MERIDIAN 21 LLC,850 N MERIDIAN LLC,,,,,,,,
az,830 N Alma School Rd,Mesa,830 N ALMA SCHOOL RD,44,sold,Sold 2025-04-01,Sold 2025-04-01 · to 830 RIO SALADO LLC · 44 units · new owner may re-pick software,,,2025-04-01,830 RIO SALADO LLC,830 PIEDMONT LLC/3025 N 36TH STREET LLC,,,,,,,,
az,Unnamed project,Maricopa County,,36,sold,Sold 2025-04-01,Sold 2025-04-01 · to SONORAN TOWNHOMES TBBG LLC · 36 units · new owner may re-pick software,,,2025-04-01,SONORAN TOWNHOMES TBBG LLC,3426 UNIVERSITY LLC,,,,,,,,
az,4343 W Thomas Rd,Phoenix,4343 W THOMAS RD,152,sold,Sold 2025-04-01,Sold 2025-04-01 · to GRANVILLE SENIOR LP · 152 units · new owner may re-pick software,,,2025-04-01,GRANVILLE SENIOR LP,URBAN LEAGUE MANOR ASSOCIATES LIMITED PARTNER,,,,,,,,
az,16630 N 43Rd Ave,Glendale,16630 N 43RD AVE,180,sold,Sold 2025-03-01,Sold 2025-03-01 · to CANTAMAR TIC I LLC/CANTAMAR TIC IV LLC/CANTAM · 180 units · new owner may re-pick software,,,2025-03-01,CANTAMAR TIC I LLC/CANTAMAR TIC IV LLC/CANTAM,CANTAMAR TIC I LLC/CANTAMAR TIC IV LLC/CANTAM,,,,,,,,
az,1586 W Maggio,Chandler,1586 W MAGGIO,432,sold,Sold 2025-03-01,Sold 2025-03-01 · to ARCHES LLC · 432 units · new owner may re-pick software,,,2025-03-01,ARCHES LLC,BCORE MF ARCHES LLC,,,,,,,,
az,1570 W Maggio Way,Chandler,1570 W MAGGIO WAY,432,sold,Sold 2025-03-01,Sold 2025-03-01 · to ARCHES LLC · 432 units · new owner may re-pick software,,,2025-03-01,ARCHES LLC,BCORE MF ARCHES LLC,,,,,,,,
az,1547 E Broadway Rd,Mesa,1547 E BROADWAY RD,42,sold,Sold 2025-02-01,Sold 2025-02-01 · to FLOWER APARTMENTS AZ LLC/PARK MESA APTS LFT-L · 42 units · new owner may re-pick software,,,2025-02-01,FLOWER APARTMENTS AZ LLC/PARK MESA APTS LFT-L,1547 PM LLC,,,,,,,,
az,2802 E Osborn Rd,Phoenix,2802 E OSBORN RD,302,sold,Sold 2025-02-01,Sold 2025-02-01 · to AMARA APARTMENTS AZ LLC · 302 units · new owner may re-pick software,,,2025-02-01,AMARA APARTMENTS AZ LLC,AMARA PHOENIX PO LLC,,,,,,,,
az,8111 N 19Th Ave,Phoenix,8111 N 19TH AVE,225,sold,Sold 2025-02-01,Sold 2025-02-01 · to 19N PARTNERS LLC · 225 units · new owner may re-pick software,,,2025-02-01,19N PARTNERS LLC,LWH MISSION SHADOWS APARTMENTS LP,,,,,,,,
az,3025 N 32Nd St,Phoenix,3025 N 32ND ST,62,sold,Sold 2025-02-01,Sold 2025-02-01 · to MOUNTAIN WEST 32 LLC · 62 units · new owner may re-pick software,,,2025-02-01,MOUNTAIN WEST 32 LLC,BELBROOK 32 LLC,,,,,,,,
az,24032 N 19Th Ave,Phoenix,24032 N 19TH AVE,388,sold,Sold 2025-01-01,Sold 2025-01-01 · to GRE SEDONA LLC/GRE MIRAMONTE LLC/ETAL · 388 units · new owner may re-pick software,,,2025-01-01,GRE SEDONA LLC/GRE MIRAMONTE LLC/ETAL,TOWN DEER VALLEY OWNER LLC,,,,,,,,
az,5241 E Thomas Rd,Phoenix,5241 E THOMAS RD,71,sold,Sold 2025-01-01,Sold 2025-01-01 · to VENTURE ON 52ND LLC · 71 units · new owner may re-pick software,,,2025-01-01,VENTURE ON 52ND LLC,ELISSE HOMES LLC,,,,,,,,
az,6767 W Butler Dr,Glendale,6767 W BUTLER DR,208,sold,Sold 2025-01-01,Sold 2025-01-01 · to BWF III AZ MONTE VISTA LLC · 208 units · new owner may re-pick software,,,2025-01-01,BWF III AZ MONTE VISTA LLC,FRAME PROPERTIES LIMITED PARTNERSHIP,,,,,,,,
az,3738 E Mcdowell Rd,Phoenix,3738 E MCDOWELL RD,36,sold,Sold 2024-12-01,Sold 2024-12-01 · to JP2 HOLDINGS LLC · 36 units · new owner may re-pick software,,,2024-12-01,JP2 HOLDINGS LLC,TERRY JULIE H TR,,,,,,,,
az,1979 E Rio Salado      Pkwy,Tempe,1979 E RIO SALADO      PKWY,310,sold,Sold 2024-12-01,Sold 2024-12-01 · to SMITH & RIO OWNER LLC · 310 units · new owner may re-pick software,,,2024-12-01,SMITH & RIO OWNER LLC,PR III/CROW SMITH RIO LLC,,,,,,,,
az,1111 E Brown Rd,Mesa,1111 E BROWN RD,108,sold,Sold 2024-12-01,Sold 2024-12-01 · to COPPER POINT APARTMENTS LLC · 108 units · new owner may re-pick software,,,2024-12-01,COPPER POINT APARTMENTS LLC,CLARK COUNTY PROPERTIES/CONTINENTAL APARTMENS,,,,,,,,
az,9200 W Mcdowell Rd,Phoenix,9200 W MCDOWELL RD,167,sold,Sold 2024-12-01,Sold 2024-12-01 · to AC T16 MCDOWELL OWNER LLC · 167 units · new owner may re-pick software,,,2024-12-01,AC T16 MCDOWELL OWNER LLC,TM BTR AT MCDOWELL LLC,,,,,,,,
az,510 E Hatcher Rd,Phoenix,510 E HATCHER RD,24,sold,Sold 2024-12-01,Sold 2024-12-01 · to TS8A PROP LLC · 24 units · new owner may re-pick software,,,2024-12-01,TS8A PROP LLC,HATCHER RD 510 E LLC,,,,,,,,
az,7606 W Peoria Ave,Peoria,7606 W PEORIA AVE,224,sold,Sold 2024-12-01,Sold 2024-12-01 · to SANTANA VILLAGE OWNER LLC · 224 units · new owner may re-pick software,,,2024-12-01,SANTANA VILLAGE OWNER LLC,SANTANA VILLAGE APARTMENTS LLLP,,,,,,,,
az,3802 N 27Th St,Phoenix,3802 N 27TH ST,138,sold,Sold 2024-12-01,Sold 2024-12-01 · to MORAN TIC LLC · 138 units · new owner may re-pick software,,,2024-12-01,MORAN TIC LLC,MORAN TIC LLC/ROBSON 27TH STREET LLC,,,,,,,,
az,2220 W Mission Ln,Phoenix,2220 W MISSION LN,604,sold,Sold 2024-11-01,Sold 2024-11-01 · to SAN VALIENTE LLC · 604 units · new owner may re-pick software,,,2024-11-01,SAN VALIENTE LLC,BCORE MF SAN VALIENTE LLC,,,,,,,,
az,12435 N 28Th  Dr,Phoenix,12435 N 28TH  DR,232,sold,Sold 2024-11-01,Sold 2024-11-01 · to PHOENIX 28TH DR OWNER LLC · 232 units · new owner may re-pick software,,,2024-11-01,PHOENIX 28TH DR OWNER LLC,BANYANTREE PROPERTY OWNER LLC,,,,,,,,
az,15545 W Hudson Way,Goodyear,15545 W HUDSON WAY,183,sold,Sold 2024-11-01,Sold 2024-11-01 · to PHOENIX M3-15 LLC · 183 units · new owner may re-pick software,,,2024-11-01,PHOENIX M3-15 LLC,ESTRELLA OWNER LLC,,,,,,,,
az,435 E Sunland Ave,Phoenix,435 E SUNLAND AVE,80,sold,Sold 2024-11-01,Sold 2024-11-01 · to SUNLAND TERRACE HOUSING PARTNERS LP · 80 units · new owner may re-pick software,,,2024-11-01,SUNLAND TERRACE HOUSING PARTNERS LP,CASA DE PAZ IV APARTMENTS LLC,,,,,,,,
az,21155 N 56Th St,Phoenix,21155 N 56TH ST,370,sold,Sold 2024-11-01,Sold 2024-11-01 · to IMT CAPITAL VI DESERT RIDGE LLC · 370 units · new owner may re-pick software,,,2024-11-01,IMT CAPITAL VI DESERT RIDGE LLC,CWS DESERT RIDGE LP/ETAL,,,,,,,,
az,2542 W Colter St,Phoenix,2542 W COLTER ST,124,sold,Sold 2024-11-01,Sold 2024-11-01 · to VENTURE ON COLTER LLC · 124 units · new owner may re-pick software,,,2024-11-01,VENTURE ON COLTER LLC,CRECFIV THOM SLATE LLC,,,,,,,,
az,1616 N Central Ave,Phoenix,1616 N CENTRAL AVE,367,sold,Sold 2024-10-01,Sold 2024-10-01 · to MG MUSE APARTMENTS LLC ETAL · 367 units · new owner may re-pick software,,,2024-10-01,MG MUSE APARTMENTS LLC ETAL,MG MUSE APARTMENTS LLC/MG MUSE APARTMENTS L13,,,,,,,,
az,7400 S Miller Rd,Buckeye,7400 S MILLER RD,180,sold,Sold 2024-10-01,Sold 2024-10-01 · to BUCKEYE LEASED HOUSING ASSOCIATES III LLLP · 180 units · new owner may re-pick software,,,2024-10-01,BUCKEYE LEASED HOUSING ASSOCIATES III LLLP,WHCF CHOLLA RANCH LP,,,,,,,,
az,15400 W Monte Vista Rd,Goodyear,15400 W MONTE VISTA RD,352,sold,Sold 2024-10-01,Sold 2024-10-01 · to DISTRICT AT CIVIC SQUARE LLC · 352 units · new owner may re-pick software,,,2024-10-01,DISTRICT AT CIVIC SQUARE LLC,CRP/KAPLAN CIVIC CENTER OWNER LLC,,,,,,,,
az,1350 E Thomas Rd,Phoenix,1350 E THOMAS RD,130,sold,Sold 2024-09-01,Sold 2024-09-01 · to SRP TERRACE LLC · 130 units · new owner may re-pick software,,,2024-09-01,SRP TERRACE LLC,PHOENIX CENTRAL PROPERTY OWNER LLC,,,,,,,,
az,6901 E Chauncey Ln,Phoenix,6901 E CHAUNCEY LN,497,sold,Sold 2024-09-01,Sold 2024-09-01 · to AZ DESERT CLUB APARTMENTS LLC · 497 units · new owner may re-pick software,,,2024-09-01,AZ DESERT CLUB APARTMENTS LLC,CLPF DESERT CLUB LP,,,,,,,,
az,7700 W Aspera Blvd,Glendale,7700 W ASPERA BLVD,286,sold,Sold 2024-09-01,Sold 2024-09-01 · to ICG ASPERA DST · 286 units · new owner may re-pick software,,,2024-09-01,ICG ASPERA DST,BREIT MF AZ VELAIRE LLC,,,,,,,,
az,1249 E Spence Ave,Tempe,1249 E SPENCE AVE,112,sold,Sold 2024-09-01,Sold 2024-09-01 · to RP RLP1249 LLC · 112 units · new owner may re-pick software,,,2024-09-01,RP RLP1249 LLC,PINNACLE HOLDINGS INC,,,,,,,,
az,16629 N Greasewood St,Surprise,16629 N GREASEWOOD ST,60,sold,Sold 2024-09-01,Sold 2024-09-01 · to BELL MIRAGE OWNER LLC · 60 units · new owner may re-pick software,,,2024-09-01,BELL MIRAGE OWNER LLC,BELL MIRAGE ESTATES LLC,,,,,,,,
az,915 N 52Nd St,Phoenix,915 N 52ND ST,148,sold,Sold 2024-09-01,Sold 2024-09-01 · to BOULDER CREEK 148 OWNER LLC · 148 units · new owner may re-pick software,,,2024-09-01,BOULDER CREEK 148 OWNER LLC,BOULDER CREEK PROPERTIES LLC,,,,,,,,
