name,city,state,lat,lon,proof_url
Siena Apartments,Fort Worth,TX,32.672218761935,-97.419282000442,https://sienaapartments.loftliving.com/support/pincode
The Griffin Apartments,Fort Worth,TX,32.766110987401,-97.208061509782,https://oll-leasing.loftliving.com/oll/?siteId=5304205&MoveInDate=01/11/2027&UnitId=346&oll-source-attribution=apartments.com
The Trail Lakes,Fort Worth,TX,32.641836184235,-97.401162218718,https://thetraillakes.loftliving.com/
The Savoy Apartments,Fort Worth,TX,32.639431237352,-97.400027526473,https://thesavoyapartments.loftliving.com/login
2001 W SEMINARY DR,Fort Worth,TX,32.684481543182,-97.35078404535,https://oll-leasing.loftliving.com/oll/?siteId=5605335&MoveInDate=09/09/2026&UnitId=202&oll-source-attribution=apartments.com
Lakeview Apartments,Houston,TX,30.010259458434,-95.447657920879,https://lakeviewapartments.loftliving.com/support/pincode
Cullen Park Apartments,Houston,TX,29.652570548679,-95.355296292747,https://cullenparkapartments.loftliving.com/support/pincode
Barcelona,Houston,TX,29.740997541462,-95.497774174023,https://barcelonaapartments.loftliving.com/
Costa Verde,Houston,TX,29.689855434144,-95.50716758738,https://costaverdeapartments.loftliving.com/
Deerwood Apartments,Houston,TX,29.763083691285,-95.479871300662,https://thedeerwood.loftliving.com/support/pincode
Bainbridge Apartments,Austin,TX,30.233641762862,-97.777623832018,https://bainbridgevillas.loftliving.com/support/pincode
Ocotillo Apartments,Austin,TX,,,https://ocotilloapartments.loftliving.com/support/pincode
Terra Apartments,Austin,TX,30.169201260575,-97.76878577562,https://terraapartments.loftliving.com/support/pincode
2111 Austin Street,Houston,TX,29.746513353211,-95.368008633082,https://oll-leasing.loftliving.com/oll/?siteId=4604661&MoveInDate=09/08/2026&UnitId=148&oll-source-attribution=apartments.com
The Chase Apartments,Dallas,TX,33.011471724859,-96.834413923071,https://thechaseapartments.loftliving.com/login
Gateway Oak Cliff Apartments,Dallas,TX,32.742593975256,-96.822761352002,https://gatewayoakcliffapartments.loftliving.com/support/pincode
Highlands Creek Apartments,Dallas,TX,32.891259786037,-96.728152516134,https://highlandscreekapartments.loftliving.com/support/pincode
Frisco Apartments,Frisco,TX,33.11979222462,-96.872169993759,https://oll-leasing.loftliving.com/oll/?siteId=4691169&MoveInDate=09/08/2026&UnitId=46&oll-source-attribution=apartments.com
8568 Warren Pkwy,Frisco,TX,33.109213470893,-96.810210251897,https://oll-leasing.loftliving.com/oll/?siteId=5609933&MoveInDate=08/13/2026&UnitId=107&oll-source-attribution=apartments.com
risco Station,Frisco,TX,33.1139447,-96.8318556,https://oll-leasing.loftliving.com/oll/?siteId=5522032&MoveInDate=09/09/2026&UnitId=286&oll-source-attribution=apartments.com
4545 Mission Avenue,Frisco,TX,33.14204984061,-96.849259992812,https://oll-leasing.loftliving.com/oll/?siteId=5313266&MoveInDate=07/22/2026&UnitId=338&oll-source-attribution=apartments.com
Stonegate Apartments,McKinney,TX,33.200905480228,-96.645142214865,https://monticellostonegateapartments.loftliving.com/
3601 James Pitts Drive,Mckinney,TX,33.237359425594,-96.635270797542,https://oll-leasing.loftliving.com/oll/?siteId=5550610&MoveInDate=09/26/2026&UnitId=7&oll-source-attribution=apartments.com
6600 Mckinney Ranch Pkwy,Mckinney,TX,33.158507127846,-96.69820788035,https://oll-leasing.loftliving.com/oll/?siteId=5657843&MoveInDate=09/19/2026&UnitId=175&oll-source-attribution=apartments.com
3400 Craig Dr,Mckinney,TX,33.166961317051,-96.64496498867,https://oll-leasing.loftliving.com/oll/?siteId=2354039&MoveInDate=02/21/2026&UnitId=31&oll-source-attribution=apartments.com
4490 West Eldorado Parkway,Mckinney,TX,33.171569176391,-96.675428538449,https://oll-leasing.loftliving.com/oll/?siteId=4982874&MoveInDate=08/30/2026&UnitId=36&oll-source-attribution=apartments.com
650 East Sycamore Street,Denton,TX,33.21237148975,-97.124290846398,https://oll-leasing.loftliving.com/oll/?siteId=5443988&MoveInDate=02/06/2027&UnitId=322&oll-source-attribution=apartments.com
3701 Prominence Parkway,Denton,TX,33.2283381,-97.0882237,https://oll-leasing.loftliving.com/oll/?siteId=5177759&MoveInDate=09/29/2026&UnitId=35&oll-source-attribution=apartments.com
Apartment,Denton,TX,33.211605172528,-97.087464053013,https://oll-leasing.loftliving.com/oll/?siteId=5377260&MoveInDate=09/04/2026&UnitId=160&oll-source-attribution=apartments.com
The Walton,Sanford,FL,28.8207933,-81.3379458,https://thewaltonfl.loftliving.com/login
Quail Crossing Apartments,Grand Prairie,TX,32.698906021342,-96.996520490107,https://quailcrossing.loftliving.com/support/pincode
Donna Lynn Apartments,Grand Prairie,TX,32.720462497004,-96.989270915056,https://donnalynnapartments.loftliving.com/support/pincode
965 Duncan Perry Rd.,Grand Prairie,TX,32.7533374,-97.0367892,https://oll-leasing.loftliving.com/oll/?siteId=5391209&MoveInDate=09/03/2026&UnitId=73&oll-source-attribution=apartments.com
2290 Forum Drive,Grand Prairie,TX,32.7112661,-97.0535834,https://oll-leasing.loftliving.com/oll/?siteId=5548202&MoveInDate=12/09/2025&UnitId=205&oll-source-attribution=apartments.com
Sunset Apartments,Texarkana,TX,33.405262434812,-94.073434093323,https://cohensunsetapartments.loftliving.com/support/pincode
1280 Montgomery Boulevard,Allen,TX,33.083987721287,-96.684141951684,https://oll-leasing.loftliving.com/oll/?siteId=5219363&MoveInDate=09/18/2026&UnitId=351&oll-source-attribution=apartments.com
930 Ridgeview Drive,Allen,TX,33.141875568957,-96.675897514911,https://oll-leasing.loftliving.com/oll/?siteId=4910966&MoveInDate=11/12/2025&UnitId=457&oll-source-attribution=apartments.com
729 JUNCTION DR,Allen,TX,33.1074355,-96.6793536,https://oll-leasing.loftliving.com/oll/?siteId=4947160&MoveInDate=04/27/2026&UnitId=254&oll-source-attribution=apartments.com
1420 West McDermott Drive,Allen,TX,33.100935493789,-96.702292534621,https://oll-leasing.loftliving.com/oll/?siteId=4732847&MoveInDate=11/24/2026&UnitId=104&oll-source-attribution=apartments.com
Woodside Village,Louisville,KY,38.247397349387,-85.524102904814,https://woodsidevillageky.loftliving.com/
The Dudley Apartments,San Jose,CA,37.320882668145,-121.947946139201,https://dudleyapartments.loftliving.com/
Colonnade Apartments,San Jose,CA,37.333741928794,-121.884563085271,https://oll-leasing.loftliving.com/oll/?siteId=1330135&MoveInDate=08/19/2026&UnitId=218&oll-source-attribution=apartments.com
Padre Apartments,San Francisco,CA,37.783382914677,-122.412560274781,https://padreapartments.loftliving.com/
460 Davis Court,San Francisco,CA,37.796630098843,-122.398170683097,https://oll-leasing.loftliving.com/oll/?siteId=5569266&MoveInDate=01/30/2026&UnitId=637&oll-source-attribution=apartments.com
Cumberland Ridge Apartments,Clarksville,TN,36.503239993674,-87.316803979507,https://cumberlandridge.activebuilding.com/
1475 Fillmore Street,San Francisco,CA,37.782620333796,-122.432642831328,https://oll-leasing.loftliving.com/oll/?siteId=4289519&MoveInDate=10/01/2026&UnitId=538&oll-source-attribution=apartments.com
Oak Ridge Apartments,Sacramento,CA,38.665598108365,-121.350588221078,https://oakridgeapartmentsfpi.loftliving.com/
Rivergate Apartments,Sacramento,CA,38.496111915088,-121.543197096471,https://rivergateapartments.loftliving.com/support/pincode
Del Norte Park Apartments,Sacramento,CA,38.621154612137,-121.36388042385,https://delnortepark.loftliving.com/
Vue at the Lake Apartments,Sacramento,CA,38.5071986644,-121.540534525993,https://vueatthelakeapartments.loftliving.com/support/pincode
Markston Apartments,Sacramento,CA,38.596890395526,-121.408253810503,https://markstonapartments.loftliving.com/support/pincode
Marigold Lane Apartments,Sacramento,CA,38.591379616332,-121.400284230109,https://marigoldlane.loftliving.com/support/pincode
Auburn Village Apartments,Sacramento,CA,38.638072659383,-121.380384362924,https://auburnvillage.loftliving.com/support/pincode
Village Park Apartments,Sacramento,CA,38.634266559774,-121.457013175984,https://villageparkapartments.loftliving.com/support/pincode
Granite Pointe Apartments,Oakland,CA,37.770365163306,-122.185221502496,https://livegranitepointe.loftliving.com/support/pincode
Santana Apartments,Oakland,CA,37.797451504109,-122.242038776297,https://santanaapartments.loftliving.com/support/pincode
Naples Court Apartments,Chula Vista,CA,32.612352451204,-117.07303044642,https://naplescourtapartments.loftliving.com/
Alderwood Apartments,Chula Vista,CA,32.611719969893,-117.072783816378,https://liveatalderwoodapartments.loftliving.com/
Seawind Apartments,Chula Vista,CA,32.613738863659,-117.07357891593,https://seawindapartments.loftliving.com/support/pincode
Beacon Cove Apartments,Chula Vista,CA,32.638483961499,-117.041907268252,https://beaconcoveapartments.loftliving.com/support/pincode
Miami,Miami,FL,25.778061836315,-80.189364553719,https://oll-leasing.loftliving.com/oll/?siteId=5063016&MoveInDate=04/25/2026&UnitId=551&oll-source-attribution=apartments.com
1005 Spring Garden Rd,Miami,FL,25.78546660677,-80.211209052269,https://oll-leasing.loftliving.com/oll/?siteId=5562321&MoveInDate=09/08/2026&UnitId=16&oll-source-attribution=apartments.com
Northside Transit Village II,Miami,FL,25.845890569418,-80.24794663651,https://northsidetransitvillageii.loftliving.com/
811 Northwest 43rd Avenue,Miami,FL,25.779533346861,-80.265960654532,https://oll-leasing.loftliving.com/oll/?siteId=5288133&MoveInDate=12/07/2026&UnitId=61&oll-source-attribution=apartments.com
1699 68th Street North,Saint Petersburg,FL,27.788294411888,-82.733716728112,https://oll-leasing.loftliving.com/oll/?siteId=5368252&MoveInDate=05/17/2026&UnitId=48&oll-source-attribution=apartments.com
Crescent Lane Apartments,Saint Petersburg,FL,,,https://crescentlaneapartments.loftliving.com/support/pincode
333 3rd Ave S,Saint Petersburg,FL,27.768640763741,-82.637556881957,https://oll-leasing.loftliving.com/oll/?siteId=5705106&MoveInDate=11/02/2026&UnitId=179&oll-source-attribution=apartments.com
Perse Apartments,Orlando,FL,28.378430696939,-81.488177692925,https://perseapartments.loftliving.com/login
Sunset Oaks Apartments,Orlando,FL,28.581494522836,-81.475734173494,https://sunsetoaksapts.loftliving.com/support/pincode
Art Avenue Apartments,Orlando,FL,28.478272830121,-81.245514288992,https://oll-leasing.loftliving.com/oll/?siteId=4308252&MoveInDate=07/16/2026&UnitId=252&oll-source-attribution=apartments.com
Apartments,Orlando,FL,28.525998418258,-81.458998323719,https://oll-leasing.loftliving.com/oll/?siteId=4522458&MoveInDate=11/17/2026&UnitId=82&oll-source-attribution=apartments.com
The,Gainesville,FL,29.652776848478,-82.328853994105,https://the400.loftliving.com/support/pincode
CVH,Fredericksburg,VA,38.31377448563,-77.470210353933,https://cvhc.activebuilding.com/login
fair,Gainesville,FL,,,https://oll-leasing.loftliving.com/oll/?siteId=4618801&MoveInDate=09/09/2026&UnitId=130&oll-source-attribution=apartments.com
9851 6 Mile Cypress Parkway,Fort Myers,FL,,,https://oll-leasing.loftliving.com/oll/?siteId=4497433&MoveInDate=08/30/2026&UnitId=271&oll-source-attribution=apartments.com
averna,Fort Myers,FL,26.62092,-81.8024178,https://oll-leasing.loftliving.com/oll/?siteId=5373800&MoveInDate=04/25/2025&UnitId=29&oll-source-attribution=apartments.com
2346 Winkler Avenue,Fort Myers,FL,26.604269826238,-81.864842932201,https://oll-leasing.loftliving.com/oll/?siteId=4956562&MoveInDate=09/02/2026&UnitId=218&oll-source-attribution=apartments.com
3701 WINKLER AVE,Fort Myers,FL,26.605544983917,-81.835419895164,https://oll-leasing.loftliving.com/oll/?siteId=4925351&MoveInDate=11/16/2026&UnitId=290&oll-source-attribution=apartments.com
3891 Solomon Blvd,Fort Myers,FL,26.607290844926,-81.867328130306,https://oll-leasing.loftliving.com/oll/?siteId=5471855&MoveInDate=09/12/2026&UnitId=25&oll-source-attribution=apartments.com
2300 Bluff Oak Way,Tallahassee,FL,30.413390504069,-84.231303295682,https://oll-leasing.loftliving.com/oll/?siteId=3625661&MoveInDate=09/10/2026&UnitId=2&oll-source-attribution=apartments.com
Sunset Place Apartments,West Palm Beach,FL,26.746128139397,-80.065305935943,https://sunsetplaceapts.loftliving.com/support/pincode
11200 Hermosa Street,Royal Palm Beach,FL,,,https://oll-leasing.loftliving.com/oll/?siteId=5399202&MoveInDate=10/09/2026&UnitId=138&oll-source-attribution=apartments.com
290 North Olive Avenue,West Palm Beach,FL,26.715113626224,-80.05178052689,https://oll-leasing.loftliving.com/oll/?siteId=4566809&MoveInDate=09/02/2026&UnitId=31&oll-source-attribution=apartments.com
36090 US Highway 19 North,Palm Harbor,FL,28.099104417423,-82.739800246612,https://oll-leasing.loftliving.com/oll/?siteId=5486696&MoveInDate=07/14/2026&UnitId=173&oll-source-attribution=apartments.com
1950 West 49th Street,Hialeah,FL,25.86657699718,-80.321935029408,https://oll-leasing.loftliving.com/oll/?siteId=5562315&MoveInDate=05/02/2026&UnitId=58&oll-source-attribution=apartments.com
2551 N Guadalupe St,Seguin,TX,29.596312551322,-97.969824966306,https://oll-leasing.loftliving.com/affordable/?siteId=5586961#!/oll/affordable-welcome
Obrien Road Senior Apartments 2,Syracuse,NY,43.11623754088,-76.29163571008,https://obrienroadseniorapartments2.loftliving.com/
Bessie Riordan School Apartments,Syracuse,NY,43.098006149056,-76.1414995691,https://bessieriordanschoolapartments.loftliving.com/support/pincode
Need an Account?,Port Chester,NY,41.002782518577,-73.665050459951,https://thelighthouseapartments.loftliving.com/support/pincode
Cedar Moor Apartments,Raleigh,NC,35.772201898472,-78.6067723621,https://cedarmoorapartments.loftliving.com/
Need an Account?,Raleigh,NC,35.880092823329,-78.692249589477,https://woodlakedowns.loftliving.com/support/pincode
Apartments,Raleigh,NC,35.760292223043,-78.694140868791,https://trailwoodcrossingapartments.loftliving.com/support/pincode
Apartments,Raleigh,NC,35.834025247167,-78.715040245141,https://oll-leasing.loftliving.com/oll/?siteId=4884532&MoveInDate=07/22/2026&UnitId=122&oll-source-attribution=apartments.com
Find Apartment Schedule Visit Apartment Floor ・ tree,Raleigh,NC,35.86301175548,-78.701927088061,https://oll-leasing.loftliving.com/oll/?siteId=5638292&MoveInDate=06/29/2026&UnitId=81&oll-source-attribution=apartments.com
1012 Lower Shiloh Way,Morrisville,NC,35.864533752975,-78.845822214813,https://oll-leasing.loftliving.com/oll/?siteId=5346718&MoveInDate=06/11/2026&UnitId=33&oll-source-attribution=apartments.com
Springfield Apartments,Durham,NC,35.95862765076,-78.965680522358,https://springfieldapartments.loftliving.com/support/pincode
500 East Main Street,East Durham,NC,35.992073941021,-78.895681975948,https://oll-leasing.loftliving.com/oll/?siteId=5452123&MoveInDate=09/26/2026&UnitId=13&oll-source-attribution=apartments.com
1101 Exchange Place,Durham,NC,35.910693375256,-78.915703762581,https://oll-leasing.loftliving.com/oll/?siteId=2996565&MoveInDate=08/20/2026&UnitId=276&oll-source-attribution=apartments.com
1122 Medlin Rd,Durham,NC,35.9476467,-78.9935151,https://oll-leasing.loftliving.com/oll/?siteId=5498502&MoveInDate=09/12/2026&UnitId=153&oll-source-attribution=apartments.com
Maizon Durham,Durham,NC,35.992073941021,-78.895681975948,https://maizondurham.loftliving.com/portal/wall
810 9th St,Durham,NC,36.010820633184,-78.921901467801,https://oll-leasing.loftliving.com/oll/?siteId=3721448&MoveInDate=06/01/2026&UnitId=223&oll-source-attribution=apartments.com
Apartments,Durham,NC,35.944470489632,-78.825328361728,https://oll-leasing.loftliving.com/oll/?siteId=5551854&MoveInDate=10/01/2026&UnitId=189&oll-source-attribution=apartments.com
Need an Account?,Morrisville,NC,35.813102896693,-78.830561200517,https://prestonview.loftliving.com/support/pincode
909 Athletic Lane,Morrisville,NC,35.837635,-78.8166866,https://oll-leasing.loftliving.com/oll/?siteId=5318410&MoveInDate=04/28/2026&UnitId=217&oll-source-attribution=apartments.com
Brigham Ridge Apartments,Greensboro,NC,36.117815467248,-79.972161075895,https://brighamrridgeapartments.loftliving.com/support/pincode
Printworks Mill Apartments,Greensboro,NC,36.09988379332,-79.772920651691,https://printworksmillapartments.loftliving.com/support/pincode
3501 Farmington Drive,Greensboro,NC,36.048098484303,-79.850367232176,https://oll-leasing.loftliving.com/oll/?siteId=5566798&MoveInDate=05/08/2026&UnitId=12&oll-source-attribution=apartments.com
4126 Macbeth Street,Greensboro,NC,,,https://oll-leasing.loftliving.com/oll/?siteId=5544500&MoveInDate=04/10/2026&UnitId=88&oll-source-attribution=apartments.com
4020 Eight Belles Lane,Greensboro,NC,36.142009506897,-79.885318096168,https://oll-leasing.loftliving.com/oll/?siteId=4906126&MoveInDate=07/01/2026&UnitId=3&oll-source-attribution=apartments.com
300 Long Shoals Road,Arden,NC,35.480057591393,-82.548063981294,https://oll-leasing.loftliving.com/oll/?siteId=5384615&MoveInDate=09/17/2026&UnitId=19&oll-source-attribution=apartments.com
Apartment Homes,Asheville,NC,35.596169179679,-82.609652251131,https://oll-leasing.loftliving.com/oll/?siteId=5384616&MoveInDate=10/02/2026&UnitId=349&oll-source-attribution=apartments.com
248 Patton Ave,Asheville,NC,35.593017142333,-82.561432783842,https://oll-leasing.loftliving.com/oll/?siteId=5512016&MoveInDate=10/24/2026&UnitId=1&oll-source-attribution=apartments.com
5116 Western Boulevard,Jacksonville,NC,34.800810248205,-77.430348550165,https://oll-leasing.loftliving.com/oll/?siteId=5455756&MoveInDate=09/21/2026&UnitId=224&oll-source-attribution=apartments.com
Bristol Park Apartments,Oak Ridge,TN,36.017388299213,-84.239985719911,https://bristolparkapts.activebuilding.com/
Cary Greens at Preston,Cary,NC,35.790920296373,-78.825375242525,https://carygreens.loftliving.com/login
2500 Grove Club Lane,Cary,NC,35.790920296373,-78.825375242525,https://oll-leasing.loftliving.com/oll/?siteId=4212447&MoveInDate=07/24/2026&UnitId=47&oll-source-attribution=apartments.com
1515 Rollick Rd,Cary,NC,35.8592105,-78.8950259,https://oll-leasing.loftliving.com/oll/?siteId=5368186&MoveInDate=10/08/2026&UnitId=106&oll-source-attribution=apartments.com
6000 Scarlet Sky Way,Cary,NC,,,https://oll-leasing.loftliving.com/oll/?siteId=4909337&MoveInDate=09/19/2026&UnitId=90&oll-source-attribution=apartments.com
Find Apartment Schedule Visit Apartment Floor …,Cary,NC,35.7502951,-78.7415447,https://oll-leasing.loftliving.com/oll/?siteId=4022975&MoveInDate=08/09/2026&UnitId=1&oll-source-attribution=apartments.com
Lake Road Apartments,High Point,NC,35.948453879289,-80.007539169577,https://lakeroadapartments.loftliving.com/support/pincode
3504 Broadstone Village Drive,High Point,NC,35.96457884501,-79.946297976847,https://oll-leasing.loftliving.com/oll/?siteId=4906110&MoveInDate=06/23/2026&UnitId=45&oll-source-attribution=apartments.com
68 4375 Regency Drive,High Point,NC,36.060642863498,-79.955378051449,https://oll-leasing.loftliving.com/oll/?siteId=4906136&MoveInDate=07/29/2026&UnitId=122&oll-source-attribution=apartments.com
Slate Apartments,Seattle,WA,47.647709694678,-122.378766935861,https://slateapartmentswa.loftliving.com/support/pincode
1420 NE 65th Street,Seattle,WA,47.675848457276,-122.312837668778,https://oll-leasing.loftliving.com/oll/?siteId=4707467&MoveInDate=10/08/2026&UnitId=51&oll-source-attribution=apartments.com
702 Spring Street,Seattle,WA,47.608281375722,-122.330178900697,https://oll-leasing.loftliving.com/oll/?siteId=5540749&MoveInDate=09/11/2026&UnitId=361&oll-source-attribution=apartments.com
Centennial,Seattle,WA,47.616404943553,-122.324402532955,https://liveatcentennialapartments.loftliving.com/support/pincode
14820 Redmond Way,Redmond,WA,47.675197392927,-122.142436150235,https://oll-leasing.loftliving.com/oll/?siteId=4590784&MoveInDate=09/07/2026&UnitId=81&oll-source-attribution=apartments.com
2808 Calder Ave NE,Redmond,WA,47.6357248,-122.1345447,https://oll-leasing.loftliving.com/oll/?siteId=4901432&MoveInDate=09/01/2026&UnitId=22&oll-source-attribution=apartments.com
Bayside Garden Apartments,Tacoma,WA,47.264904382898,-122.446152401823,https://baysidegarden.loftliving.com/support/pincode
Fairways Apartments,Tacoma,WA,47.29922594545,-122.39177345062,https://fairwaysapartments.loftliving.com/support/pincode
Vintage Apartments,Tacoma,WA,47.256961008625,-122.444681600503,https://vintageapts.loftliving.com/support/pincode
Windsor Apartments,Tacoma,WA,47.263716926399,-122.446651412197,https://windsorapartments.loftliving.com/support/pincode
Catalina Apartments,Tacoma,WA,47.247096603222,-122.446245772265,https://catalinaapartments.loftliving.com/support/pincode
The Rosewood Apartments,Vancouver,WA,45.666902758737,-122.654143174278,https://theridge.loftliving.com/
Union Park Apartments,Vancouver,WA,45.706335621401,-122.544859915963,https://unionparkapartments.loftliving.com/support/pincode
Apartments,Vancouver,WA,45.706335621401,-122.544859915963,https://oll-leasing.loftliving.com/oll/?siteId=4873415&MoveInDate=08/01/2026&UnitId=110&oll-source-attribution=apartments.com
300 East 13th Street,Vancouver,WA,45.631104823651,-122.66931406028,https://oll-leasing.loftliving.com/oll/?siteId=4866228&MoveInDate=10/10/2026&UnitId=116&oll-source-attribution=apartments.com
604 Southeast 121st Avenue,Vancouver,WA,45.617166957724,-122.548890938258,https://oll-leasing.loftliving.com/oll/?siteId=4718893&MoveInDate=09/08/2026&UnitId=162&oll-source-attribution=apartments.com
Forest Grove Apartments,Lacey,WA,47.020141132954,-122.807647200939,https://forestgroveapartments.loftliving.com/support/pincode
12925 East Mansfield Avenue,Spokane Valley,WA,47.677558243959,-117.237692231958,https://oll-leasing.loftliving.com/oll/?siteId=4986698&MoveInDate=08/23/2026&UnitId=45&oll-source-attribution=apartments.com
707 W 5Th Ave,Spokane,WA,47.651354555796,-117.4221445268,https://oll-leasing.loftliving.com/oll/?siteId=4311480&MoveInDate=10/09/2026&UnitId=144&oll-source-attribution=apartments.com
Glacier Vista Apartments,Everett,WA,47.973615482447,-122.208324738355,https://glaciervistawa.loftliving.com/support/pincode
Westwood Apartments,Everett,WA,47.975030193047,-122.206978443303,https://westwoodwa.loftliving.com/support/pincode
120 West Casino Road,Everett,WA,47.921825863953,-122.23571405044,https://oll-leasing.loftliving.com/oll/?siteId=4695890&MoveInDate=10/04/2026&UnitId=65&oll-source-attribution=apartments.com
3214 Broadway,Everett,WA,47.975109165253,-122.201501271476,https://oll-leasing.loftliving.com/oll/?siteId=4615779&MoveInDate=09/10/2026&UnitId=43&oll-source-attribution=apartments.com
9900 12th Avenue West,Everett,WA,47.908223196766,-122.249886208785,https://oll-leasing.loftliving.com/oll/?siteId=5035731&MoveInDate=10/01/2026&UnitId=255&oll-source-attribution=apartments.com
203 MAGNOLIA BLVD,Port Wentworth,GA,32.212421100582,-81.198450830953,https://oll-leasing.loftliving.com/oll/?siteId=5231655&MoveInDate=08/07/2026&UnitId=349&oll-source-attribution=apartments.com
ONS,Union City,GA,33.570257669647,-84.548123122819,https://oll-leasing.loftliving.com/oll/?siteId=4562624&MoveInDate=11/07/2026&UnitId=307&oll-source-attribution=apartments.com
Basswood Landing Apartments,Savannah,GA,32.1775476728,-81.22327933913,https://basswoodlandingapartments.loftliving.com/login
4600 Roswell Rd,Sandy Springs,GA,33.881189832805,-84.379879807134,https://oll-leasing.loftliving.com/oll/?siteId=4150482&MoveInDate=11/03/2026&UnitId=102&oll-source-attribution=apartments.com
9200 Roberts Dr,Sandy Springs,GA,33.998153806193,-84.33541090857,https://oll-leasing.loftliving.com/oll/?siteId=5523905&MoveInDate=09/01/2026&UnitId=184&oll-source-attribution=apartments.com
7445 Trowbridge Rd,Sandy Springs,GA,33.9605379,-84.3691585,https://oll-leasing.loftliving.com/oll/?siteId=5523911&MoveInDate=09/22/2026&UnitId=130&oll-source-attribution=apartments.com
Pooler,Placepooler,GA,,,https://oll-leasing.loftliving.com/oll/?siteId=5484378&MoveInDate=12/30/2025&UnitId=276&oll-source-attribution=apartments.com
Journal Square,Jersey City,NJ,40.734095180579,-74.063174169123,https://oll-leasing.loftliving.com/oll/?siteId=4385889&MoveInDate=09/12/2026&UnitId=240&oll-source-attribution=apartments.com
Spruce Park Apartments,Newark,NJ,40.727089635988,-74.182117915585,https://spruceparkapartments.loftliving.com/support/pincode
1525 Harbor Boulevard,Weehawken,NJ,40.7612403,-74.0212271,https://oll-leasing.loftliving.com/oll/?siteId=5460293&MoveInDate=10/31/2026&UnitId=28&oll-source-attribution=apartments.com
800 Harbor Boulevard,Weehawken,NJ,40.7590788,-74.0248919,https://oll-leasing.loftliving.com/oll/?siteId=4592680&MoveInDate=08/10/2026&UnitId=212&oll-source-attribution=apartments.com
Need an Account?,Elizabeth,NJ,40.665184270447,-74.21717694679,https://vintyapartments.loftliving.com/support/pincode
Union,Union,NJ,40.712036405999,-74.252360359884,https://oll-leasing.loftliving.com/oll/?siteId=1180449&MoveInDate=09/01/2026&UnitId=526&oll-source-attribution=apartments.com
Apartments,Denver,CO,39.739234581547,-104.978660570911,https://stfrancisapts.loftliving.com/support/pincode
Need an Account?,Denver,CO,39.740662181974,-104.888242426684,https://willowstreetapartments.loftliving.com/support/pincode
444 E 19th Ave,Denver,CO,39.746123283827,-104.981896044905,https://oll-leasing.loftliving.com/oll/?siteId=5417008&MoveInDate=09/30/2026&UnitId=190&oll-source-attribution=apartments.com
La Crosse Apartments,Wichita,KS,37.747474274935,-97.262310038585,https://lacrosseapartments.loftliving.com/login
Need an Account?,Denver,CO,39.693025697395,-104.933163940226,https://livethelodgeapartments.loftliving.com/support/pincode
Pinecone Apartments,Fort Collins,CO,40.543856957712,-105.037184010364,https://pineconeapartments.loftliving.com/support/pincode
4900 East Boardwalk Drive,Fort Collins,CO,40.51803435388,-105.063958600997,https://oll-leasing.loftliving.com/oll/?siteId=4820038&MoveInDate=09/13/2026&UnitId=13&oll-source-attribution=apartments.com
4470 South Lemay Avenue,Fort Collins,CO,40.525447024411,-105.057947019526,https://oll-leasing.loftliving.com/oll/?siteId=5451885&MoveInDate=09/25/2026&UnitId=56&oll-source-attribution=apartments.com
156 West Fairway Lane,Fort Collins,CO,40.517558176832,-105.078632819165,https://oll-leasing.loftliving.com/oll/?siteId=5317513&MoveInDate=07/17/2026&UnitId=248&oll-source-attribution=apartments.com
5601 W 29th Street Building 16,Greeley,CO,40.390366209393,-104.76879490117,https://oll-leasing.loftliving.com/oll/?siteId=4880515&MoveInDate=08/27/2026&UnitId=5&oll-source-attribution=apartments.com
"HCA, Capitol Square & DSBI",Arlington,MA,42.416883319441,-71.161422594639,https://capitolsquareapartments.loftliving.com/login
5151 S RIO GRANDE ST,Littleton,CO,39.621113348293,-105.011767368364,https://oll-leasing.loftliving.com/oll/?siteId=4818643&MoveInDate=09/05/2026&UnitId=82&oll-source-attribution=apartments.com
Shift Apartments,Aurora,CO,39.689771869812,-104.791154232008,https://shiftapartmentsco.loftliving.com/support/pincode
13700 E 5TH CIR,Aurora,CO,39.72368627628,-104.828193937008,https://oll-leasing.loftliving.com/oll/?siteId=4748425&MoveInDate=09/10/2026&UnitId=14&oll-source-attribution=apartments.com
550 S Dawson Street,Aurora,CO,39.6874858,-104.8186023,https://oll-leasing.loftliving.com/oll/?siteId=5478941&MoveInDate=08/27/2026&UnitId=236&oll-source-attribution=apartments.com
8825 Anatolia Ct.,Louisville,KY,38.1201891,-85.645024,https://oll-leasing.loftliving.com/oll/?siteId=5329968&MoveInDate=08/11/2026&UnitId=28&oll-source-attribution=apartments.com
Mallard Lake,Wheeling,IL,42.126479439753,-87.957292768667,https://mallardlake.activebuilding.com/login
Castle Pines,Castle Pines,CO,39.4580341,-104.8759166,https://oll-leasing.loftliving.com/oll/?siteId=5430802&MoveInDate=08/31/2026&UnitId=83&oll-source-attribution=apartments.com
5944 Highway 92,Acworth,GA,34.087750166938,-84.590361900881,https://oll-leasing.loftliving.com/oll/?siteId=5439390&MoveInDate=09/22/2026&UnitId=183&oll-source-attribution=apartments.com
12801 Roydon Dr,Houston,TX,29.616610611958,-95.212358996106,https://oll-leasing.loftliving.com/oll/?siteId=5081432&MoveInDate=09/26/2026&UnitId=128&oll-source-attribution=apartments.com
Mutual on Main Apartments,Richmond,VA,37.538099808198,-77.436230078927,https://mutualonmainapartments.loftliving.com/login
North Slope Apartments,Richmond,VA,37.615402827138,-77.484854779501,https://northslope.loftliving.com/support/pincode
Belle Summit Apartments,Richmond,VA,37.524027492815,-77.452365065695,https://bellesummitapts.loftliving.com/support/pincode
411 Bainbridge Street,Richmond,VA,37.525814801524,-77.43873896258,https://oll-leasing.loftliving.com/oll/?siteId=5272900&MoveInDate=05/18/2026&UnitId=59&oll-source-attribution=apartments.com
3537 TOWNE POINT RD,Chesapeake,VA,36.865894536766,-76.399985900278,https://oll-leasing.loftliving.com/oll/?siteId=4973271&MoveInDate=09/14/2026&UnitId=216&oll-source-attribution=apartments.com
Apartment,Chesapeake,VA,36.734891442692,-76.243228624729,https://oll-leasing.loftliving.com/oll/?siteId=5582486&MoveInDate=09/15/2026&UnitId=39&oll-source-attribution=apartments.com
Eaton Square Apartments,Alexandria,VA,38.843117637284,-77.06923688402,https://eatonsquareapartments.loftliving.com/support/pincode
Meadow Woods Apartments,Alexandria,VA,38.759442435351,-77.086885634796,https://meadowwoods.loftliving.com/support/pincode
9704 Clark Place,Manassas,VA,38.743485379102,-77.466893918126,https://oll-leasing.loftliving.com/oll/?siteid=5139447
2423 Menokin Drive,Alexandria,VA,38.83055390166,-77.096807285346,https://oll-leasing.loftliving.com/oll/?siteId=5410358&MoveInDate=08/08/2026&UnitId=220&oll-source-attribution=apartments.com
5250 Duke Street,Alexandria,VA,38.812444629974,-77.123347821794,https://oll-leasing.loftliving.com/oll/?siteId=5527327&MoveInDate=08/26/2026&UnitId=375&oll-source-attribution=apartments.com
The Apartments At Spence Crossing,Virginia Beach,VA,36.786827621383,-76.112827649886,https://theapartmentsatspencecrossing.loftliving.com/support/pincode
4705 Windsong Dr,Virginia Beach,VA,36.910820453258,-76.132533584568,https://oll-leasing.loftliving.com/oll/?siteId=5562856&MoveInDate=06/03/2026&UnitId=27&oll-source-attribution=apartments.com
Waterford Apartments,Virginia Beach,VA,36.905811527092,-76.179225822387,https://oll-leasing.loftliving.com/oll/?siteId=5107573&MoveInDate=09/10/2026&UnitId=40&oll-source-attribution=apartments.com
624 Suhtai Court,Virginia Beach,VA,36.849294060207,-76.016031241789,https://oll-leasing.loftliving.com/oll/?siteId=4968943&MoveInDate=07/04/2026&UnitId=102&oll-source-attribution=apartments.com
Apartments,Virginia Beach,VA,36.769972342854,-76.193920040861,https://oll-leasing.loftliving.com/oll/?siteId=5312662&MoveInDate=11/20/2026&UnitId=131&oll-source-attribution=apartments.com
450 Boush Street,Norfolk,VA,36.852723158702,-76.290533496009,https://oll-leasing.loftliving.com/oll/?siteId=5307899&MoveInDate=10/06/2026&UnitId=118&oll-source-attribution=apartments.com
8600 Glen Myrtle Avenue,Norfolk,VA,36.930628109619,-76.312766927811,https://oll-leasing.loftliving.com/oll/?siteId=4973427&MoveInDate=11/12/2026&UnitId=543&oll-source-attribution=apartments.com
Kilborough Apartments,Columbus,OH,40.107519877211,-82.970831008229,https://kilboroughapartments.loftliving.com/support/pincode
5399 Coachman Road,Columbus,OH,40.066650951777,-83.079651549631,https://oll-leasing.loftliving.com/oll/?siteId=4975870&MoveInDate=12/25/2027&UnitId=145&oll-source-attribution=apartments.com
220 Vine Street,Columbus,OH,40.132345255274,-82.928813532526,https://oll-leasing.loftliving.com/oll/?siteId=5397463&MoveInDate=09/08/2026&UnitId=76&oll-source-attribution=apartments.com
7331 Skyline Dr E,Columbus,OH,40.106665648229,-83.080658059155,https://oll-leasing.loftliving.com/oll/?siteId=4958377&MoveInDate=09/19/2026&UnitId=55&oll-source-attribution=apartments.com
Two Marquette Place,Marquette,MI,46.546331448213,-87.380162094187,https://twomarquetteplace.loftliving.com/login
Need an Account?,Cleveland,OH,41.499415528527,-81.706090437214,https://flatsateastbank.loftliving.com/support/pincode
425 LITERARY RD,Cleveland,OH,41.48412286138,-81.683505292473,https://oll-leasing.loftliving.com/oll/?siteId=4732837&MoveInDate=01/31/2026&UnitId=74&oll-source-attribution=apartments.com
Infinity at Centerville Crossing,Virginia Beach,VA,36.7717093,-76.1882484,https://infinityatcentervillecrossing.loftliving.com
150 Arbors Circle,Gahanna,OH,40.006064885432,-82.86353323503,https://oll-leasing.loftliving.com/oll/?siteId=4962887&MoveInDate=04/16/2026&UnitId=17&oll-source-attribution=apartments.com
Cambridge House Apartments,Dayton,OH,39.770081394915,-84.216560993185,https://cambridgehouseapartments.loftliving.com/
Whitmore Arms Apartments,Dayton,OH,39.751047695377,-84.262573474064,https://whitmorearmsapartments.activebuilding.com/login
Apartments,Reynoldsburg,OH,39.941611183665,-82.794603320783,https://oll-leasing.loftliving.com/oll/?siteId=4984625&MoveInDate=10/09/2026&UnitId=163&oll-source-attribution=apartments.com
Mason Oliver,Phoenix,AZ,33.448120126096,-112.056346961462,https://masonoliverapartments.loftliving.com/support/pincode
Luxury Apartments,Phoenix,AZ,33.640386202427,-112.058299137092,https://oll-leasing.loftliving.com/oll/?siteId=4936038&MoveInDate=09/10/2026&UnitId=226&oll-source-attribution=apartments.com
20401 North 19th Avenue,Phoenix,AZ,33.670488,-112.0963362,https://oll-leasing.loftliving.com/oll/?siteId=4531024&MoveInDate=10/17/2026&UnitId=176&oll-source-attribution=apartments.com
44 W Monroe Street,Phoenix,AZ,33.450411179723,-112.074392069629,https://oll-leasing.loftliving.com/oll/?siteId=5340538&MoveInDate=09/11/2026&UnitId=29&oll-source-attribution=apartments.com
14435 S 48th St,Phoenix,AZ,33.313743983254,-111.980328641717,https://oll-leasing.loftliving.com/oll/?siteId=4446541&MoveInDate=05/30/2026&UnitId=171&oll-source-attribution=apartments.com
2323 East Apache Boulevard,Tempe,AZ,33.414741582158,-111.888116135951,https://oll-leasing.loftliving.com/oll/?siteId=4698380&MoveInDate=09/09/2026&UnitId=301&oll-source-attribution=apartments.com
1311 West Baseline Road,Tempe,AZ,33.378192590822,-111.958388270239,https://oll-leasing.loftliving.com/oll/?siteId=4639060&MoveInDate=09/04/2026&UnitId=242&oll-source-attribution=apartments.com
1811 E APACHE BLVD,Tempe,AZ,33.414714583208,-111.908249618612,https://oll-leasing.loftliving.com/oll/?siteId=4994510&MoveInDate=08/21/2026&UnitId=43&oll-source-attribution=apartments.com
2100 North Scottsdale Road,Tempe,AZ,33.4521147,-111.926939,https://oll-leasing.loftliving.com/oll/?siteId=4998445&MoveInDate=08/15/2026&UnitId=29&oll-source-attribution=apartments.com
The Cortesian Apartments,Scottsdale,AZ,33.502104571549,-111.914285719628,https://liveatcortesian.loftliving.com/support/pincode
11545 North Frank Lloyd Wright Boulevard,Scottsdale,AZ,33.590123612452,-111.83694295406,https://oll-leasing.loftliving.com/oll/?siteId=4854366&MoveInDate=09/18/2026&UnitId=105&oll-source-attribution=apartments.com
8275 East Bell Road,Scottsdale,AZ,33.64008477687,-111.903026151928,https://oll-leasing.loftliving.com/oll/?siteId=4934624&MoveInDate=06/11/2026&UnitId=248&oll-source-attribution=apartments.com
7749 East Camelback Road,Scottsdale,AZ,33.502104571549,-111.914285719628,https://oll-leasing.loftliving.com/oll/?siteId=4531557&MoveInDate=09/30/2026&UnitId=226&oll-source-attribution=apartments.com
6601 East McDowell Road,Scottsdale,AZ,33.465519577824,-111.93854082457,https://oll-leasing.loftliving.com/oll/?siteId=4920337&MoveInDate=09/29/2026&UnitId=168&oll-source-attribution=apartments.com
870 South Sarival Avenue,Goodyear,AZ,33.439444571118,-112.409508578505,https://oll-leasing.loftliving.com/oll/?siteId=5407842&MoveInDate=05/16/2025&UnitId=39&oll-source-attribution=apartments.com
2999 South Estrella Parkway,Goodyear,AZ,33.417331199457,-112.392068777602,https://oll-leasing.loftliving.com/oll/?siteId=5101578&MoveInDate=05/30/2026&UnitId=182&oll-source-attribution=apartments.com
Douglas,Goodyear,AZ,33.449892897557,-112.37705317253,https://oll-leasing.loftliving.com/oll/?siteId=5354144&MoveInDate=01/19/2026&UnitId=270&oll-source-attribution=apartments.com
3319 East University Drive,Mesa,AZ,33.422670574396,-111.759803192904,https://oll-leasing.loftliving.com/oll/?siteId=1187575&MoveInDate=09/25/2026&UnitId=243&oll-source-attribution=apartments.com
1361 S. Greenfield Rd,Mesa,AZ,33.3983851,-111.7364911,https://oll-leasing.loftliving.com/oll/?siteId=4522580&MoveInDate=09/07/2026&UnitId=184&oll-source-attribution=apartments.com
5210 East Hampton Avenue,Mesa,AZ,33.390295168147,-111.71917375378,https://oll-leasing.loftliving.com/oll/?siteId=4936039&MoveInDate=07/29/2026&UnitId=255&oll-source-attribution=apartments.com
Talavera Apartments,Tucson,AZ,32.279321415199,-110.994126510785,https://talaveraapartments.loftliving.com/support/pincode
Park Apartments,Homestead,FL,25.501101572633,-80.436988835009,https://liveatparkapartments.loftliving.com/login
8150 North La Cholla Boulevard,Tucson,AZ,32.2282432,-111.0117405,https://oll-leasing.loftliving.com/oll/?siteId=5495587&MoveInDate=03/26/2026&UnitId=44&oll-source-attribution=apartments.com
7425 North Mona Lisa Road,Tucson,AZ,32.340910895482,-111.020548188939,https://oll-leasing.loftliving.com/oll/?siteId=4860170&MoveInDate=05/29/2026&UnitId=302&oll-source-attribution=apartments.com
8820 West Bell Road 158,Peoria,AZ,33.638179992878,-112.24982316668,https://oll-leasing.loftliving.com/oll/?siteId=4893429&MoveInDate=05/06/2026&UnitId=144&oll-source-attribution=apartments.com
5020 West Peoria Avenue,Glendale,AZ,33.581986165326,-112.166791891163,https://oll-leasing.loftliving.com/oll/?siteId=4967114&MoveInDate=08/08/2026&UnitId=63&oll-source-attribution=apartments.com
3700 East Williams Field Road,Gilbert,AZ,33.307072179292,-111.712407005818,https://oll-leasing.loftliving.com/oll/?siteId=4703931&MoveInDate=06/06/2026&UnitId=46&oll-source-attribution=apartments.com
Apartments,Gilbert,AZ,33.335865636431,-111.711735287764,https://oll-leasing.loftliving.com/oll/?siteId=5462105&MoveInDate=02/09/2026&UnitId=354&oll-source-attribution=apartments.com
2617-,Madison,WI,43.034529311262,-89.38492457132,https://thealexanderpheasantridge.loftliving.com/support/pincode
Avenue Square Apartments,Madison,WI,43.118761335052,-89.356100984122,https://avenuesquareapartment.loftliving.com/support/pincode
Need an Account?,Madison,WI,43.100126934033,-89.260607235114,https://meadowlandsapts.loftliving.com/support/pincode
The Andre Apartments,Madison,WI,43.097653326595,-89.350730730764,https://theandreapartments.loftliving.com/support/pincode
Eagle Harbor Apartments,Madison,WI,43.11497779252,-89.320637185425,https://eagleharborapartments.loftliving.com/support/pincode
Knoxville High Apartments,Knoxville,TN,35.97376680216,-83.921234091573,https://knoxvillehighapartments.loftliving.com/
Apartments,Knoxville,TN,35.951870339312,-84.166184804781,https://oll-leasing.loftliving.com/oll/?siteId=4308046&MoveInDate=09/04/2026&UnitId=1&oll-source-attribution=apartments.com
137 W Concord Dr Apt A,Clarksville,TN,36.568155292811,-87.407557883551,https://oll-leasing.loftliving.com/oll/?siteId=5325902&MoveInDate=09/15/2026&UnitId=57&oll-source-attribution=apartments.com
6001 hughes crossing,Franklin,TN,35.862575,-86.8447782,https://oll-leasing.loftliving.com/oll/?siteId=4771273&MoveInDate=08/17/2026&UnitId=196&oll-source-attribution=apartments.com
The Lofts at Rose Monte Townhomes,Nashville,TN,36.041245066459,-86.720820119427,https://theloftsatrosemontetownhomes.activebuilding.com/login
Vintage Gateway Apartments,Murfreesboro,TN,35.8560167,-86.4355353,https://vintagegatewayapts.loftliving.com/support/pincode
3237 Memorial Boulevard,Murfreesboro,TN,35.903064254737,-86.383721863818,https://oll-leasing.loftliving.com/oll/?siteId=4810270&MoveInDate=08/14/2026&UnitId=267&oll-source-attribution=apartments.com
Vintage at the Avenue Apartments,Murfreesboro,TN,35.863448682314,-86.450276156364,https://vintageattheavenueapartments.loftliving.com/support/pincode
3833 Manson Pike,Murfreesboro,TN,35.872475805815,-86.472513991356,https://oll-leasing.loftliving.com/oll/?siteId=4938950&MoveInDate=07/07/2026&UnitId=19&oll-source-attribution=apartments.com
1045 Fisk Road,Cookeville,TN,36.178214400083,-85.48029985665,https://oll-leasing.loftliving.com/oll/?siteId=5325948&MoveInDate=09/11/2026&UnitId=79&oll-source-attribution=apartments.com
Dodson Ave Apartments,Chattanooga,TN,35.040001247252,-85.266608397296,https://dodsonaveapartments.loftliving.com/support/pincode
33 Borough Apartments,Chattanooga,TN,,,https://33boroughapartments.loftliving.com/support/pincode
1717 Whiteoak Road,Chattanooga,TN,35.083815427005,-85.299923898719,https://oll-leasing.loftliving.com/oll/?siteId=5325958&MoveInDate=07/13/2026&UnitId=31&oll-source-attribution=apartments.com
1521 Hickory Valley Rd,Chattanooga,TN,35.023947812768,-85.178382578818,https://oll-leasing.loftliving.com/oll/?siteId=5325955&MoveInDate=11/18/2026&UnitId=3&oll-source-attribution=apartments.com
325 E 300 S,Salt Lake City,UT,40.762887257544,-111.881762170966,https://oll-leasing.loftliving.com/oll/?siteId=5467308&MoveInDate=05/13/2026&UnitId=21&oll-source-attribution=apartments.com
89 East 200 South,Salt Lake City,UT,40.765056257823,-111.888426092571,https://oll-leasing.loftliving.com/oll/?siteId=5340525&MoveInDate=10/09/2026&UnitId=91&oll-source-attribution=apartments.com
360 West 200 South,Salt Lake City,UT,40.765056258838,-111.901405524178,https://oll-leasing.loftliving.com/oll/?siteId=5371692&MoveInDate=09/15/2025&UnitId=125&oll-source-attribution=apartments.com
3354 Jordan Line Parkway,West Jordan,UT,40.59339339969,-111.971175210235,https://oll-leasing.loftliving.com/oll/?siteId=4531014&MoveInDate=10/11/2026&UnitId=242&oll-source-attribution=apartments.com
