apt_id,owner,website_confidence,unknown_reason,sale_date,sale_new_owner,sale_previous_owner,lead_rank,lead_total_leads,lead_why
2615335,5765 BOZEMAN (TX) OWNER LP,none,no-portal-link,,,,,,
2096027,TX APT 8205 TOWNE MAIN DRIVE LP,high,in-house-portal,,,,,,
2047952,SREIT GIO APARTMENTS LLC,none,no-website,,,,,,
2544026,UDR LEGACY VILLAGE LLC,high,,,,,,,
2750390,LW OWNER 1 LLC,high,,2025-04-28,LW OWNER 1 LLC,unknown (same owner name in 2025 roll),22,65,Sold Apr 2025 to LW OWNER 1 LLC · 621 units · on Yardi → new owner may re-pick software.
2143049,CUSTER TX PARTNERS LLC,high,in-house-portal,,,,,,
2929400,BEACON SQUARE ASSOCIATION INC &,low,no-website,,,,,,
2652395,ESTANCIA APARTMENT PARTNERS,high,,,,,,,
2111968,MID-AMERICA APARTMENTS LP,high,,,,,,,
1503260,NSCC CREEKSIDE 12B LLC,high,,,,,,,
2095999,CH REALTY X MF PLANO 23 HUNDRED LP,high,no-portal-link,2025-06-26,CH REALTY X MF PLANO 23 HUNDRED LP,23HUNDRED AT RIDGEVIEW LP,11,75,Sold Jun 2025 · 480 units · software not yet identified → new owner may re-pick software.
357054,PLANO PUBLIC FACILITY CORPORATION,high,,,,,,,
2557400,AG-HILLTOP WINDHAVEN PROPERTY OWNER LP,high,,,,,,,
2544628,SAXONY AT CHASE OAKS PARTNERSHIP,high,,,,,,,
1986344,WESTDALE LA COSTA TX LP,none,no-website,,,,,,
1988024,BEAUMEADE EVOKE LLC &,high,,,,,,,
2571959,MAALP MARKET CENTER LLC,high,,,,,,,
2107994,WRPV XIV MG PLANO LP &,high,,,,,,,
1708003,RRE BRENTDALE HOLDINGS LLC,high,,,,,,,
2006652,FRANKEL FAMILY TRUST THE,high,,,,,,,
2646098,MFREVF V - PLANO LP,low,no-website,,MFREVF V - PLANO LP,RIACHI RIDGEVIEW APARTMENTS LLC,16,70,Owner changed to MFREVF V - PLANO LP · 402 units · software not yet identified → new owner may re-pick software.
2785825,IMP METRO WEST LLC,high,,,,,,,
2614633,KV TRIBECA APARTMENTS LLC,high,,,,,,,
2581386,CREEKWOOD SPRINGCREEK DEVELOPMENT LP,high,,,,,,,
1627494,PECOS HOUSING FINANCE CORPORATION,high,,2025-04-01,PECOS HOUSING FINANCE CORPORATION,unknown (same owner name in 2025 roll),24,64,Sold Apr 2025 to PECOS HOUSING FINANCE CORPORATION · 389 units · on ResMan → new owner may re-pick software.
2739046,TRG BUSH TURNPIKE LP,high,,,,,,,
2763841,PLANO PUBLIC FACILITY CORPORATION,none,no-website,,,,,,
2058512,KEY CREEKSIDE LLC,high,,2024-09-26,KEY CREEKSIDE LLC,unknown (same owner name in 2025 roll),26,63,Sold Sep 2024 to KEY CREEKSIDE LLC · 380 units · on RealPage → new owner may re-pick software.
2861988,TB PLANO 1 LLC,high,,,,,,,
2023604,PLANO PUBLIC FACILITY CORPORATION,high,,,,,,,
1771372,PLANO PUBLIC FACILITY CORPORATION,high,,,,,,,
2028165,DALLAS BENTLEY I LP &,high,,,,,,,
2058800,1201 PARK PLANO ASSOCIATES LLC,high,,,,,,,
2039201,TREA CARRINGTON PARK LLC,high,,,,,,,
2895746,COLUMBIA LEGACY SQUARE LP,high,,,,,,,
1708628,H20 WATERFORD 12C LLC,high,,,,,,,
2924684,PLANO HOUSING AUTHORITY,high,,,,,,,
2058069,701 LEGACY DRIVE SPE LLC &,high,,2025-09-29,701 LEGACY DRIVE SPE LLC,unknown (same owner name in 2025 roll),19,67,Sold Sep 2025 to 701 LEGACY DRIVE SPE LLC · 346 units · on Yardi → new owner may re-pick software.
2053077,JANRIC ENTERPRISES LTD,high,,,,,,,
2006888,1100 MEREDITH LANE INC,high,,,,,,,
2929495,HERITAGE CREEKSIDE BLOCK A1 OWNER LLC,high,,,,,,,
2097508,JLLX VILLAS AT LEGACY DST,high,,,,,,,
2805254,NE WEST LEGACY LP,high,,,,,,,
2002288,PLANO PUBLIC FACILITY CORPORATION,high,,,,,,,
2779499,BRIDGE AT HERITAGE CREEKSIDE I LLC THE,high,,,,,,,
2908642,HERITAGE CREEKSIDE BLOCK B OWNER LLC,high,,,HERITAGE CREEKSIDE BLOCK B OWNER LLC,RPC WALNUT LLC,31,53,Owner changed to HERITAGE CREEKSIDE BLOCK B OWNER LLC · 326 units · on RealPage → new owner may re-pick software.
356947,TRG NORTHLINE LP,high,,,,,,,
2069317,LA VENTURA PLANO LLC,high,no-portal-link,,,,,,
2504520,HEITMAN CREDIT ACQUISITION XL LP,high,,,HEITMAN CREDIT ACQUISITION XL LP,SRGMF IV INDEPENDENCE PLANO LLC,32,52,Owner changed to HEITMAN CREDIT ACQUISITION XL LP · 324 units · on Yardi → new owner may re-pick software.
2543479,COTTONWOOD COURTNEY MANOR H LLC &,high,,,,,,,
2672947,BELL VALUE-ADD FUND VIII GATEWAY LP,high,,,,,,,
2628294,FAIRFIELD HUNTINGTON LP,none,no-website,,,,,,
2571968,MID-AMERICA APARTMENTS LP,none,no-website,,,,,,
2945424,PARK RESIDENCES PLANO WEST LLC,high,,2026-03-12,PARK RESIDENCES PLANO WEST LLC,BSPV-PLANO LLC,23,64,Sold Mar 2026 to PARK RESIDENCES PLANO WEST LLC · 318 units · on Yardi → new owner may re-pick software.
1963481,PLANO PUBLIC FACILITY CORPORATION,high,no-portal-link,,,,,,
2666205,5765 BOZEMAN (TX) OWNER LP,high,no-portal-link,,,,,,
2763842,PLANO PUBLIC FACILITY CORPORATION,none,no-website,,,,,,
2787666,PLANO PUBLIC FACILITY CORPORATION,high,,,,,,,
1976049,SIMFA LAKESHORE FEE SIMPLE LLC,high,,2024-09-26,SIMFA LAKESHORE FEE SIMPLE LLC,unknown (same owner name in 2025 roll),30,55,Sold Sep 2024 to SIMFA LAKESHORE FEE SIMPLE LLC · 302 units · on Yardi → new owner may re-pick software.
2070489,SPRING CREEK FEE OWNER LLC,high,no-portal-link,,,,,,
2073802,SAGAR EDGE MASTER LLC,high,,,,,,,
2560139,APARTMENTS AXIS SPE LLC &,high,no-portal-link,,APARTMENTS AXIS SPE LLC,BES AXIS PLANO FUND XI LLC & BES AXIS PLANO FUND XII LLC,28,60,Owner changed to APARTMENTS AXIS SPE LLC · 300 units · software not yet identified → new owner may re-pick software.
2786868,KINCAID AT LEGACY TEXAS LLC,high,,,,,,,
1824574,PLANO PUBLIC FACILITY CORPORATION,none,no-website,,,,,,
2843992,5765 BOZEMAN (TX) OWNER LP,high,no-portal-link,,,,,,
1571757,ANNE MAYA - PLANO LLC &,high,,,,,,,
2084407,RAR PLANO LLC,high,,,,,,,
2818383,ALTA 289 LLC,high,,,,,,,
1268247,FOX PARTNERS LLC,high,,,,,,,
2712754,TR JUNCTION 15 LLC,high,no-portal-link,,,,,,
1503117,SPRING CREEK 278 LLC,low,no-website,2025-06-24,SPRING CREEK 278 LLC,unknown (same owner name in 2025 roll),25,63,Sold Jun 2025 to SPRING CREEK 278 LLC · 278 units · software not yet identified → new owner may re-pick software.
113282,6400 INDEPENDENCE PLANO LLC,high,,,,,,,
2039198,2009 COLP COMMUNITY OWNER LLC,high,,,,,,,
2047307,RJW PRESTONWOOD HILLS LP,high,,,,,,,
2091841,MAINSTAY LEGACY PLANO LP,high,,,,,,,
2932770,GRAYCO PLANO INVESTMENT 2022 LP,high,,,,,,,
1971215,CWS BELL LP & CWS WWL LEGACY LP,high,,,,,,,
1971235,BRISTLECONE TEXAS LTD,high,,,,,,,
179611,LURIN REAL ESTATE HOLDINGS LXIII LLC,high,no-portal-link,,,,,,
2041713,S2 PRESTON PARK LP,high,,2026-07-08,S2 PRESTON PARK LP,unknown (same owner name in 2025 roll),9,77,Sold Jul 2026 to S2 PRESTON PARK LP · 266 units · on Yardi → new owner may re-pick software.
2071041,PLANO GFPG LLC,high,no-portal-link,,,,,,
2686924,PPF AMLI WEST PLANO VILLAGE LP,high,,,,,,,
2858142,PROMONTORY RESIDENTIAL LP,high,,,,,,,
94855,FAIRWAY GARDENS LP,high,,,,,,,
2116704,UDR LEGACY VILLAGE LLC,high,,,,,,,
2672946,BELL VALUE-ADD FUND VIII GATEWAY LP,high,no-portal-link,,,,,,
2672945,BELL VALUE-ADD FUND VIII GATEWAY LP,high,,,,,,,
2544000,BEL AIR MULTI 50 LLC &,high,,,,,,,
1935918,WWC CHASE OAKS LP,high,,,,,,,
2556799,PWA-PLANO INDEPENDENCE SENIOR COMMUNITY LP,high,,,,,,,
2595347,EQR-KIA ORA PARK LP,none,no-website,,,,,,
2122987,COVEY PLANO LP,high,,,,,,,
1623283,CORNERSTONE LEGACY LP,high,,,,,,,
1972919,PROPERTY RESERVE INC,none,no-website,,,,,,
2031654,GARDEN GATE PL ACQUISITION LP,high,,,,,,,
2031655,CAMDEN OPERATING LP,high,,,,,,,
2084397,PASKIN PROPERTIES - 4640 HEDGECOXE LLC &,high,,,,,,,
2582787,UNIFIED HOUSING OF CHASE OAKS LLC,high,,,,,,,
2614632,KV ENCORE APARTMENTS LLC,high,,,,,,,
92688,PRICEBLU CUSTER LLC,high,,,,,,,
365483,CLOVER WOODLANDS PLANO OWNER LLC,high,,,CLOVER WOODLANDS PLANO OWNER LLC,THURMAN WOODLANDS LP,38,43,Owner changed to CLOVER WOODLANDS PLANO OWNER LLC · 232 units · on RealPage → new owner may re-pick software.
2120057,TOWNS OF CHAPEL HILL APTS LP,high,,,,,,,
1716655,WINSTON GT HOLDINGS LP &,high,no-portal-link,2026-06-24,WINSTON GT HOLDINGS LP,PECOS HOUSING FINANCE CORPORATION,7,83,Sold Jun 2026 to WINSTON GT HOLDINGS LP · 229 units · software not yet identified → new owner may re-pick software.
2900849,PLANO HOUSING AUTHORITY,high,,,,,,,
1989159,PRESTON OLD SHEPARD TITLEHOLDER LLC,high,,,,,,,
2632167,CONSERVATORY SENIOR HOUSING AT CHAMPION FOREST LP & ETAL,high,no-portal-link,,,,,,
1747603,HOP BORROWER LLC,high,,,,,,,
2116749,MAA WWARRS LLC,high,,,,,,,
2631255,VTR PLANO LLC,high,no-portal-link,,,,,,
2846017,LUXIA PRESTON LLC,high,,,,,,,
2843990,5765 BOZEMAN (TX) OWNER LP,high,no-portal-link,,,,,,
287594,INDEPENDENCE RES LLC,high,no-portal-link,,,,,,
2097518,PEBBLE CREEK GARDENS LP,high,,,,,,,
2109636,SPRING CREEK GARDENS LP,high,,,,,,,
1511233,HARVESTREE OWNER LLC,high,,2025-08-01,HARVESTREE OWNER LLC,HARVESTREE APARTMENTS LLC,36,45,Sold Aug 2025 to HARVESTREE OWNER LLC · 204 units · on Yardi → new owner may re-pick software.
1515006,MID-AMERICA APARTMENTS LP,high,,,,,,,
1974850,WELLINGTON APARTMENTS UI LLC & DEMING CENTRAL WELLINGTON LLC &,high,,,,,,,
134633,BUMPUS DONALD R GRANTOR TRUST THE,high,,,,,,,
2802245,TIMBERS PLANO PARTNERS LLC - ETAL,high,,,,,,,
1580300,PRICE GREENBRIAR PLANO LLC,high,,,,,,,
2132903,HERITAGE AT LAKESIDE PROPERTY OWNER LLC,high,,,,,,,
2092539,GP-RPC LIVINGSTON LLC,high,,,,,,,
2953639,MARIPOSA COMMUNICATIONS PARKWAY LP,high,,,,,,,
2820374,CSH PLANO ACT LLC,high,,2026-07-17,CSH PLANO ACT LLC,unknown (same owner name in 2025 roll),17,68,Sold Jul 2026 to CSH PLANO ACT LLC · 178 units · on Entrata → new owner may re-pick software.
2734943,LW RESIDENTIAL PARTNERS LP,high,,2025-04-22,LW RESIDENTIAL PARTNERS LP,unknown (same owner name in 2025 roll),37,43,Sold Apr 2025 to LW RESIDENTIAL PARTNERS LP · 175 units · on Yardi → new owner may re-pick software.
2116750,MAA WWARRS LLC,low,no-website,,,,,,
2710065,DHC HYB SLC PROPERTIES LLC,high,,2025-09-26,DHC HYB SLC PROPERTIES LLC,SNH SE PROPERTIES TRUST,33,49,Sold Sep 2025 to DHC HYB SLC PROPERTIES LLC · 168 units · on Entrata → new owner may re-pick software.
2027278,RC CALVIN LLC,high,,2024-12-13,RC CALVIN LLC,unknown (same owner name in 2025 roll),39,42,Sold Dec 2024 to RC CALVIN LLC · 167 units · on AppFolio → new owner may re-pick software.
2808931,LW OWNER 2 LLC,high,,2025-04-28,LW OWNER 2 LLC,unknown (same owner name in 2025 roll),40,41,Sold Apr 2025 to LW OWNER 2 LLC · 161 units · on Yardi → new owner may re-pick software.
26251,TOWNBLUFF RES LLC,high,no-portal-link,,,,,,
1747612,HOP BORROWER LLC,low,no-website,,,,,,
269792,PLANO PUBLIC FACILITY CORPORATION,high,,,,,,,
1708744,PARK SPRINGS TEXAS LLC,high,,,,,,,
2936294,PLANO OWNER LLC,medium,no-portal-link,,,,,,
2545145,PECAN PUBLIC FACILITY CORPORATION,high,,,,,,,
21924,1001 CHISHOLM LLC,high,,,,,,,
21157,URBAN HIGH POINT LP,high,,,,,,,
1640889,WINDSOR PLACE EQUITY ENTERPRISES LLC,high,,,,,,,
2654207,ASHLEY PARK TOWNHOMES LLC,high,,,,,,,
2843129,PLANO FAMILY 001 LP,high,no-portal-link,,,,,,
2115198,TRIAD SENIOR LIVING II LP,high,no-portal-link,,,,,,
2873065,TWIN RIVERS AT COLLIN CREEK LTD,high,no-portal-link,,,,,,
2107914,M N PLANO LTD,high,,,,,,,
148646,ALTA VISTA APARTMENTS & TJFL LEGACY LP,high,,2025-02-07,ALTA VISTA APARTMENTS & TJFL LEGACY LP,unknown (same owner name in 2025 roll),41,38,Sold Feb 2025 to ALTA VISTA APARTMENTS & TJFL LEGACY LP · 133 units · on RealPage → new owner may re-pick software.
2107892,NEVADA VI GD LLC,high,,,,,,,
2572901,PECAN PUBLIC FACILITY CORPORATION,high,,,,,,,
2721330,STARBOARD PREMIER DST,high,,,,,,,
2069471,WINTERFELL COTTONWOOD (TX) OWNER LLC,high,no-portal-link,,,,,,
2873533,GALA AT PREMIER LP,high,,,,,,,
148655,VDS EAT LLC,high,,,,,,,
2683019,UHF TUSCANY VILLAS HOUSING LP,high,,,,,,,
2803398,TTEP AMBER VISTA LLC,high,,,,,,,
13310,SHILOH PARK TOWNHOMES LLC,high,no-portal-link,,,,,,
1524318,COBBLESTONE CONDOS 71 LP,high,no-portal-link,,,,,,
1808832,AMELIA 77 LLC,high,,2025-05-03,AMELIA 77 LLC,unknown (same owner name in 2025 roll),42,32,Sold May 2025 to AMELIA 77 LLC · 70 units · on ResMan → new owner may re-pick software.
2567179,UDR LEGACY VILLAGE LLC,high,,,,,,,
769,VDS EAT LLC,low,no-website,,,,,,
2856761,2016 OLD TOWN PLANO EAST LTD,low,no-website,,,,,,
2986934,MFREVF V - PLANO LP,high,,,,,,,
354556,PLEASANT PARK APTS LLC,high,no-portal-link,,,,,,
180271,HIH COURTYARD LLC,high,no-portal-link,,,,,,
1764969,SILVERWOOD TOWNHOUSES INC,low,no-website,,,,,,
163325,BELLEVIEW PLACE LLC,low,no-website,,,,,,
2820598,BLESSINGS HOME LLC,high,,,,,,,
84143,OHIO PLAZA LLC,low,no-website,,,,,,
163334,BELLEVIEW PLACE LLC,high,,,,,,,
84125,OHIO PLAZA LLC,high,,,,,,,
1571819,CY TOWNHOMES LLC,high,,,,,,,
2039505,WATERVIEW MARQUIS LP &,high,,,,,,,
2039698,PRAIRIE CREEK APTS LLC,high,in-house-portal,,,,,,
2751130,JDFW (RESERVE) LLC,high,,,,,,,
2117157,SOUTHWEST CLEARWATER CREEK PARTNERS LP,none,no-website,,,,,,
2748103,TREA ROUTH CREEK TX OWNER LP,high,,2026-06-11,TREA ROUTH CREEK TX OWNER LP,JDFW (VANTAGE) LLC,8,80,Sold Jun 2026 to TREA ROUTH CREEK TX OWNER LP · 420 units · on Yardi → new owner may re-pick software.
2770320,CF JAMES MULTIFAMILY DST,high,,,,,,,
2018601,OTR,high,,,,,,,
2832628,NORTHSIDE CAMPUS PARTNERS 4,high,,,,,,,
2645564,PBONE PRADERA LLC,high,,,,,,,
2696110,FRANKEL FAMILY TRUST,high,,,,,,,
2726690,SYNC CITYLINE LP,high,,,,,,,
2721394,AREIT DALLAS CITYLINE LLC,high,,2025-12-01,AREIT DALLAS CITYLINE LLC,unknown (same owner name in 2025 roll),18,67,Sold Dec 2025 to AREIT DALLAS CITYLINE LLC · 351 units · on Yardi → new owner may re-pick software.
2725292,LOFTS AT PALISADES LLC,high,,,,,,,
2758568,NORTHSIDE CAMPUS PARTNERS LP,high,,,,,,,
2786866,REGISTER RICHARDSON LLC THE,high,,,,,,,
2725278,IMP CITYLINE LLC,high,,,,,,,
2693848,PRICE STANDARD AT CITYLINE LP,high,,,,,,,
2776050,NORTHSIDE CAMPUS PARTNERS 2 LP,high,,,,,,,
2924643,GARLAND HOUSING FINANCE CORPORATION,high,,,,,,,
2811014,NORTHSIDE CAMPUS PARTNERS 3 LP,high,,,,,,,
1865440,D CANTERBURY LLC,high,no-portal-link,,,,,,
2739599,LYLA OWNER LLC,high,,,,,,,
2784362,BCF I CITYLINE LLC,high,,,,,,,
2707424,ANTHEM AT CITYLINE/PT-SPE LLC,high,,,,,,,
2725294,FLATS AT PALISADES LLC,high,,,,,,,
2058066,BRECKINRIDGE POINT TX LLC,high,,2025-06-13,BRECKINRIDGE POINT TX LLC,unknown (same owner name in 2025 roll),34,48,Sold Jun 2025 to BRECKINRIDGE POINT TX LLC · 226 units · on Yardi → new owner may re-pick software.
2058065,BRECKINRIDGE POINT TX LLC,high,,2025-06-13,BRECKINRIDGE POINT TX LLC,unknown (same owner name in 2025 roll),35,46,Sold Jun 2025 to BRECKINRIDGE POINT TX LLC · 214 units · on Yardi → new owner may re-pick software.
1615274,THE CAMERON COUNTY HOUSING FINANCE CORPORATION,none,no-website,2025-04-14,THE CAMERON COUNTY HOUSING FINANCE CORPORATION,unknown (same owner name in 2025 roll),29,56,Sold Apr 2025 to THE CAMERON COUNTY HOUSING FINANCE CORPORATION · 208 units · software not yet identified → new owner may re-pick software.
2784361,BCF I CITYLINE LLC,high,,,,,,,
2667180,EVERGREEN RICHARDSON SENIOR COMMUNITY LP,high,,,,,,,
2692418,CUSTER CREEKSIDE LLC,high,,,,,,,
2054151,VILLAGES RESIDENCES LP,high,,,,,,,
155691,ROLLING CASH ROYAL ARMS LP,high,,,,,,,
2693849,PRICE STANDARD AT CITYLINE LP,high,,,,,,,
220291,FOUNDATION APARTMENTS WAGERMAN LLC &,high,,,,,,,
2686978,MIYAMA USA DUCK CREEK INC,high,,,,,,,
